learner_category,avg_decision_time,time_variance,rushed_decisions,overthinking_count,overtime_count,avg_time_to_start,time_trend,total_answer_changes,backtrack_count,confidence_rating,questions_answered,skipped_questions,decision_style,accuracy_score,reflection_depth,self_awareness,learning_orientation,creativity_score
quick_careless,24.0,0.114,3,0,0,1.9,stable,0,2,9.2,7,0,impulsive,0.321,0.074,0.251,0.2,0.641
quick_careless,23.5,0.096,3,0,0,1.7,stable,0,0,8.6,7,0,impulsive,0.075,0.523,0.129,0.384,0.231
quick_careless,18.6,0.108,3,0,0,2.4,stable,1,0,7.7,7,0,impulsive,0.396,0.787,0.055,0.563,0.56
quick_careless,20.3,0.14,7,0,0,2.4,speeding_up,0,1,8.4,7,0,impulsive,0.35,0.204,0.038,0.3,0.164
quick_careless,21.2,0.132,3,0,0,1.4,stable,0,0,9.0,7,0,impulsive,0.232,0.162,0.069,0.219,0.16
quick_careless,20.7,0.153,4,0,0,1.2,stable,1,0,8.8,7,0,impulsive,0.321,0.422,0.374,0.35,0.177
quick_careless,26.6,0.087,4,0,0,1.4,stable,0,1,7.7,7,0,impulsive,0.217,0.461,0.098,0.395,0.308
quick_careless,21.7,0.086,5,0,0,1.0,speeding_up,2,0,8.7,7,0,impulsive,0.554,0.437,0.192,0.505,0.393
quick_careless,18.9,0.111,1,0,0,0.9,speeding_up,0,0,8.7,7,0,impulsive,0.185,0.125,0.337,0.185,0.118
quick_careless,21.5,0.14,2,0,0,2.2,speeding_up,2,1,10.0,7,0,impulsive,0.588,0.107,0.695,0.444,0.25
quick_careless,27.8,0.063,4,0,0,1.8,stable,1,0,8.1,7,0,impulsive,0.073,0.219,0.305,0.189,0.582
quick_careless,14.8,0.071,7,0,1,2.5,speeding_up,1,0,8.4,7,0,impulsive,0.407,0.07,0.357,0.34,0.546
quick_careless,21.4,0.087,3,0,0,1.6,stable,0,1,9.3,7,0,impulsive,0.349,0.172,0.241,0.267,0.34
quick_careless,24.0,0.124,3,0,1,1.9,speeding_up,2,0,8.4,7,0,impulsive,0.147,0.177,0.389,0.267,0.121
quick_careless,27.9,0.148,2,0,0,1.7,stable,1,0,8.7,7,0,impulsive,0.342,0.45,0.315,0.442,0.495
quick_careless,26.2,0.182,3,0,0,2.4,speeding_up,2,0,8.5,7,0,impulsive,0.454,0.032,0.585,0.294,0.515
quick_careless,25.2,0.109,5,0,0,1.0,speeding_up,0,0,7.5,7,0,impulsive,0.423,0.472,0.159,0.46,0.129
quick_careless,24.1,0.168,3,0,0,2.1,speeding_up,0,0,9.0,7,0,impulsive,0.688,0.516,0.126,0.529,0.414
quick_careless,19.4,0.089,5,0,0,1.6,speeding_up,1,0,7.7,7,0,impulsive,0.099,0.23,0.242,0.227,0.469
quick_careless,19.7,0.15,5,0,0,1.5,speeding_up,1,0,7.6,7,0,impulsive,0.092,0.81,0.134,0.469,0.135
quick_careless,22.4,0.14,3,0,0,2.6,speeding_up,2,0,8.2,7,0,impulsive,0.758,0.125,0.423,0.511,0.227
quick_careless,24.0,0.17,4,0,0,2.6,stable,0,1,8.7,7,0,impulsive,0.584,0.314,0.057,0.468,0.349
quick_careless,32.6,0.112,7,0,0,1.8,speeding_up,3,0,8.4,7,0,impulsive,0.578,0.182,0.013,0.396,0.447
quick_careless,11.2,0.118,4,0,0,1.7,speeding_up,2,0,7.5,7,0,impulsive,0.175,0.743,0.814,0.459,0.223
quick_careless,24.1,0.153,1,0,0,1.1,stable,1,0,9.0,7,0,impulsive,0.17,0.276,0.211,0.231,0.549
quick_careless,23.3,0.07,5,0,0,2.2,speeding_up,1,0,7.3,7,0,impulsive,0.49,0.5,0.092,0.473,0.141
quick_careless,24.1,0.185,4,0,0,2.6,speeding_up,0,0,8.5,7,0,impulsive,0.411,0.122,0.053,0.237,0.375
quick_careless,32.2,0.116,3,0,0,2.8,speeding_up,0,1,8.4,7,0,impulsive,0.127,0.102,0.325,0.233,0.284
quick_careless,22.5,0.138,7,0,0,1.7,speeding_up,0,0,7.6,7,0,impulsive,0.55,0.138,0.075,0.446,0.635
quick_careless,25.7,0.133,6,0,0,1.3,speeding_up,0,0,7.6,7,0,impulsive,0.312,0.438,0.305,0.373,0.58
quick_careless,24.2,0.095,1,0,1,2.5,stable,0,1,7.9,7,0,impulsive,0.583,0.204,0.275,0.413,0.505
quick_careless,29.2,0.099,7,0,0,1.9,stable,2,1,8.8,7,0,impulsive,0.325,0.381,0.253,0.384,0.339
quick_careless,25.0,0.066,4,0,1,2.4,stable,0,1,7.2,7,0,impulsive,0.359,0.034,0.377,0.172,0.713
quick_careless,20.4,0.071,3,0,0,1.7,stable,0,1,8.9,7,0,impulsive,0.487,0.424,0.296,0.5,0.498
quick_careless,24.9,0.138,2,0,1,2.1,stable,1,0,8.7,7,0,impulsive,0.232,0.058,0.203,0.237,0.06
quick_careless,21.9,0.097,3,0,0,2.6,speeding_up,0,0,9.1,7,0,impulsive,0.208,0.307,0.349,0.397,0.573
quick_careless,23.4,0.136,3,0,0,2.1,speeding_up,1,0,9.8,7,0,impulsive,0.508,0.069,0.37,0.325,0.374
quick_careless,20.1,0.183,3,0,0,1.0,stable,1,1,10.0,7,0,impulsive,0.658,0.345,0.313,0.54,0.291
quick_careless,10.6,0.166,3,0,0,0.9,speeding_up,1,1,8.5,7,0,impulsive,0.175,0.554,0.265,0.456,0.541
quick_careless,21.0,0.112,1,0,0,1.7,stable,0,0,7.6,7,0,impulsive,0.437,0.582,0.562,0.551,0.169
quick_careless,24.0,0.126,4,0,1,2.0,stable,1,0,9.7,7,0,impulsive,0.118,0.185,0.229,0.208,0.355
quick_careless,21.3,0.121,4,0,0,1.5,speeding_up,0,0,7.3,7,0,impulsive,0.34,0.188,0.217,0.298,0.62
quick_careless,23.6,0.112,2,0,0,2.1,speeding_up,1,0,9.6,7,0,impulsive,0.588,0.221,0.19,0.492,0.456
quick_careless,23.9,0.126,4,0,0,2.4,stable,0,0,8.2,7,0,impulsive,0.169,0.151,0.094,0.276,0.41
quick_careless,30.8,0.098,5,0,0,1.1,stable,2,0,8.9,7,0,impulsive,0.707,0.22,0.191,0.409,0.606
quick_careless,28.7,0.137,2,0,1,2.1,speeding_up,1,0,7.7,7,0,impulsive,0.148,0.142,0.267,0.264,0.297
quick_careless,17.7,0.084,3,0,0,1.2,stable,2,2,6.7,7,0,impulsive,0.184,0.292,0.123,0.414,0.407
quick_careless,20.8,0.094,3,0,0,2.1,speeding_up,0,1,8.3,7,0,impulsive,0.828,0.259,0.13,0.514,0.488
quick_careless,19.5,0.108,2,0,1,2.0,speeding_up,1,0,9.4,7,0,impulsive,0.161,0.275,0.505,0.274,0.295
quick_careless,24.3,0.125,3,0,0,1.3,speeding_up,1,0,7.7,7,0,impulsive,0.077,0.351,0.091,0.349,0.21
quick_careless,17.2,0.123,3,0,0,1.6,speeding_up,0,1,8.5,7,0,impulsive,0.227,0.099,0.367,0.214,0.659
quick_careless,21.0,0.173,2,0,1,2.1,stable,0,1,9.6,7,0,impulsive,0.531,0.383,0.076,0.457,0.416
quick_careless,25.4,0.097,7,0,0,2.0,stable,0,0,8.4,7,0,impulsive,0.486,0.448,0.135,0.467,0.479
quick_careless,17.1,0.112,5,0,0,1.4,stable,1,1,7.8,7,0,impulsive,0.638,0.163,0.033,0.531,0.654
quick_careless,20.8,0.125,7,0,0,1.5,speeding_up,0,1,8.5,7,0,impulsive,0.606,0.117,0.242,0.449,0.338
quick_careless,14.3,0.07,2,0,0,2.0,stable,0,0,8.7,7,0,impulsive,0.227,0.251,0.449,0.33,0.27
quick_careless,18.0,0.132,4,0,0,1.4,stable,0,0,7.7,7,0,impulsive,0.175,0.188,0.407,0.24,0.446
quick_careless,19.6,0.155,4,0,0,1.3,stable,1,0,8.1,7,0,impulsive,0.242,0.391,0.469,0.398,0.381
quick_careless,29.1,0.079,2,0,0,1.5,stable,0,0,8.4,7,0,impulsive,0.379,0.338,0.393,0.402,0.555
quick_careless,19.0,0.103,5,0,0,2.4,stable,1,1,8.8,7,0,impulsive,0.158,0.247,0.204,0.274,0.226
quick_careless,21.7,0.138,6,0,0,2.4,stable,1,0,10.0,7,0,impulsive,0.429,0.082,0.042,0.293,0.326
quick_careless,20.5,0.104,6,0,1,1.3,stable,0,0,9.4,7,0,impulsive,0.159,0.166,0.141,0.239,0.265
quick_careless,24.9,0.147,5,0,0,2.4,speeding_up,0,1,8.3,7,0,impulsive,0.27,0.422,0.315,0.395,0.186
quick_careless,29.4,0.111,0,0,0,1.6,speeding_up,1,0,9.2,7,0,impulsive,0.497,0.228,0.246,0.524,0.432
quick_careless,19.4,0.047,7,0,0,1.7,speeding_up,2,1,7.7,7,0,impulsive,0.231,0.178,0.088,0.248,0.648
quick_careless,19.0,0.133,4,0,0,2.5,speeding_up,0,0,8.4,7,0,impulsive,0.591,0.067,0.395,0.408,0.274
quick_careless,18.7,0.032,2,0,0,2.1,stable,1,0,8.3,7,0,impulsive,0.296,0.35,0.08,0.382,0.099
quick_careless,25.4,0.194,5,0,0,1.4,stable,0,0,6.9,7,0,impulsive,0.398,0.574,0.148,0.448,0.814
quick_careless,15.5,0.171,4,0,0,1.8,stable,0,0,8.0,7,0,impulsive,0.371,0.13,0.407,0.241,0.352
quick_careless,22.6,0.189,4,0,0,2.9,speeding_up,0,0,8.4,7,0,impulsive,0.56,0.329,0.255,0.468,0.363
quick_careless,23.9,0.163,2,0,0,1.8,speeding_up,2,0,8.4,7,0,impulsive,0.652,0.526,0.361,0.603,0.39
quick_careless,26.7,0.112,3,0,0,2.1,speeding_up,1,0,8.6,7,0,impulsive,0.194,0.126,0.355,0.268,0.459
quick_careless,25.0,0.168,4,0,0,2.2,speeding_up,0,0,8.5,7,0,impulsive,0.59,0.239,0.617,0.422,0.226
quick_careless,15.8,0.115,5,0,0,0.3,speeding_up,1,0,8.5,7,0,impulsive,0.591,0.203,0.477,0.418,0.324
quick_careless,22.0,0.107,1,0,0,1.9,stable,0,0,7.3,7,0,impulsive,0.15,0.184,0.386,0.193,0.608
quick_careless,22.4,0.128,3,0,0,2.0,speeding_up,0,0,8.3,7,0,impulsive,0.405,0.118,0.499,0.328,0.665
quick_careless,18.4,0.085,5,0,0,2.4,speeding_up,0,0,9.0,7,0,impulsive,0.459,0.123,0.012,0.343,0.229
quick_careless,24.9,0.149,3,0,0,1.7,speeding_up,0,0,8.6,7,0,impulsive,0.221,0.283,0.267,0.296,0.261
quick_careless,15.4,0.113,5,0,1,2.6,speeding_up,0,0,8.1,7,0,impulsive,0.256,0.64,0.429,0.489,0.346
quick_careless,18.7,0.204,3,0,0,1.5,speeding_up,1,0,8.6,7,0,impulsive,0.265,0.296,0.242,0.351,0.294
quick_careless,19.7,0.121,5,0,0,2.1,stable,0,0,8.4,7,0,impulsive,0.719,0.409,0.158,0.542,0.302
quick_careless,16.6,0.056,7,0,0,1.2,speeding_up,1,0,9.0,7,0,impulsive,0.221,0.738,0.244,0.411,0.293
quick_careless,22.0,0.07,3,0,0,2.0,stable,1,1,9.4,7,0,impulsive,0.273,0.391,0.046,0.427,0.446
quick_careless,25.3,0.11,4,0,0,2.4,stable,3,0,7.9,7,0,impulsive,0.484,0.282,0.089,0.397,0.385
quick_careless,26.3,0.16,7,0,0,2.0,stable,2,0,9.0,7,0,impulsive,0.478,0.218,0.192,0.391,0.648
quick_careless,27.5,0.08,3,0,0,1.7,stable,1,0,9.4,7,0,impulsive,0.374,0.109,0.101,0.26,0.225
quick_careless,21.4,0.098,5,0,0,1.7,speeding_up,0,1,8.0,7,0,impulsive,0.146,0.564,0.24,0.389,0.172
quick_careless,23.6,0.117,3,0,0,1.9,speeding_up,1,0,9.1,7,0,impulsive,0.484,0.08,0.403,0.245,0.679
quick_careless,26.5,0.107,3,0,0,1.4,stable,1,0,8.3,7,0,impulsive,0.637,0.365,0.266,0.586,0.429
quick_careless,20.8,0.185,6,0,0,2.3,stable,2,0,8.9,7,0,impulsive,0.547,0.216,0.283,0.414,0.217
quick_careless,19.8,0.154,1,0,0,1.5,speeding_up,1,1,8.4,7,0,impulsive,0.116,0.348,0.269,0.31,0.624
quick_careless,24.2,0.142,6,0,0,1.7,speeding_up,1,1,8.5,7,0,impulsive,0.196,0.09,0.094,0.151,0.644
quick_careless,22.4,0.059,2,0,0,1.4,stable,1,0,7.8,7,0,impulsive,0.829,0.411,0.18,0.572,0.478
quick_careless,16.9,0.115,2,0,0,1.9,speeding_up,1,0,7.5,7,0,impulsive,0.434,0.53,0.617,0.482,0.501
quick_careless,20.9,0.158,4,0,0,1.7,stable,1,0,9.5,7,0,impulsive,0.303,0.557,0.115,0.514,0.297
quick_careless,23.7,0.15,5,0,0,2.1,stable,3,0,8.6,7,0,impulsive,0.493,0.135,0.091,0.327,0.371
quick_careless,24.0,0.161,6,0,0,2.1,speeding_up,1,0,7.6,7,0,impulsive,0.356,0.36,0.515,0.403,0.558
quick_careless,23.3,0.139,1,0,1,1.0,speeding_up,4,0,7.6,7,0,impulsive,0.203,0.286,0.25,0.396,0.385
quick_careless,23.0,0.162,6,0,0,2.0,speeding_up,4,0,6.7,7,0,impulsive,0.411,0.366,0.324,0.391,0.624
quick_careless,29.3,0.158,1,0,0,2.0,stable,4,0,7.5,7,0,impulsive,0.258,0.275,0.225,0.344,0.459
quick_careless,21.3,0.128,4,0,0,1.9,speeding_up,1,0,8.5,7,0,impulsive,0.36,0.181,0.063,0.265,0.206
quick_careless,19.0,0.105,2,0,0,1.5,stable,0,0,8.4,7,0,impulsive,0.131,0.444,0.355,0.214,0.589
quick_careless,29.3,0.153,7,0,0,1.8,speeding_up,1,1,9.8,7,0,impulsive,0.531,0.453,0.078,0.448,0.245
quick_careless,19.1,0.138,4,0,0,1.6,stable,0,0,9.3,7,0,impulsive,0.317,0.15,0.316,0.228,0.494
quick_careless,21.9,0.084,2,0,0,1.9,speeding_up,1,0,8.3,7,0,impulsive,0.035,0.114,0.568,0.055,0.17
quick_careless,28.9,0.109,1,0,0,1.9,speeding_up,1,0,7.7,7,0,impulsive,0.306,0.543,0.399,0.504,0.504
quick_careless,19.2,0.072,2,0,1,2.1,stable,0,2,7.2,7,0,impulsive,0.146,0.263,0.193,0.296,0.62
quick_careless,21.2,0.133,4,0,0,1.2,stable,2,1,7.6,7,0,impulsive,0.618,0.411,0.176,0.43,0.55
quick_careless,25.6,0.124,7,0,0,1.7,speeding_up,1,1,8.5,7,0,impulsive,0.45,0.175,0.359,0.335,0.47
quick_careless,24.2,0.067,5,0,0,2.4,speeding_up,0,0,8.0,7,0,impulsive,0.486,0.501,0.193,0.462,0.839
quick_careless,22.6,0.122,3,0,0,2.1,stable,0,0,8.5,7,0,impulsive,0.039,0.041,0.263,0.072,0.489
quick_careless,20.8,0.126,4,0,0,2.3,stable,2,0,8.6,7,0,impulsive,0.397,0.18,0.375,0.198,0.185
quick_careless,14.7,0.15,1,0,0,2.6,speeding_up,3,1,7.8,7,0,impulsive,0.454,0.076,0.123,0.364,0.446
quick_careless,28.6,0.101,1,0,1,1.5,speeding_up,0,2,6.9,7,0,impulsive,0.555,0.259,0.374,0.465,0.503
quick_careless,21.6,0.096,6,0,0,2.2,speeding_up,0,1,8.1,7,0,impulsive,0.024,0.097,0.149,0.144,0.492
quick_careless,20.3,0.082,5,0,0,2.1,speeding_up,2,1,8.8,7,0,impulsive,0.374,0.311,0.316,0.28,0.255
quick_careless,25.7,0.142,2,0,0,2.1,speeding_up,1,0,7.8,7,0,impulsive,0.2,0.407,0.496,0.396,0.694
quick_careless,23.3,0.109,3,0,0,0.7,speeding_up,0,0,9.6,7,0,impulsive,0.04,0.092,0.626,0.116,0.512
quick_careless,29.6,0.13,6,0,0,2.1,stable,1,0,7.5,7,0,impulsive,0.675,0.14,0.188,0.456,0.306
quick_careless,33.1,0.124,3,0,0,1.4,speeding_up,0,0,8.4,7,0,impulsive,0.261,0.187,0.117,0.332,0.185
quick_careless,22.0,0.163,3,0,0,2.8,stable,0,0,7.6,7,0,impulsive,0.74,0.243,0.553,0.453,0.508
quick_careless,27.5,0.099,5,0,0,2.9,speeding_up,2,0,9.5,7,0,impulsive,0.199,0.209,0.268,0.179,0.205
quick_careless,21.1,0.158,4,0,0,1.9,stable,0,0,8.8,7,0,impulsive,0.36,0.316,0.449,0.413,0.646
quick_careless,22.6,0.057,1,0,0,1.4,speeding_up,0,1,9.4,7,0,impulsive,0.199,0.19,0.214,0.222,0.202
quick_careless,20.4,0.2,1,0,0,1.4,stable,0,0,7.9,7,0,impulsive,0.297,0.32,0.483,0.372,0.802
quick_careless,16.8,0.132,3,0,0,1.5,speeding_up,0,0,8.6,7,0,impulsive,0.423,0.559,0.057,0.426,0.64
quick_careless,20.0,0.153,1,0,0,1.8,speeding_up,0,1,7.6,7,0,impulsive,0.77,0.304,0.215,0.513,0.542
quick_careless,21.1,0.14,4,0,0,1.5,speeding_up,2,1,8.0,7,0,impulsive,0.188,0.309,0.291,0.354,0.712
quick_careless,18.1,0.185,1,0,1,2.5,speeding_up,0,0,7.5,7,0,impulsive,0.361,0.403,0.27,0.44,0.69
quick_careless,27.9,0.076,4,0,0,1.8,speeding_up,0,0,8.5,7,0,impulsive,0.299,0.265,0.419,0.391,0.607
quick_careless,22.6,0.153,2,0,0,2.1,speeding_up,0,0,6.9,7,0,impulsive,0.526,0.498,0.362,0.461,0.85
quick_careless,26.0,0.133,2,0,0,1.7,speeding_up,1,1,7.8,7,0,impulsive,0.107,0.223,0.497,0.25,0.58
quick_careless,19.3,0.049,4,0,0,1.9,speeding_up,3,1,8.5,7,0,impulsive,0.285,0.237,0.433,0.309,0.601
quick_careless,13.7,0.126,4,0,1,2.9,speeding_up,2,1,9.2,7,0,impulsive,0.408,0.226,0.491,0.444,0.359
quick_careless,27.1,0.114,6,0,0,1.5,speeding_up,1,1,8.7,7,0,impulsive,0.104,0.504,0.292,0.344,0.363
quick_careless,26.2,0.074,2,0,0,1.8,speeding_up,0,0,7.9,7,0,impulsive,0.562,0.523,0.509,0.514,0.632
quick_careless,19.1,0.141,1,0,0,1.7,speeding_up,1,0,9.0,7,0,impulsive,0.457,0.29,0.614,0.411,0.241
quick_careless,15.5,0.132,1,0,0,1.5,speeding_up,1,1,7.5,7,0,impulsive,0.445,0.616,0.264,0.497,0.319
quick_careless,18.4,0.133,2,0,0,1.4,stable,0,1,8.5,7,0,impulsive,0.556,0.245,0.708,0.46,0.465
quick_careless,27.2,0.127,2,0,0,1.2,speeding_up,2,0,8.1,7,0,impulsive,0.144,0.115,0.211,0.247,0.338
quick_careless,21.2,0.099,3,0,0,1.6,speeding_up,0,0,9.3,7,0,impulsive,0.67,0.484,0.156,0.543,0.737
quick_careless,21.4,0.064,2,0,0,2.1,speeding_up,1,0,8.1,7,0,impulsive,0.182,0.085,0.632,0.2,0.458
quick_careless,25.8,0.13,1,0,0,2.2,stable,0,0,7.7,7,0,impulsive,0.279,0.216,0.337,0.27,0.521
quick_careless,21.5,0.187,4,0,0,1.3,speeding_up,0,0,8.3,7,0,impulsive,0.586,0.2,0.324,0.438,0.27
quick_careless,23.9,0.091,7,0,0,1.6,stable,1,0,7.8,7,0,impulsive,0.203,0.303,0.44,0.359,0.411
quick_careless,22.7,0.091,5,0,0,2.7,speeding_up,0,0,10.0,7,0,impulsive,0.372,0.074,0.196,0.296,0.86
quick_careless,24.2,0.098,1,0,0,1.4,speeding_up,1,2,9.9,7,0,impulsive,0.625,0.38,0.14,0.464,0.664
quick_careless,21.5,0.091,3,0,0,1.5,speeding_up,0,1,8.3,7,0,impulsive,0.308,0.036,0.567,0.288,0.267
quick_careless,25.4,0.063,4,0,1,1.8,stable,1,0,7.8,7,0,impulsive,0.533,0.216,0.314,0.437,0.56
quick_careless,23.1,0.082,5,0,0,2.0,stable,1,0,8.3,7,0,impulsive,0.348,0.123,0.026,0.292,0.294
quick_careless,21.3,0.126,7,0,0,2.1,stable,0,0,7.9,7,0,impulsive,0.306,0.506,0.259,0.418,0.118
quick_careless,20.7,0.069,2,0,0,1.8,stable,0,0,7.7,7,0,impulsive,0.576,0.214,0.657,0.298,0.555
quick_careless,19.9,0.089,5,0,0,1.8,stable,1,0,8.1,7,0,impulsive,0.51,0.205,0.322,0.435,0.55
quick_careless,20.1,0.134,3,0,0,1.7,speeding_up,1,2,9.1,7,0,impulsive,0.422,0.389,0.45,0.428,0.696
quick_careless,21.0,0.098,5,0,0,1.6,speeding_up,1,0,8.4,7,0,impulsive,0.38,0.62,0.155,0.457,0.672
quick_careless,14.4,0.117,5,0,0,2.6,speeding_up,0,0,6.1,7,0,impulsive,0.318,0.273,0.431,0.322,0.216
quick_careless,14.4,0.096,4,0,0,1.0,speeding_up,1,0,7.4,7,0,impulsive,0.111,0.103,0.243,0.246,0.537
quick_careless,26.8,0.059,2,0,0,1.6,stable,0,0,7.3,7,0,impulsive,0.395,0.164,0.269,0.237,0.382
quick_careless,18.3,0.162,5,0,1,2.2,speeding_up,1,1,8.7,7,0,impulsive,0.815,0.112,0.425,0.473,0.456
quick_careless,17.6,0.116,7,0,0,1.9,stable,1,0,9.4,7,0,impulsive,0.221,0.111,0.009,0.202,0.422
quick_careless,20.4,0.093,6,0,0,1.1,speeding_up,1,0,9.3,7,0,impulsive,0.34,0.528,0.287,0.444,0.565
quick_careless,23.0,0.042,3,0,0,2.4,stable,0,0,9.4,7,0,impulsive,0.505,0.166,0.142,0.396,0.313
quick_careless,24.7,0.043,3,0,0,1.4,speeding_up,0,0,9.3,7,0,impulsive,0.376,0.12,0.043,0.33,0.74
quick_careless,25.4,0.137,3,0,0,2.7,stable,2,1,9.4,7,0,impulsive,0.659,0.321,0.239,0.43,0.398
quick_careless,24.7,0.139,6,0,0,1.4,speeding_up,1,1,9.0,7,0,impulsive,0.388,0.448,0.109,0.462,0.531
quick_careless,20.0,0.163,6,0,0,1.9,stable,1,0,9.2,7,0,impulsive,0.535,0.177,0.066,0.405,0.404
quick_careless,21.1,0.176,2,0,0,2.2,stable,0,1,7.5,7,0,impulsive,0.612,0.407,0.146,0.465,0.609
quick_careless,25.2,0.097,2,0,1,1.2,speeding_up,2,0,9.9,7,0,impulsive,0.434,0.58,0.644,0.575,0.441
quick_careless,20.7,0.157,4,0,0,1.9,speeding_up,1,0,7.7,7,0,impulsive,0.356,0.185,0.219,0.355,0.53
quick_careless,16.6,0.137,4,0,0,1.5,speeding_up,0,0,10.0,7,0,impulsive,0.085,0.649,0.281,0.502,0.425
quick_careless,18.8,0.11,4,0,0,1.9,speeding_up,1,1,8.7,7,0,impulsive,0.666,0.464,0.267,0.625,0.463
quick_careless,19.2,0.079,3,0,0,2.1,stable,1,0,8.2,7,0,impulsive,0.328,0.58,0.064,0.461,0.297
quick_careless,24.0,0.142,5,0,0,3.0,stable,0,1,9.3,7,0,impulsive,0.437,0.296,0.346,0.408,0.245
quick_careless,25.8,0.088,7,0,0,1.8,speeding_up,1,0,8.9,7,0,impulsive,0.345,0.381,0.307,0.403,0.617
quick_careless,24.0,0.086,5,0,1,0.6,stable,1,0,9.0,7,0,impulsive,0.352,0.674,0.036,0.535,0.372
quick_careless,14.2,0.038,4,0,0,2.2,stable,0,0,8.4,7,0,impulsive,0.224,0.039,0.182,0.204,0.496
quick_careless,24.7,0.112,5,0,0,2.1,speeding_up,0,0,8.9,7,0,impulsive,0.384,0.321,0.149,0.499,0.416
quick_careless,21.1,0.124,2,0,0,2.1,speeding_up,2,1,7.6,7,0,impulsive,0.224,0.339,0.538,0.291,0.467
quick_careless,25.9,0.16,4,0,0,2.5,speeding_up,0,0,9.0,7,0,impulsive,0.415,0.164,0.209,0.313,0.651
quick_careless,18.4,0.144,3,0,1,1.5,speeding_up,2,0,9.5,7,0,impulsive,0.303,0.376,0.096,0.369,0.53
quick_careless,21.0,0.206,3,0,0,2.2,speeding_up,2,1,9.2,7,0,impulsive,0.062,0.341,0.12,0.271,0.352
quick_careless,21.8,0.14,3,0,0,1.6,speeding_up,1,1,9.1,7,0,impulsive,0.569,0.148,0.626,0.376,0.483
quick_careless,22.3,0.128,2,0,0,3.0,stable,0,0,8.7,7,0,impulsive,0.498,0.311,0.148,0.46,0.316
quick_careless,19.8,0.121,7,0,0,1.7,speeding_up,1,0,7.1,7,0,impulsive,0.527,0.321,0.188,0.464,0.763
quick_careless,15.2,0.113,6,0,0,1.4,stable,1,1,8.1,7,0,impulsive,0.373,0.295,0.346,0.382,0.393
quick_careless,20.3,0.055,4,0,0,2.6,speeding_up,1,0,8.5,7,0,impulsive,0.095,0.319,0.161,0.24,0.548
quick_careless,21.6,0.069,4,0,0,1.4,speeding_up,3,0,8.4,7,0,impulsive,0.605,0.279,0.044,0.432,0.53
quick_careless,20.7,0.083,1,0,0,1.7,speeding_up,4,0,8.4,7,0,impulsive,0.373,0.403,0.245,0.45,0.25
quick_careless,17.3,0.116,5,0,0,2.3,speeding_up,1,0,8.6,7,0,impulsive,0.11,0.598,0.112,0.283,0.152
quick_careless,22.9,0.102,7,0,0,1.4,speeding_up,0,1,6.4,7,0,impulsive,0.384,0.205,0.214,0.372,0.288
quick_careless,22.2,0.15,2,0,0,1.6,stable,0,0,9.8,7,0,impulsive,0.392,0.383,0.087,0.37,0.646
quick_careless,22.7,0.183,7,0,0,1.6,speeding_up,1,0,8.0,7,0,impulsive,0.19,0.434,0.215,0.306,0.627
quick_careless,16.7,0.149,5,0,0,2.1,speeding_up,1,0,6.7,7,0,impulsive,0.255,0.496,0.1,0.439,0.607
quick_careless,18.1,0.131,2,0,0,1.9,speeding_up,1,1,7.8,7,0,impulsive,0.392,0.592,0.185,0.459,0.502
quick_careless,19.8,0.11,0,0,0,1.9,stable,0,0,9.4,7,0,impulsive,0.329,0.362,0.236,0.369,0.679
quick_careless,20.1,0.145,7,0,0,0.1,speeding_up,1,1,8.4,7,0,impulsive,0.224,0.171,0.284,0.33,0.324
quick_careless,23.7,0.15,6,0,0,1.3,stable,0,0,9.7,7,0,impulsive,0.405,0.344,0.62,0.402,0.303
quick_careless,18.8,0.086,4,0,0,1.0,speeding_up,1,0,8.9,7,0,impulsive,0.314,0.428,0.075,0.396,0.302
quick_careless,16.2,0.103,1,0,0,2.1,stable,1,1,7.9,7,0,impulsive,0.34,0.231,0.434,0.321,0.48
quick_careless,18.6,0.041,6,0,0,1.7,stable,0,0,8.3,7,0,impulsive,0.501,0.031,0.529,0.252,0.393
quick_careless,23.7,0.069,2,0,0,2.2,stable,0,0,8.8,7,0,impulsive,0.445,0.351,0.21,0.397,0.55
quick_careless,22.4,0.138,4,0,0,1.6,speeding_up,0,1,8.4,7,0,impulsive,0.155,0.158,0.311,0.31,0.298
quick_careless,28.7,0.169,5,0,0,1.7,speeding_up,1,0,9.2,7,0,impulsive,0.34,0.456,0.374,0.368,0.484
quick_careless,17.1,0.12,3,0,0,1.1,speeding_up,1,0,8.4,7,0,impulsive,0.605,0.296,0.136,0.466,0.518
quick_careless,23.8,0.112,1,0,0,1.7,speeding_up,2,0,9.1,7,0,impulsive,0.328,0.196,0.169,0.318,0.427
quick_careless,18.2,0.139,5,0,1,2.0,speeding_up,3,0,8.0,7,0,impulsive,0.466,0.178,0.052,0.274,0.79
quick_careless,20.8,0.116,4,0,1,1.0,stable,0,0,8.0,7,0,impulsive,0.189,0.37,0.012,0.316,0.244
quick_careless,24.0,0.122,2,0,0,1.2,speeding_up,0,1,8.0,7,0,impulsive,0.202,0.144,0.165,0.208,0.501
quick_careless,31.4,0.098,5,0,0,2.2,speeding_up,3,1,8.7,7,0,impulsive,0.241,0.077,0.526,0.208,0.395
quick_careless,24.9,0.129,2,0,0,1.6,stable,0,0,7.0,7,0,impulsive,0.344,0.536,0.56,0.426,0.639
quick_careless,19.9,0.154,3,0,0,1.5,stable,0,0,8.3,7,0,impulsive,0.446,0.559,0.47,0.441,0.535
quick_careless,19.3,0.138,5,0,0,2.8,speeding_up,2,0,10.0,7,0,impulsive,0.266,0.377,0.609,0.37,0.578
quick_careless,12.3,0.147,3,0,1,2.7,speeding_up,0,1,8.9,7,0,impulsive,0.712,0.048,0.252,0.437,0.323
quick_careless,17.6,0.062,5,0,0,2.7,speeding_up,1,0,7.3,7,0,impulsive,0.141,0.354,0.428,0.253,0.411
quick_careless,23.4,0.084,4,0,0,0.6,speeding_up,3,0,9.5,7,0,impulsive,0.318,0.179,0.244,0.291,0.306
quick_careless,26.2,0.084,6,0,0,1.6,speeding_up,0,0,9.3,7,0,impulsive,0.307,0.09,0.22,0.279,0.315
quick_careless,25.0,0.093,1,0,0,2.6,speeding_up,1,0,8.8,7,0,impulsive,0.111,0.447,0.116,0.288,0.438
quick_careless,25.2,0.141,6,0,0,2.2,speeding_up,2,0,8.4,7,0,impulsive,0.514,0.016,0.48,0.332,0.413
quick_careless,22.7,0.19,1,0,0,2.1,speeding_up,1,0,8.6,7,0,impulsive,0.159,0.593,0.149,0.458,0.297
quick_careless,18.7,0.118,5,0,0,2.0,speeding_up,2,0,8.1,7,0,impulsive,0.428,0.362,0.042,0.423,0.749
quick_careless,25.3,0.153,4,0,0,1.8,speeding_up,0,0,9.6,7,0,impulsive,0.409,0.397,0.44,0.461,0.633
quick_careless,25.3,0.075,3,0,0,1.3,stable,1,0,7.4,7,0,impulsive,0.158,0.451,0.32,0.382,0.336
quick_careless,25.0,0.124,0,0,0,1.7,stable,1,0,7.7,7,0,impulsive,0.469,0.164,0.093,0.377,0.598
quick_careless,18.5,0.112,5,0,0,1.3,speeding_up,0,0,9.3,7,0,impulsive,0.658,0.326,0.388,0.486,0.749
quick_careless,22.3,0.105,5,0,1,1.6,speeding_up,0,0,7.9,7,0,impulsive,0.399,0.333,0.214,0.384,0.702
quick_careless,23.8,0.085,2,0,0,1.9,speeding_up,1,0,9.2,7,0,impulsive,0.38,0.17,0.237,0.241,0.767
quick_careless,20.8,0.106,1,0,0,1.1,stable,0,0,9.2,7,0,impulsive,0.451,0.195,0.399,0.359,0.537
quick_careless,17.2,0.109,6,0,0,2.5,speeding_up,1,1,8.0,7,0,impulsive,0.555,0.503,0.21,0.548,0.631
quick_careless,24.0,0.176,2,0,0,0.9,speeding_up,0,0,9.3,7,0,impulsive,0.221,0.215,0.168,0.256,0.494
quick_careless,25.0,0.116,1,0,0,1.3,speeding_up,0,2,7.4,7,0,impulsive,0.271,0.333,0.096,0.391,0.459
quick_careless,18.3,0.075,2,0,0,2.3,speeding_up,2,1,9.3,7,0,impulsive,0.329,0.079,0.654,0.238,0.589
quick_careless,16.3,0.099,5,0,0,2.1,speeding_up,0,1,8.1,7,0,impulsive,0.61,0.278,0.223,0.443,0.578
quick_careless,15.1,0.196,6,0,0,0.8,speeding_up,0,0,8.3,7,0,impulsive,0.367,0.163,0.394,0.306,0.734
quick_careless,16.9,0.138,7,0,0,1.3,speeding_up,1,0,9.0,7,0,impulsive,0.498,0.175,0.226,0.387,0.498
quick_careless,19.3,0.069,1,0,0,2.5,stable,0,0,9.4,7,0,impulsive,0.304,0.157,0.154,0.259,0.338
quick_careless,14.4,0.115,4,0,0,1.4,speeding_up,2,1,8.0,7,0,impulsive,0.233,0.072,0.335,0.18,0.173
quick_careless,20.1,0.141,0,0,0,1.5,speeding_up,1,0,9.2,7,0,impulsive,0.231,0.353,0.075,0.355,0.216
quick_careless,17.9,0.135,2,0,0,2.4,speeding_up,2,2,7.4,7,0,impulsive,0.08,0.252,0.431,0.263,0.795
quick_careless,32.2,0.123,2,0,0,2.7,stable,1,0,8.2,7,0,impulsive,0.51,0.121,0.412,0.301,0.606
quick_careless,9.0,0.168,1,0,0,1.0,stable,2,0,7.7,7,0,impulsive,0.153,0.232,0.539,0.105,0.652
quick_careless,17.6,0.143,6,0,0,2.1,stable,1,1,7.9,7,0,impulsive,0.251,0.306,0.214,0.26,0.86
quick_careless,14.6,0.173,2,0,0,1.2,stable,1,0,8.4,7,0,impulsive,0.206,0.277,0.381,0.174,0.224
quick_careless,22.8,0.135,2,0,0,1.8,stable,1,0,7.1,7,0,impulsive,0.502,0.234,0.24,0.365,0.369
quick_careless,18.1,0.192,4,0,0,1.4,stable,0,1,8.7,7,0,impulsive,0.088,0.466,0.768,0.341,0.433
quick_careless,24.8,0.13,2,0,0,1.5,stable,3,0,7.9,7,0,impulsive,0.268,0.198,0.424,0.295,0.205
quick_careless,24.1,0.077,6,0,0,0.7,speeding_up,0,0,7.3,7,0,impulsive,0.381,0.35,0.185,0.444,0.3
quick_careless,24.4,0.077,4,0,1,2.6,speeding_up,1,0,8.0,7,0,impulsive,0.308,0.266,0.534,0.284,0.501
quick_careless,22.8,0.1,2,0,0,2.0,speeding_up,1,1,8.6,7,0,impulsive,0.604,0.411,0.027,0.395,0.711
quick_careless,17.3,0.076,6,0,1,2.2,stable,0,0,8.4,7,0,impulsive,0.146,0.159,0.117,0.292,0.377
quick_careless,26.7,0.135,3,0,0,1.4,stable,0,0,8.3,7,0,impulsive,0.169,0.801,0.168,0.46,0.762
quick_careless,19.1,0.12,1,0,0,1.2,speeding_up,1,0,8.7,7,0,impulsive,0.356,0.419,0.094,0.533,0.483
quick_careless,17.5,0.09,4,0,0,1.5,stable,0,2,9.1,7,0,impulsive,0.407,0.117,0.096,0.2,0.361
quick_careless,18.5,0.118,1,0,0,1.9,speeding_up,0,0,8.4,7,0,impulsive,0.385,0.414,0.078,0.434,0.478
quick_careless,19.9,0.092,4,0,1,2.2,speeding_up,0,1,7.8,7,0,impulsive,0.275,0.187,0.105,0.278,0.254
quick_careless,15.2,0.109,2,0,0,2.4,speeding_up,1,0,8.9,7,0,impulsive,0.797,0.443,0.56,0.686,0.308
quick_careless,22.0,0.096,3,0,0,2.0,speeding_up,2,0,8.1,7,0,impulsive,0.272,0.253,0.132,0.343,0.171
quick_careless,21.1,0.136,0,0,1,1.4,speeding_up,0,0,7.4,7,0,impulsive,0.31,0.175,0.439,0.294,0.38
quick_careless,25.1,0.049,4,0,0,2.6,stable,1,1,9.5,7,0,impulsive,0.372,0.879,0.205,0.597,0.334
quick_careless,23.0,0.096,4,0,0,1.5,speeding_up,1,2,8.7,7,0,impulsive,0.36,0.074,0.179,0.187,0.461
quick_careless,22.1,0.11,4,0,0,1.0,speeding_up,0,0,8.9,7,0,impulsive,0.638,0.261,0.365,0.467,0.383
quick_careless,14.5,0.122,4,0,0,2.2,speeding_up,1,0,8.2,7,0,impulsive,0.487,0.378,0.111,0.509,0.3
quick_careless,18.6,0.147,3,0,0,1.8,speeding_up,2,0,8.1,7,0,impulsive,0.351,0.171,0.115,0.324,0.677
quick_careless,23.9,0.144,6,0,0,0.5,speeding_up,1,0,8.6,7,0,impulsive,0.489,0.539,0.416,0.532,0.199
quick_careless,23.3,0.106,5,0,0,3.0,stable,3,0,7.9,7,0,impulsive,0.229,0.416,0.166,0.289,0.594
quick_careless,28.8,0.19,4,0,0,1.8,speeding_up,0,0,8.4,7,0,impulsive,0.198,0.304,0.33,0.254,0.605
quick_careless,18.6,0.094,3,0,0,1.3,stable,2,0,8.2,7,0,impulsive,0.273,0.077,0.551,0.284,0.489
quick_careless,22.3,0.127,6,0,0,1.4,speeding_up,0,1,7.8,7,0,impulsive,0.54,0.088,0.429,0.348,0.562
quick_careless,18.7,0.078,3,0,0,1.7,speeding_up,1,1,7.5,7,0,impulsive,0.279,0.552,0.085,0.456,0.527
quick_careless,24.8,0.167,4,0,0,2.0,stable,4,0,9.4,7,0,impulsive,0.412,0.375,0.183,0.474,0.673
quick_careless,18.5,0.147,6,0,0,2.1,stable,0,0,9.2,7,0,impulsive,0.193,0.425,0.277,0.332,0.453
quick_careless,18.8,0.11,3,0,0,2.0,stable,1,0,7.9,7,0,impulsive,0.126,0.351,0.363,0.326,0.443
quick_careless,24.7,0.051,5,0,0,2.2,speeding_up,0,0,7.7,7,0,impulsive,0.671,0.574,0.103,0.594,0.231
quick_careless,18.0,0.126,5,0,0,1.5,stable,1,1,8.7,7,0,impulsive,0.546,0.532,0.452,0.473,0.356
quick_careless,18.0,0.134,3,0,0,1.2,stable,0,0,9.4,7,0,impulsive,0.545,0.198,0.335,0.439,0.298
quick_careless,16.0,0.121,1,0,0,0.7,stable,1,0,9.8,7,0,impulsive,0.382,0.561,0.481,0.409,0.448
quick_careless,12.5,0.147,4,0,0,2.3,speeding_up,0,0,8.1,7,0,impulsive,0.138,0.043,0.309,0.269,0.453
quick_careless,22.2,0.167,3,0,0,2.0,stable,1,1,8.3,7,0,impulsive,0.186,0.358,0.068,0.319,0.365
quick_careless,16.0,0.094,3,0,0,2.4,stable,1,0,8.9,7,0,impulsive,0.138,0.307,0.163,0.271,0.295
quick_careless,20.0,0.139,2,0,0,1.4,stable,0,0,8.4,7,0,impulsive,0.371,0.194,0.586,0.381,0.258
quick_careless,24.0,0.056,1,0,0,2.0,stable,0,0,9.2,7,0,impulsive,0.563,0.428,0.27,0.561,0.112
quick_careless,18.0,0.078,6,0,0,2.2,speeding_up,2,0,7.7,7,0,impulsive,0.172,0.049,0.161,0.235,0.196
quick_careless,25.0,0.192,4,0,0,1.6,speeding_up,0,1,9.0,7,0,impulsive,0.351,0.07,0.472,0.253,0.66
quick_careless,19.1,0.148,3,0,0,1.7,stable,2,1,8.7,7,0,impulsive,0.453,0.287,0.201,0.376,0.593
quick_careless,22.0,0.125,0,0,0,1.0,speeding_up,2,0,8.1,7,0,impulsive,0.186,0.306,0.241,0.412,0.437
quick_careless,27.2,0.064,5,0,0,2.1,speeding_up,1,1,9.3,7,0,impulsive,0.584,0.151,0.675,0.299,0.541
quick_careless,24.8,0.128,4,0,0,1.7,speeding_up,1,0,7.0,7,0,impulsive,0.462,0.254,0.455,0.394,0.38
quick_careless,26.2,0.081,4,0,0,2.3,speeding_up,0,0,8.8,7,0,impulsive,0.524,0.391,0.379,0.546,0.472
quick_careless,27.9,0.084,6,0,0,1.8,speeding_up,0,0,9.0,7,0,impulsive,0.531,0.49,0.526,0.549,0.239
quick_careless,23.9,0.062,6,0,0,1.8,speeding_up,1,1,7.8,7,0,impulsive,0.73,0.205,0.055,0.493,0.267
quick_careless,17.3,0.165,1,0,0,1.8,stable,3,0,8.1,7,0,impulsive,0.386,0.224,0.601,0.351,0.71
quick_careless,20.5,0.1,4,0,0,2.3,speeding_up,1,0,8.3,7,0,impulsive,0.227,0.326,0.348,0.278,0.361
quick_careless,19.4,0.093,5,0,0,1.8,stable,0,1,8.0,7,0,impulsive,0.245,0.42,0.367,0.324,0.529
quick_careless,18.3,0.1,1,0,0,1.3,speeding_up,0,0,8.4,7,0,impulsive,0.418,0.26,0.449,0.388,0.146
quick_careless,18.7,0.186,1,0,1,2.8,speeding_up,2,0,8.1,7,0,impulsive,0.598,0.247,0.185,0.428,0.496
quick_careless,14.8,0.082,3,0,0,1.4,speeding_up,1,0,7.9,7,0,impulsive,0.352,0.651,0.248,0.465,0.339
quick_careless,24.5,0.125,2,0,0,1.0,speeding_up,1,0,8.6,7,0,impulsive,0.332,0.245,0.302,0.313,0.546
quick_careless,19.6,0.143,4,0,0,2.5,speeding_up,1,0,8.7,7,0,impulsive,0.523,0.38,0.427,0.459,0.434
quick_careless,19.7,0.055,4,0,1,1.4,speeding_up,2,0,7.0,7,0,impulsive,0.17,0.131,0.118,0.214,0.721
quick_careless,25.5,0.082,5,0,1,1.9,speeding_up,1,0,8.2,7,0,impulsive,0.56,0.341,0.261,0.37,0.237
quick_careless,18.0,0.076,7,0,0,1.9,speeding_up,1,0,8.0,7,0,impulsive,0.426,0.215,0.372,0.356,0.581
quick_careless,22.2,0.067,7,0,0,2.8,speeding_up,0,1,8.9,7,0,impulsive,0.175,0.19,0.255,0.261,0.544
quick_careless,21.4,0.142,2,0,0,2.2,speeding_up,1,1,9.1,7,0,impulsive,0.295,0.226,0.709,0.33,0.359
quick_careless,25.7,0.081,7,0,0,1.8,speeding_up,3,0,8.1,7,0,impulsive,0.146,0.408,0.103,0.284,0.117
quick_careless,25.2,0.061,1,0,0,2.3,speeding_up,1,0,7.1,7,0,impulsive,0.566,0.352,0.005,0.578,0.274
quick_careless,28.7,0.132,7,0,0,2.2,stable,0,0,9.0,7,0,impulsive,0.135,0.134,0.289,0.28,0.28
quick_careless,14.5,0.181,3,0,1,2.1,speeding_up,1,0,8.4,7,0,impulsive,0.253,0.291,0.426,0.444,0.423
quick_careless,20.5,0.133,6,0,0,1.8,speeding_up,0,0,7.7,7,0,impulsive,0.24,0.269,0.153,0.28,0.529
quick_careless,17.7,0.153,7,0,0,1.0,speeding_up,0,0,8.3,7,0,impulsive,0.535,0.331,0.238,0.328,0.422
quick_careless,17.4,0.222,2,0,0,2.2,speeding_up,1,0,7.6,7,0,impulsive,0.373,0.449,0.112,0.44,0.662
quick_careless,21.3,0.19,3,0,1,1.7,speeding_up,1,0,7.8,7,0,impulsive,0.362,0.187,0.099,0.311,0.698
quick_careless,26.0,0.105,5,0,0,1.6,stable,0,0,8.1,7,0,impulsive,0.788,0.218,0.47,0.497,0.603
quick_careless,19.8,0.08,6,0,0,2.2,speeding_up,0,0,9.0,7,0,impulsive,0.441,0.401,0.403,0.447,0.624
quick_careless,18.0,0.051,3,0,0,1.4,stable,1,1,7.2,7,0,impulsive,0.33,0.103,0.406,0.276,0.177
quick_careless,15.2,0.123,7,0,0,2.0,speeding_up,2,0,9.6,7,0,impulsive,0.115,0.048,0.446,0.187,0.623
quick_careless,27.0,0.192,4,0,0,1.7,speeding_up,0,0,8.9,7,0,impulsive,0.592,0.137,0.275,0.266,0.376
quick_careless,18.9,0.102,0,0,0,2.1,speeding_up,2,0,10.0,7,0,impulsive,0.259,0.596,0.274,0.408,0.375
quick_careless,22.2,0.112,3,0,0,2.1,speeding_up,0,2,7.9,7,0,impulsive,0.25,0.018,0.246,0.267,0.531
quick_careless,25.4,0.148,7,0,0,1.8,speeding_up,0,1,9.3,7,0,impulsive,0.442,0.368,0.367,0.447,0.247
quick_careless,17.5,0.175,7,0,1,1.8,speeding_up,1,0,9.1,7,0,impulsive,0.639,0.062,0.449,0.322,0.719
quick_careless,20.7,0.164,6,0,0,2.1,stable,1,0,8.3,7,0,impulsive,0.517,0.306,0.302,0.352,0.511
quick_careless,19.0,0.181,6,0,0,0.8,stable,3,1,8.2,7,0,impulsive,0.636,0.043,0.751,0.345,0.61
quick_careless,17.1,0.151,5,0,0,2.1,speeding_up,0,0,8.6,7,0,impulsive,0.362,0.389,0.197,0.445,0.447
quick_careless,24.1,0.079,5,0,0,1.4,stable,3,0,8.4,7,0,impulsive,0.382,0.311,0.374,0.358,0.225
quick_careless,19.6,0.101,5,0,1,2.3,stable,1,0,7.6,7,0,impulsive,0.329,0.155,0.167,0.203,0.556
quick_careless,27.6,0.109,3,0,0,2.3,speeding_up,0,0,8.5,7,0,impulsive,0.321,0.144,0.2,0.327,0.303
quick_careless,21.0,0.082,6,0,1,1.3,speeding_up,0,0,7.6,7,0,impulsive,0.507,0.181,0.486,0.281,0.107
quick_careless,17.6,0.115,3,0,0,2.0,speeding_up,0,0,7.8,7,0,impulsive,0.442,0.057,0.3,0.29,0.358
quick_careless,22.7,0.133,3,0,0,2.1,speeding_up,0,0,9.2,7,0,impulsive,0.326,0.14,0.314,0.265,0.292
quick_careless,25.3,0.083,7,0,1,2.6,speeding_up,0,0,8.1,7,0,impulsive,0.614,0.458,0.251,0.567,0.399
quick_careless,26.3,0.14,4,0,0,0.8,speeding_up,1,0,8.2,7,0,impulsive,0.212,0.086,0.107,0.214,0.641
quick_careless,21.9,0.136,7,0,0,1.4,stable,1,0,6.1,7,0,impulsive,0.284,0.292,0.385,0.279,0.549
quick_careless,24.7,0.19,4,0,0,1.5,speeding_up,1,0,7.0,7,0,impulsive,0.195,0.362,0.214,0.305,0.261
quick_careless,24.2,0.039,4,0,0,2.3,speeding_up,2,0,8.6,7,0,impulsive,0.404,0.446,0.251,0.476,0.22
quick_careless,22.7,0.111,7,0,0,2.1,stable,2,0,9.2,7,0,impulsive,0.206,0.498,0.134,0.402,0.305
quick_careless,18.1,0.13,2,0,0,2.1,stable,1,0,8.2,7,0,impulsive,0.76,0.203,0.187,0.458,0.24
quick_careless,25.2,0.111,3,0,0,1.7,stable,0,0,8.3,7,0,impulsive,0.317,0.034,0.258,0.249,0.8
quick_careless,21.9,0.11,2,0,0,2.4,speeding_up,0,1,7.8,7,0,impulsive,0.336,0.05,0.24,0.234,0.587
quick_careless,19.2,0.079,3,0,0,0.9,stable,1,0,8.4,7,0,impulsive,0.685,0.242,0.383,0.538,0.617
quick_careless,15.3,0.088,2,0,0,2.6,speeding_up,0,0,8.4,7,0,impulsive,0.761,0.602,0.218,0.697,0.494
quick_careless,14.8,0.097,3,0,0,1.6,speeding_up,2,0,8.2,7,0,impulsive,0.536,0.537,0.365,0.492,0.434
quick_careless,20.5,0.165,7,0,0,1.9,stable,1,1,9.3,7,0,impulsive,0.471,0.225,0.217,0.34,0.252
quick_careless,22.9,0.144,6,0,0,2.5,stable,2,0,8.2,7,0,impulsive,0.298,0.381,0.127,0.43,0.308
quick_careless,19.7,0.132,0,0,0,1.9,stable,1,0,8.4,7,0,impulsive,0.319,0.316,0.658,0.371,0.494
quick_careless,24.1,0.049,2,0,0,0.7,speeding_up,0,1,8.4,7,0,impulsive,0.663,0.017,0.08,0.37,0.426
quick_careless,20.4,0.151,2,0,0,1.3,speeding_up,1,0,7.7,7,0,impulsive,0.281,0.325,0.134,0.348,0.349
quick_careless,20.1,0.154,4,0,0,1.6,speeding_up,0,0,8.6,7,0,impulsive,0.372,0.061,0.126,0.254,0.366
quick_careless,25.0,0.113,2,0,0,2.0,speeding_up,1,1,9.0,7,0,impulsive,0.242,0.057,0.172,0.233,0.187
quick_careless,28.4,0.125,4,0,0,2.3,stable,1,0,8.6,7,0,impulsive,0.394,0.115,0.517,0.372,0.352
quick_careless,21.5,0.149,5,0,0,1.7,stable,0,0,8.8,7,0,impulsive,0.466,0.27,0.225,0.435,0.202
quick_careless,26.9,0.059,6,0,0,1.5,speeding_up,1,2,9.5,7,0,impulsive,0.409,0.472,0.157,0.417,0.2
quick_careless,23.9,0.124,4,0,0,1.6,speeding_up,1,0,8.0,7,0,impulsive,0.086,0.136,0.065,0.233,0.409
quick_careless,20.8,0.17,2,0,0,2.4,speeding_up,2,0,9.2,7,0,impulsive,0.861,0.317,0.412,0.539,0.361
quick_careless,14.7,0.16,6,0,0,1.5,speeding_up,0,0,8.6,7,0,impulsive,0.521,0.193,0.297,0.442,0.497
quick_careless,24.7,0.128,7,0,0,2.6,speeding_up,1,0,9.4,7,0,impulsive,0.111,0.265,0.454,0.212,0.31
quick_careless,20.1,0.111,0,0,0,1.9,speeding_up,0,1,8.4,7,0,impulsive,0.201,0.036,0.491,0.252,0.362
quick_careless,17.4,0.104,1,0,1,1.1,speeding_up,1,0,8.9,7,0,impulsive,0.211,0.107,0.201,0.163,0.588
quick_careless,27.4,0.114,2,0,0,2.3,speeding_up,0,0,8.7,7,0,impulsive,0.502,0.515,0.339,0.425,0.315
quick_careless,16.8,0.139,3,0,1,1.7,speeding_up,1,0,7.3,7,0,impulsive,0.256,0.239,0.232,0.256,0.125
quick_careless,15.7,0.096,2,0,0,2.2,speeding_up,1,0,8.7,7,0,impulsive,0.494,0.225,0.353,0.395,0.716
quick_careless,25.9,0.037,4,0,0,1.7,speeding_up,0,0,9.0,7,0,impulsive,0.379,0.377,0.265,0.455,0.139
quick_careless,17.3,0.161,3,0,0,1.6,stable,1,0,8.2,7,0,impulsive,0.169,0.443,0.168,0.371,0.286
quick_careless,17.7,0.125,6,0,0,1.8,stable,0,0,8.4,7,0,impulsive,0.528,0.664,0.346,0.623,0.245
quick_careless,24.5,0.116,2,0,0,2.3,stable,1,0,9.5,7,0,impulsive,0.337,0.362,0.529,0.377,0.416
quick_careless,22.2,0.13,1,0,0,1.3,speeding_up,0,1,9.0,7,0,impulsive,0.534,0.132,0.403,0.263,0.232
quick_careless,21.2,0.049,7,0,0,1.4,stable,1,0,7.6,7,0,impulsive,0.539,0.166,0.445,0.424,0.532
quick_careless,24.4,0.181,6,0,0,1.5,stable,1,0,8.1,7,0,impulsive,0.072,0.187,0.475,0.26,0.758
quick_careless,19.6,0.124,5,0,0,1.5,speeding_up,2,0,9.6,7,0,impulsive,0.124,0.461,0.326,0.359,0.174
quick_careless,19.8,0.041,2,0,0,1.6,speeding_up,0,0,9.1,7,0,impulsive,0.597,0.242,0.522,0.457,0.666
quick_careless,15.7,0.113,6,0,0,1.6,stable,0,0,8.2,7,0,impulsive,0.434,0.261,0.694,0.417,0.484
quick_careless,28.0,0.102,5,0,0,1.2,stable,0,0,9.5,7,0,impulsive,0.376,0.269,0.091,0.341,0.37
quick_careless,23.8,0.137,3,0,0,1.0,speeding_up,0,0,9.0,7,0,impulsive,0.805,0.434,0.161,0.586,0.499
quick_careless,25.0,0.095,4,0,0,1.4,stable,1,0,8.0,7,0,impulsive,0.36,0.379,0.583,0.453,0.594
quick_careless,29.1,0.156,3,0,1,2.8,stable,1,1,7.6,7,0,impulsive,0.093,0.157,0.392,0.228,0.424
quick_careless,27.8,0.195,7,0,0,1.5,speeding_up,1,0,8.5,7,0,impulsive,0.261,0.551,0.185,0.375,0.302
quick_careless,18.1,0.087,4,0,0,2.2,stable,1,0,8.2,7,0,impulsive,0.516,0.21,0.141,0.352,0.359
quick_careless,18.4,0.121,4,0,0,1.4,speeding_up,0,1,8.4,7,0,impulsive,0.211,0.458,0.373,0.395,0.387
quick_careless,29.7,0.098,3,0,0,1.5,speeding_up,1,0,9.3,7,0,impulsive,0.361,0.405,0.265,0.411,0.499
quick_careless,19.7,0.152,4,0,0,2.4,stable,1,1,10.0,7,0,impulsive,0.429,0.366,0.398,0.41,0.271
quick_careless,20.4,0.063,4,0,0,1.7,stable,1,0,7.7,7,0,impulsive,0.281,0.662,0.26,0.504,0.352
quick_careless,29.1,0.08,2,0,0,1.4,speeding_up,0,0,7.2,7,0,impulsive,0.304,0.25,0.496,0.412,0.387
quick_careless,24.3,0.02,5,0,0,2.4,speeding_up,0,0,8.3,7,0,impulsive,0.381,0.424,0.507,0.446,0.185
quick_careless,25.4,0.12,5,0,0,0.8,stable,1,0,8.1,7,0,impulsive,0.236,0.158,0.482,0.272,0.453
quick_careless,17.2,0.19,3,0,0,1.7,speeding_up,0,0,8.9,7,0,impulsive,0.147,0.467,0.201,0.333,0.447
quick_careless,22.7,0.095,5,0,0,1.3,speeding_up,0,0,8.5,7,0,impulsive,0.132,0.471,0.195,0.341,0.131
quick_careless,31.1,0.118,6,0,0,1.8,speeding_up,1,0,8.5,7,0,impulsive,0.043,0.354,0.067,0.268,0.424
quick_careless,25.8,0.12,3,0,0,1.6,speeding_up,0,0,9.0,7,0,impulsive,0.211,0.28,0.07,0.322,0.398
quick_careless,19.1,0.055,3,0,0,0.8,speeding_up,0,0,8.6,7,0,impulsive,0.191,0.019,0.341,0.226,0.375
quick_careless,24.2,0.101,6,0,0,1.7,speeding_up,0,1,8.7,7,0,impulsive,0.373,0.295,0.165,0.352,0.584
quick_careless,17.1,0.101,6,0,0,1.2,speeding_up,0,0,8.0,7,0,impulsive,0.421,0.514,0.35,0.437,0.599
quick_careless,18.6,0.178,4,0,0,2.5,speeding_up,1,1,8.6,7,0,impulsive,0.046,0.33,0.203,0.168,0.731
quick_careless,16.0,0.105,4,0,0,0.9,stable,0,1,9.0,7,0,impulsive,0.526,0.041,0.452,0.433,0.185
quick_careless,16.1,0.105,4,0,1,3.1,stable,0,0,9.8,7,0,impulsive,0.338,0.444,0.352,0.387,0.173
quick_careless,19.8,0.081,0,0,0,0.2,speeding_up,1,0,9.2,7,0,impulsive,0.368,0.13,0.194,0.169,0.358
quick_careless,21.4,0.115,5,0,0,1.9,speeding_up,1,0,10.0,7,0,impulsive,0.466,0.096,0.63,0.254,0.286
quick_careless,26.2,0.117,4,0,0,1.7,stable,1,1,8.0,7,0,impulsive,0.421,0.478,0.158,0.411,0.636
quick_careless,19.0,0.16,3,0,0,2.2,stable,1,0,8.1,7,0,impulsive,0.353,0.085,0.179,0.27,0.464
quick_careless,18.7,0.144,5,0,0,1.4,speeding_up,3,0,8.6,7,0,impulsive,0.282,0.036,0.219,0.242,0.29
quick_careless,16.7,0.143,7,0,0,2.1,speeding_up,0,0,8.0,7,0,impulsive,0.521,0.341,0.241,0.438,0.292
quick_careless,16.0,0.092,3,0,0,2.0,speeding_up,0,0,7.4,7,0,impulsive,0.191,0.224,0.152,0.347,0.296
quick_careless,16.6,0.188,2,0,0,1.7,speeding_up,0,0,9.8,7,0,impulsive,0.04,0.091,0.525,0.135,0.431
quick_careless,26.3,0.144,4,0,0,1.7,speeding_up,1,0,9.2,7,0,impulsive,0.276,0.261,0.351,0.297,0.348
quick_careless,19.8,0.138,4,0,0,2.4,speeding_up,1,0,8.3,7,0,impulsive,0.417,0.457,0.179,0.471,0.734
quick_careless,20.4,0.18,3,0,0,1.9,speeding_up,0,0,8.3,7,0,impulsive,0.252,0.138,0.078,0.244,0.417
quick_careless,21.3,0.101,3,0,0,2.1,speeding_up,0,0,7.4,7,0,impulsive,0.427,0.289,0.192,0.302,0.527
quick_careless,21.2,0.134,4,0,1,2.0,speeding_up,0,0,8.1,7,0,impulsive,0.065,0.494,0.439,0.291,0.244
quick_careless,22.8,0.098,1,0,1,1.3,speeding_up,1,0,7.3,7,0,impulsive,0.279,0.682,0.51,0.494,0.635
quick_careless,26.9,0.19,2,0,0,1.5,speeding_up,1,0,8.0,7,0,impulsive,0.424,0.202,0.255,0.387,0.652
quick_careless,19.7,0.071,3,0,0,2.0,stable,0,0,9.6,7,0,impulsive,0.098,0.563,0.558,0.356,0.098
quick_careless,14.3,0.155,6,0,0,2.0,stable,0,0,7.6,7,0,impulsive,0.383,0.197,0.425,0.373,0.492
quick_careless,15.1,0.114,3,0,0,1.7,speeding_up,1,0,7.5,7,0,impulsive,0.449,0.22,0.124,0.423,0.349
quick_careless,20.9,0.158,1,0,0,1.8,stable,1,0,7.1,7,0,impulsive,0.531,0.373,0.234,0.444,0.429
quick_careless,22.9,0.172,5,0,0,1.8,stable,1,0,8.4,7,0,impulsive,0.104,0.122,0.078,0.166,0.331
quick_careless,23.5,0.14,2,0,0,2.2,speeding_up,1,0,8.9,7,0,impulsive,0.222,0.115,0.209,0.238,0.657
quick_careless,21.2,0.129,4,0,0,1.8,speeding_up,0,0,8.6,7,0,impulsive,0.629,0.319,0.412,0.477,0.336
quick_careless,25.6,0.136,5,0,0,2.3,speeding_up,3,0,9.0,7,0,impulsive,0.083,0.283,0.131,0.308,0.328
quick_careless,23.8,0.191,6,0,1,0.8,speeding_up,2,0,9.5,7,0,impulsive,0.248,0.113,0.24,0.296,0.296
quick_careless,22.0,0.159,6,0,0,1.7,stable,3,0,8.3,7,0,impulsive,0.468,0.442,0.168,0.41,0.476
quick_careless,18.8,0.148,2,0,0,0.8,speeding_up,2,0,7.8,7,0,impulsive,0.397,0.239,0.259,0.372,0.364
quick_careless,17.6,0.053,5,0,0,1.5,stable,0,1,8.7,7,0,impulsive,0.71,0.083,0.454,0.581,0.451
quick_careless,21.4,0.107,2,0,0,1.9,speeding_up,0,2,7.4,7,0,impulsive,0.194,0.278,0.379,0.349,0.503
quick_careless,23.4,0.071,5,0,0,1.6,speeding_up,0,1,7.9,7,0,impulsive,0.302,0.472,0.406,0.452,0.259
quick_careless,20.9,0.173,3,0,0,0.3,stable,0,0,7.4,7,0,impulsive,0.247,0.118,0.305,0.258,0.588
quick_careless,27.8,0.082,7,0,0,1.9,speeding_up,1,0,7.5,7,0,impulsive,0.5,0.429,0.2,0.465,0.289
quick_careless,23.8,0.103,4,0,0,2.0,speeding_up,2,0,9.1,7,0,impulsive,0.593,0.682,0.363,0.556,0.51
quick_careless,20.9,0.091,7,0,0,2.0,speeding_up,0,2,10.0,7,0,impulsive,0.284,0.338,0.204,0.397,0.659
quick_careless,22.7,0.118,5,0,0,1.7,stable,1,1,9.3,7,0,impulsive,0.529,0.668,0.177,0.62,0.254
quick_careless,28.2,0.095,4,0,0,2.2,stable,1,0,8.0,7,0,impulsive,0.117,0.051,0.174,0.223,0.656
quick_careless,10.8,0.108,4,0,0,2.5,speeding_up,0,0,9.5,7,0,impulsive,0.629,0.588,0.199,0.503,0.358
quick_careless,26.4,0.156,2,0,0,1.1,speeding_up,0,0,8.1,7,0,impulsive,0.286,0.157,0.428,0.216,0.196
quick_careless,22.5,0.119,1,0,0,1.7,speeding_up,2,0,8.6,7,0,impulsive,0.236,0.355,0.106,0.481,0.271
quick_careless,22.5,0.098,6,0,0,1.7,speeding_up,0,1,7.0,7,0,impulsive,0.118,0.18,0.569,0.191,0.466
quick_careless,18.3,0.05,4,0,0,2.6,speeding_up,2,0,10.0,7,0,impulsive,0.177,0.355,0.321,0.272,0.183
quick_careless,22.5,0.098,3,0,0,1.5,speeding_up,2,1,7.7,7,0,impulsive,0.35,0.129,0.077,0.313,0.308
quick_careless,26.4,0.117,2,0,0,2.5,speeding_up,0,0,9.1,7,0,impulsive,0.658,0.535,0.374,0.581,0.431
quick_careless,20.7,0.107,2,0,0,1.8,speeding_up,0,0,6.6,7,0,impulsive,0.29,0.424,0.726,0.295,0.222
quick_careless,21.9,0.102,1,0,0,1.7,speeding_up,0,1,7.8,7,0,impulsive,0.492,0.347,0.574,0.417,0.168
quick_careless,23.0,0.152,7,0,0,1.5,stable,1,0,7.5,7,0,impulsive,0.57,0.124,0.002,0.431,0.595
quick_careless,18.1,0.168,2,0,0,2.1,speeding_up,0,0,7.9,7,0,impulsive,0.794,0.184,0.465,0.523,0.247
quick_careless,24.9,0.123,3,0,0,2.2,speeding_up,0,0,8.1,7,0,impulsive,0.153,0.59,0.302,0.371,0.667
quick_careless,19.4,0.154,1,0,0,2.2,stable,1,1,9.4,7,0,impulsive,0.428,0.058,0.251,0.381,0.687
quick_careless,17.7,0.133,7,0,0,1.7,stable,1,1,8.9,7,0,impulsive,0.159,0.372,0.265,0.387,0.314
quick_careless,21.0,0.134,5,0,1,2.6,speeding_up,1,0,9.0,7,0,impulsive,0.226,0.331,0.518,0.358,0.486
quick_careless,22.6,0.055,2,0,0,1.3,stable,0,1,8.8,7,0,impulsive,0.218,0.199,0.492,0.31,0.593
quick_careless,21.5,0.151,5,0,0,2.2,speeding_up,0,0,7.7,7,0,impulsive,0.248,0.343,0.031,0.303,0.651
quick_careless,22.7,0.103,5,0,0,2.2,speeding_up,1,1,10.0,7,0,impulsive,0.45,0.023,0.085,0.332,0.214
quick_careless,19.9,0.151,3,0,0,1.9,stable,0,0,8.6,7,0,impulsive,0.454,0.261,0.24,0.448,0.585
quick_careless,20.5,0.171,1,0,0,1.8,speeding_up,3,0,8.5,7,0,impulsive,0.153,0.261,0.292,0.298,0.612
quick_careless,25.7,0.182,3,0,0,3.3,stable,0,0,10.0,7,0,impulsive,0.495,0.169,0.475,0.339,0.629
quick_careless,16.0,0.126,3,0,0,1.4,speeding_up,2,0,8.0,7,0,impulsive,0.546,0.29,0.474,0.49,0.539
quick_careless,28.4,0.159,2,0,0,2.4,stable,0,0,8.5,7,0,impulsive,0.517,0.135,0.642,0.42,0.188
quick_careless,21.0,0.145,5,0,0,2.2,speeding_up,2,0,7.7,7,0,impulsive,0.394,0.626,0.178,0.472,0.403
quick_careless,18.3,0.154,4,0,0,0.6,stable,1,0,8.2,7,0,impulsive,0.244,0.398,0.6,0.372,0.443
quick_careless,21.2,0.142,2,0,0,1.3,stable,1,0,7.9,7,0,impulsive,0.554,0.098,0.35,0.328,0.598
quick_careless,16.7,0.1,6,0,0,1.4,speeding_up,2,0,6.9,7,0,impulsive,0.308,0.309,0.406,0.369,0.377
quick_careless,14.8,0.139,4,0,0,1.2,stable,3,0,7.5,7,0,impulsive,0.578,0.514,0.204,0.521,0.252
quick_careless,21.9,0.078,4,0,0,1.6,speeding_up,1,0,8.2,7,0,impulsive,0.402,0.274,0.209,0.383,0.486
quick_careless,20.7,0.156,7,0,0,1.9,stable,1,0,8.8,7,0,impulsive,0.207,0.351,0.254,0.265,0.641
quick_careless,23.9,0.204,3,0,0,0.8,speeding_up,1,0,8.4,7,0,impulsive,0.686,0.441,0.62,0.518,0.458
quick_careless,19.6,0.106,4,0,0,1.6,speeding_up,0,0,8.8,7,0,impulsive,0.466,0.296,0.32,0.388,0.382
quick_careless,24.1,0.106,3,0,0,1.0,stable,1,1,8.6,7,0,impulsive,0.263,0.145,0.446,0.337,0.143
quick_careless,18.8,0.121,5,0,0,2.2,stable,2,0,8.6,7,0,impulsive,0.527,0.247,0.256,0.403,0.236
quick_careless,22.9,0.063,7,0,0,2.7,stable,0,1,8.4,7,0,impulsive,0.445,0.506,0.258,0.423,0.523
quick_careless,22.6,0.185,7,0,0,1.7,stable,0,0,8.3,7,0,impulsive,0.644,0.235,0.059,0.476,0.452
quick_careless,22.6,0.148,6,0,0,1.0,stable,0,0,8.1,7,0,impulsive,0.151,0.201,0.291,0.235,0.456
quick_careless,25.5,0.126,2,0,0,1.8,speeding_up,2,0,8.4,7,0,impulsive,0.462,0.194,0.419,0.353,0.558
quick_careless,22.8,0.064,7,0,0,1.9,stable,2,0,8.1,7,0,impulsive,0.814,0.184,0.072,0.59,0.321
quick_careless,23.3,0.126,6,0,1,1.5,speeding_up,1,1,6.2,7,0,impulsive,0.44,0.282,0.378,0.405,0.469
quick_careless,18.1,0.159,4,0,0,3.1,speeding_up,0,0,8.4,7,0,impulsive,0.126,0.277,0.107,0.349,0.2
quick_careless,25.1,0.075,5,0,0,1.0,speeding_up,1,1,7.3,7,0,impulsive,0.447,0.247,0.049,0.321,0.66
quick_careless,15.5,0.149,3,0,1,1.8,speeding_up,1,0,7.3,7,0,impulsive,0.284,0.298,0.282,0.374,0.392
quick_careless,25.4,0.132,1,0,0,0.7,speeding_up,0,1,8.4,7,0,impulsive,0.416,0.293,0.158,0.378,0.482
quick_careless,20.0,0.179,2,0,0,3.2,stable,0,0,7.0,7,0,impulsive,0.31,0.303,0.23,0.364,0.216
quick_careless,26.1,0.115,3,0,1,2.4,stable,1,0,7.3,7,0,impulsive,0.315,0.077,0.526,0.226,0.814
quick_careless,25.2,0.161,5,0,0,1.2,stable,0,2,8.3,7,0,impulsive,0.573,0.426,0.318,0.439,0.395
quick_careless,18.7,0.062,2,0,0,2.5,speeding_up,1,0,6.6,7,0,impulsive,0.715,0.101,0.172,0.393,0.701
quick_careless,16.8,0.05,2,0,0,2.3,stable,1,0,9.0,7,0,impulsive,0.283,0.443,0.729,0.462,0.424
quick_careless,26.8,0.137,1,0,0,2.8,speeding_up,1,0,8.9,7,0,impulsive,0.214,0.623,0.301,0.383,0.327
quick_careless,17.2,0.101,4,0,0,1.9,speeding_up,2,1,7.3,7,0,impulsive,0.184,0.497,0.062,0.3,0.289
quick_careless,13.5,0.133,2,0,0,1.3,speeding_up,0,1,8.0,7,0,impulsive,0.191,0.088,0.197,0.201,0.503
quick_careless,19.6,0.14,6,0,0,2.3,speeding_up,0,0,8.9,7,0,impulsive,0.132,0.491,0.334,0.42,0.418
quick_careless,15.8,0.166,1,0,1,1.4,stable,0,0,8.6,7,0,impulsive,0.677,0.085,0.261,0.417,0.305
quick_careless,17.5,0.109,7,0,0,1.9,speeding_up,0,0,9.5,7,0,impulsive,0.096,0.336,0.402,0.274,0.072
quick_careless,27.2,0.235,6,0,0,2.0,stable,0,0,8.0,7,0,impulsive,0.345,0.409,0.195,0.445,0.303
quick_careless,28.2,0.071,4,0,0,0.1,speeding_up,0,0,7.5,7,0,impulsive,0.253,0.164,0.494,0.324,0.52
quick_careless,26.5,0.11,1,0,0,2.2,speeding_up,1,0,7.3,7,0,impulsive,0.468,0.256,0.084,0.435,0.28
quick_careless,23.2,0.133,6,0,0,1.8,stable,1,1,8.5,7,0,impulsive,0.117,0.658,0.499,0.373,0.656
quick_careless,18.7,0.175,6,0,0,1.8,stable,1,1,8.0,7,0,impulsive,0.472,0.238,0.226,0.355,0.476
quick_careless,23.2,0.116,5,0,1,1.5,speeding_up,2,0,7.8,7,0,impulsive,0.135,0.51,0.092,0.296,0.489
quick_careless,21.6,0.129,7,0,0,1.7,speeding_up,0,1,7.4,7,0,impulsive,0.418,0.246,0.133,0.315,0.52
quick_careless,27.1,0.16,7,0,0,1.9,stable,2,0,8.7,7,0,impulsive,0.451,0.44,0.444,0.453,0.752
quick_careless,26.8,0.132,3,0,0,3.1,speeding_up,2,0,8.4,7,0,impulsive,0.203,0.201,0.104,0.285,0.52
quick_careless,30.5,0.16,3,0,0,2.0,speeding_up,1,1,8.6,7,0,impulsive,0.371,0.279,0.263,0.401,0.359
quick_careless,25.7,0.129,7,0,0,2.0,speeding_up,0,0,7.4,7,0,impulsive,0.158,0.114,0.351,0.237,0.317
quick_careless,25.9,0.163,7,0,0,0.3,stable,2,1,8.7,7,0,impulsive,0.123,0.366,0.142,0.298,0.219
quick_careless,22.7,0.045,2,0,1,1.6,speeding_up,0,0,7.7,7,0,impulsive,0.57,0.112,0.465,0.343,0.136
quick_careless,23.7,0.092,4,0,0,1.9,speeding_up,2,1,9.5,7,0,impulsive,0.371,0.11,0.252,0.31,0.645
quick_careless,31.9,0.125,0,0,0,2.0,speeding_up,0,0,7.4,7,0,impulsive,0.376,0.417,0.036,0.439,0.305
quick_careless,11.8,0.099,3,0,0,2.0,speeding_up,1,0,8.7,7,0,impulsive,0.658,0.283,0.348,0.395,0.549
quick_careless,22.1,0.181,6,0,0,1.6,speeding_up,1,0,8.5,7,0,impulsive,0.173,0.296,0.632,0.24,0.261
quick_careless,23.7,0.093,4,0,0,1.1,stable,0,2,7.9,7,0,impulsive,0.186,0.127,0.276,0.262,0.41
quick_careless,20.2,0.175,6,0,0,2.2,stable,0,0,9.0,7,0,impulsive,0.457,0.243,0.015,0.359,0.397
quick_careless,22.4,0.119,7,0,0,1.4,speeding_up,0,0,7.8,7,0,impulsive,0.525,0.361,0.14,0.517,0.516
quick_careless,19.6,0.108,2,0,0,0.8,stable,1,0,8.7,7,0,impulsive,0.488,0.365,0.041,0.489,0.255
quick_careless,18.4,0.141,3,0,0,2.0,stable,2,0,8.5,7,0,impulsive,0.062,0.47,0.568,0.312,0.792
quick_careless,22.8,0.157,4,0,0,2.1,stable,1,0,8.8,7,0,impulsive,0.134,0.42,0.418,0.331,0.645
quick_careless,22.0,0.19,3,0,0,2.2,speeding_up,1,1,10.0,7,0,impulsive,0.477,0.11,0.206,0.399,0.111
quick_careless,19.2,0.177,4,0,0,1.4,stable,3,0,10.0,7,0,impulsive,0.472,0.761,0.019,0.578,0.519
quick_careless,18.4,0.172,5,0,0,0.3,stable,2,0,8.0,7,0,impulsive,0.274,0.317,0.456,0.348,0.702
quick_careless,18.2,0.138,4,0,0,2.2,stable,0,1,8.6,7,0,impulsive,0.272,0.155,0.247,0.201,0.173
quick_careless,18.2,0.097,4,0,0,1.6,speeding_up,0,0,10.0,7,0,impulsive,0.112,0.16,0.357,0.117,0.5
quick_careless,28.5,0.106,3,0,0,1.4,stable,0,0,8.0,7,0,impulsive,0.253,0.539,0.31,0.425,0.534
quick_careless,20.7,0.118,2,0,0,1.4,stable,1,0,7.6,7,0,impulsive,0.745,0.193,0.48,0.589,0.432
quick_careless,20.0,0.103,4,0,0,2.1,speeding_up,0,0,7.4,7,0,impulsive,0.449,0.231,0.179,0.351,0.775
quick_careless,23.9,0.147,5,0,0,2.4,stable,0,0,6.6,7,0,impulsive,0.462,0.528,0.525,0.492,0.671
quick_careless,27.6,0.077,5,0,0,2.1,stable,1,0,6.5,7,0,impulsive,0.311,0.242,0.525,0.26,0.474
quick_careless,24.3,0.106,3,0,0,1.5,speeding_up,0,1,8.8,7,0,impulsive,0.616,0.256,0.239,0.361,0.082
quick_careless,29.2,0.155,2,0,0,1.4,stable,0,1,8.4,7,0,impulsive,0.196,0.422,0.222,0.356,0.587
quick_careless,21.3,0.176,2,0,0,0.4,stable,1,0,7.4,7,0,impulsive,0.542,0.299,0.445,0.463,0.459
quick_careless,17.9,0.088,4,0,0,2.1,speeding_up,3,0,8.9,7,0,impulsive,0.209,0.157,0.151,0.292,0.384
quick_careless,23.9,0.138,5,0,0,2.6,speeding_up,1,2,8.8,7,0,impulsive,0.068,0.445,0.151,0.288,0.323
quick_careless,18.5,0.187,2,0,0,3.0,speeding_up,1,0,9.6,7,0,impulsive,0.191,0.127,0.262,0.292,0.714
quick_careless,29.1,0.11,4,0,0,2.0,speeding_up,0,0,8.2,7,0,impulsive,0.311,0.62,0.175,0.506,0.706
quick_careless,26.4,0.152,6,0,0,2.1,stable,0,0,7.8,7,0,impulsive,0.1,0.271,0.179,0.283,0.651
quick_careless,28.5,0.2,7,0,0,2.6,speeding_up,1,0,8.8,7,0,impulsive,0.435,0.175,0.621,0.31,0.602
quick_careless,24.8,0.135,3,0,0,1.2,speeding_up,0,0,7.0,7,0,impulsive,0.544,0.273,0.27,0.389,0.242
quick_careless,15.4,0.089,4,0,0,1.9,speeding_up,0,0,7.8,7,0,impulsive,0.333,0.22,0.224,0.215,0.321
quick_careless,18.7,0.17,3,0,0,1.7,stable,0,0,8.2,7,0,impulsive,0.312,0.195,0.289,0.341,0.589
quick_careless,25.3,0.055,1,0,0,1.8,speeding_up,0,0,9.6,7,0,impulsive,0.42,0.486,0.272,0.413,0.398
quick_careless,23.4,0.071,1,0,0,1.8,speeding_up,0,0,7.5,7,0,impulsive,0.097,0.372,0.439,0.288,0.544
quick_careless,19.0,0.141,3,0,0,1.1,stable,0,1,7.4,7,0,impulsive,0.325,0.643,0.404,0.462,0.281
quick_careless,16.6,0.053,4,0,0,2.5,stable,0,0,7.6,7,0,impulsive,0.766,0.295,0.354,0.533,0.264
quick_careless,19.8,0.094,3,0,0,1.3,speeding_up,2,0,8.7,7,0,impulsive,0.585,0.413,0.554,0.551,0.284
quick_careless,19.1,0.161,4,0,1,1.7,speeding_up,0,0,7.6,7,0,impulsive,0.37,0.142,0.203,0.264,0.26
quick_careless,19.2,0.072,2,0,1,2.1,speeding_up,0,0,8.2,7,0,impulsive,0.285,0.57,0.175,0.422,0.355
quick_careless,29.9,0.165,3,0,0,1.7,speeding_up,1,0,8.8,7,0,impulsive,0.478,0.28,0.488,0.428,0.53
quick_careless,20.4,0.196,2,0,0,1.5,stable,2,0,8.9,7,0,impulsive,0.395,0.228,0.055,0.419,0.527
quick_careless,20.1,0.115,5,0,0,3.0,stable,1,0,8.2,7,0,impulsive,0.555,0.297,0.257,0.438,0.811
quick_careless,23.7,0.088,7,0,0,1.7,speeding_up,0,0,8.9,7,0,impulsive,0.53,0.353,0.142,0.543,0.27
quick_careless,23.8,0.127,4,0,0,2.8,speeding_up,1,0,8.3,7,0,impulsive,0.171,0.216,0.545,0.304,0.355
quick_careless,26.0,0.12,5,0,0,1.3,stable,0,0,8.0,7,0,impulsive,0.271,0.23,0.068,0.368,0.124
quick_careless,23.8,0.138,6,0,0,2.6,speeding_up,2,0,10.0,7,0,impulsive,0.132,0.081,0.211,0.191,0.287
quick_careless,21.9,0.089,2,0,0,1.6,stable,1,0,7.0,7,0,impulsive,0.428,0.2,0.364,0.354,0.569
quick_careless,22.1,0.033,4,0,0,1.3,speeding_up,0,0,7.8,7,0,impulsive,0.48,0.143,0.151,0.32,0.633
quick_careless,34.6,0.114,4,0,0,1.7,stable,1,0,6.6,7,0,impulsive,0.355,0.095,0.524,0.285,0.458
quick_careless,27.2,0.088,1,0,0,2.2,speeding_up,1,1,8.3,7,0,impulsive,0.67,0.198,0.22,0.426,0.183
quick_careless,26.8,0.135,2,0,0,2.3,speeding_up,0,0,7.3,7,0,impulsive,0.612,0.102,0.408,0.405,0.334
quick_careless,18.5,0.114,1,0,0,2.4,speeding_up,0,0,8.5,7,0,impulsive,0.58,0.125,0.297,0.416,0.292
quick_careless,22.5,0.172,2,0,0,1.2,stable,2,0,9.7,7,0,impulsive,0.333,0.591,0.473,0.469,0.271
quick_careless,22.9,0.148,3,0,0,1.3,speeding_up,0,0,8.2,7,0,impulsive,0.075,0.18,0.135,0.244,0.326
quick_careless,17.1,0.085,4,0,0,1.9,speeding_up,0,0,8.4,7,0,impulsive,0.286,0.064,0.24,0.248,0.37
quick_careless,24.7,0.069,4,0,0,2.1,speeding_up,0,0,9.9,7,0,impulsive,0.269,0.213,0.523,0.261,0.493
quick_careless,21.3,0.147,3,0,0,2.2,speeding_up,0,0,9.4,7,0,impulsive,0.334,0.682,0.368,0.486,0.156
quick_careless,21.8,0.13,3,0,0,1.3,stable,0,0,8.4,7,0,impulsive,0.331,0.409,0.092,0.406,0.581
quick_careless,23.9,0.121,6,0,0,1.6,speeding_up,0,0,8.1,7,0,impulsive,0.22,0.096,0.516,0.23,0.268
quick_careless,23.9,0.117,7,0,0,1.8,speeding_up,0,1,7.4,7,0,impulsive,0.591,0.406,0.224,0.459,0.4
quick_careless,22.3,0.101,7,0,0,1.7,stable,0,0,8.7,7,0,impulsive,0.095,0.233,0.322,0.225,0.463
quick_careless,19.1,0.162,2,0,0,2.0,stable,1,0,9.9,7,0,impulsive,0.309,0.747,0.268,0.522,0.429
quick_careless,29.2,0.188,3,0,0,2.1,speeding_up,1,0,8.9,7,0,impulsive,0.049,0.216,0.814,0.15,0.217
quick_careless,21.0,0.096,4,0,0,1.8,speeding_up,0,0,9.2,7,0,impulsive,0.478,0.241,0.061,0.426,0.394
quick_careless,28.0,0.102,4,0,1,2.2,speeding_up,0,0,8.1,7,0,impulsive,0.571,0.269,0.332,0.389,0.354
quick_careless,29.9,0.081,2,0,0,2.0,speeding_up,2,0,9.8,7,0,impulsive,0.594,0.089,0.052,0.374,0.258
quick_careless,19.4,0.186,4,0,0,1.7,stable,0,0,9.2,7,0,impulsive,0.322,0.267,0.477,0.318,0.626
quick_careless,20.9,0.153,3,0,1,1.7,stable,0,0,9.4,7,0,impulsive,0.379,0.517,0.323,0.448,0.436
quick_careless,20.0,0.124,4,0,0,1.8,stable,1,1,9.1,7,0,impulsive,0.424,0.115,0.355,0.286,0.575
quick_careless,26.3,0.173,3,0,0,1.2,speeding_up,0,0,8.7,7,0,impulsive,0.441,0.293,0.105,0.449,0.191
quick_careless,21.4,0.117,2,0,0,2.3,stable,1,0,8.6,7,0,impulsive,0.204,0.287,0.132,0.307,0.729
quick_careless,20.4,0.164,1,0,0,2.6,speeding_up,1,0,7.9,7,0,impulsive,0.471,0.294,0.155,0.416,0.556
quick_careless,16.2,0.118,3,0,0,0.9,stable,1,0,6.1,7,0,impulsive,0.114,0.4,0.035,0.311,0.361
quick_careless,22.4,0.096,5,0,0,1.3,speeding_up,0,0,7.4,7,0,impulsive,0.152,0.162,0.62,0.238,0.525
quick_careless,25.5,0.121,2,0,0,1.3,stable,0,1,10.0,7,0,impulsive,0.233,0.464,0.556,0.41,0.323
quick_careless,21.4,0.01,6,0,0,2.3,stable,0,0,6.5,7,0,impulsive,0.242,0.42,0.161,0.41,0.342
quick_careless,25.0,0.156,5,0,0,1.0,speeding_up,0,0,8.0,7,0,impulsive,0.233,0.126,0.407,0.283,0.294
quick_careless,16.4,0.11,2,0,0,2.1,speeding_up,0,0,9.0,7,0,impulsive,0.527,0.403,0.278,0.439,0.204
quick_careless,23.6,0.111,6,0,0,1.5,speeding_up,0,0,9.3,7,0,impulsive,0.839,0.046,0.299,0.41,0.202
quick_careless,25.7,0.179,6,0,0,2.3,speeding_up,0,1,8.0,7,0,impulsive,0.496,0.392,0.269,0.364,0.49
quick_careless,18.8,0.143,5,0,0,1.6,speeding_up,0,0,7.2,7,0,impulsive,0.486,0.065,0.596,0.283,0.403
quick_careless,27.9,0.061,2,0,0,2.0,stable,0,0,8.1,7,0,impulsive,0.366,0.493,0.218,0.437,0.847
quick_careless,25.1,0.157,3,0,0,1.1,stable,1,0,9.5,7,0,impulsive,0.273,0.54,0.19,0.517,0.19
quick_careless,16.1,0.076,5,0,1,1.3,stable,1,0,7.0,7,0,impulsive,0.504,0.167,0.392,0.363,0.488
quick_careless,20.4,0.113,1,0,0,1.4,stable,0,0,9.3,7,0,impulsive,0.357,0.443,0.066,0.427,0.161
quick_careless,23.6,0.097,6,0,0,2.4,speeding_up,0,0,7.6,7,0,impulsive,0.205,0.378,0.1,0.402,0.568
quick_careless,21.4,0.096,3,0,0,2.3,speeding_up,0,0,9.7,7,0,impulsive,0.371,0.121,0.391,0.31,0.143
quick_careless,22.1,0.086,3,0,0,2.4,stable,1,0,8.8,7,0,impulsive,0.738,0.326,0.249,0.663,0.231
quick_careless,22.3,0.165,2,0,0,1.5,speeding_up,0,1,6.7,7,0,impulsive,0.29,0.238,0.348,0.336,0.288
quick_careless,18.8,0.166,2,0,0,1.9,speeding_up,1,0,8.6,7,0,impulsive,0.222,0.114,0.413,0.186,0.797
quick_careless,24.1,0.178,5,0,0,2.0,stable,0,0,8.4,7,0,impulsive,0.049,0.047,0.351,0.085,0.253
quick_careless,17.2,0.114,2,0,0,1.8,speeding_up,0,0,9.3,7,0,impulsive,0.351,0.324,0.056,0.362,0.583
quick_careless,23.6,0.163,7,0,0,1.1,stable,1,0,8.1,7,0,impulsive,0.513,0.288,0.372,0.343,0.683
quick_careless,25.3,0.107,1,0,0,2.0,speeding_up,1,0,9.1,7,0,impulsive,0.336,0.416,0.225,0.374,0.076
quick_careless,17.5,0.118,2,0,0,2.5,speeding_up,1,0,8.2,7,0,impulsive,0.23,0.542,0.359,0.385,0.376
quick_careless,10.9,0.119,4,0,0,1.4,speeding_up,2,0,7.0,7,0,impulsive,0.221,0.304,0.19,0.292,0.713
quick_careless,19.8,0.128,1,0,0,1.5,stable,0,0,8.5,7,0,impulsive,0.371,0.215,0.021,0.337,0.288
quick_careless,19.6,0.139,4,0,0,2.4,speeding_up,0,0,8.5,7,0,impulsive,0.435,0.642,0.127,0.594,0.249
quick_careless,30.0,0.116,1,0,0,2.1,stable,1,1,8.4,7,0,impulsive,0.667,0.242,0.236,0.506,0.135
quick_careless,25.5,0.139,4,0,0,1.7,speeding_up,0,0,7.9,7,0,impulsive,0.46,0.361,0.332,0.394,0.381
quick_careless,17.9,0.116,2,0,0,2.3,speeding_up,0,1,7.7,7,0,impulsive,0.354,0.01,0.531,0.26,0.216
quick_careless,25.3,0.112,7,0,0,1.3,stable,0,0,8.4,7,0,impulsive,0.202,0.113,0.213,0.185,0.777
quick_careless,19.2,0.131,6,0,0,2.3,stable,1,1,8.6,7,0,impulsive,0.151,0.283,0.328,0.287,0.599
quick_careless,29.1,0.104,3,0,0,1.4,speeding_up,1,1,8.7,7,0,impulsive,0.291,0.608,0.541,0.412,0.184
quick_careless,20.6,0.111,4,0,0,2.8,speeding_up,1,1,8.5,7,0,impulsive,0.62,0.256,0.186,0.375,0.497
quick_careless,24.7,0.062,3,0,0,2.3,stable,0,0,8.3,7,0,impulsive,0.433,0.187,0.36,0.399,0.344
quick_careless,16.1,0.12,3,0,0,2.6,speeding_up,2,1,9.0,7,0,impulsive,0.252,0.037,0.267,0.212,0.324
quick_careless,23.8,0.189,4,0,1,1.7,speeding_up,0,0,9.1,7,0,impulsive,0.327,0.15,0.283,0.256,0.201
quick_careless,18.2,0.141,7,0,1,2.4,speeding_up,1,0,10.0,7,0,impulsive,0.261,0.331,0.121,0.401,0.32
quick_careless,29.7,0.117,2,0,0,2.0,speeding_up,1,1,8.1,7,0,impulsive,0.561,0.056,0.253,0.363,0.715
quick_careless,23.5,0.179,4,0,0,0.9,speeding_up,0,0,8.9,7,0,impulsive,0.184,0.271,0.071,0.259,0.378
quick_careless,25.5,0.071,5,0,0,0.5,stable,0,0,9.0,7,0,impulsive,0.117,0.264,0.358,0.224,0.642
quick_careless,30.9,0.106,2,0,0,1.9,speeding_up,2,0,10.0,7,0,impulsive,0.446,0.051,0.296,0.297,0.262
quick_careless,20.9,0.174,3,0,0,2.3,stable,0,0,9.9,7,0,impulsive,0.391,0.16,0.275,0.341,0.251
quick_careless,20.1,0.042,5,0,0,1.8,speeding_up,0,0,8.2,7,0,impulsive,0.301,0.202,0.435,0.353,0.422
quick_careless,23.1,0.065,3,0,0,2.0,speeding_up,1,1,8.7,7,0,impulsive,0.161,0.23,0.331,0.289,0.521
quick_careless,26.6,0.106,1,0,0,2.1,stable,0,0,8.4,7,0,impulsive,0.477,0.059,0.5,0.287,0.534
quick_careless,23.0,0.115,4,0,0,3.4,speeding_up,0,0,9.2,7,0,impulsive,0.233,0.486,0.345,0.327,0.341
quick_careless,14.1,0.061,5,0,0,1.9,stable,2,1,9.4,7,0,impulsive,0.502,0.22,0.336,0.389,0.3
quick_careless,30.5,0.171,0,0,0,2.3,speeding_up,0,0,10.0,7,0,impulsive,0.479,0.081,0.229,0.264,0.338
quick_careless,16.8,0.105,5,0,0,0.9,speeding_up,0,0,7.4,7,0,impulsive,0.36,0.284,0.279,0.374,0.396
quick_careless,23.5,0.079,0,0,0,1.9,stable,0,0,9.8,7,0,impulsive,0.336,0.174,0.398,0.255,0.747
quick_careless,19.3,0.037,5,0,0,2.5,stable,0,0,7.8,7,0,impulsive,0.421,0.434,0.257,0.501,0.471
quick_careless,24.8,0.057,1,0,0,2.0,stable,0,0,8.6,7,0,impulsive,0.224,0.802,0.278,0.544,0.318
quick_careless,17.7,0.155,4,0,0,2.1,stable,1,0,8.1,7,0,impulsive,0.25,0.086,0.397,0.241,0.231
quick_careless,26.4,0.118,7,0,0,1.5,speeding_up,1,0,7.1,7,0,impulsive,0.492,0.128,0.1,0.36,0.653
quick_careless,20.2,0.126,5,0,1,1.2,speeding_up,0,0,8.8,7,0,impulsive,0.409,0.169,0.347,0.399,0.348
quick_careless,21.8,0.085,5,0,0,1.0,speeding_up,0,0,8.6,7,0,impulsive,0.457,0.144,0.586,0.352,0.554
quick_careless,17.2,0.145,3,0,1,1.5,speeding_up,0,1,8.8,7,0,impulsive,0.143,0.399,0.513,0.257,0.375
quick_careless,19.2,0.124,4,0,0,2.0,stable,2,1,9.4,7,0,impulsive,0.277,0.416,0.546,0.239,0.379
quick_careless,18.0,0.099,6,0,0,1.8,stable,1,0,8.6,7,0,impulsive,0.129,0.293,0.143,0.291,0.582
quick_careless,21.5,0.143,7,0,1,0.6,stable,0,0,8.7,7,0,impulsive,0.279,0.197,0.591,0.265,0.551
quick_careless,20.0,0.122,7,0,0,1.6,speeding_up,0,0,8.0,7,0,impulsive,0.402,0.119,0.569,0.223,0.452
quick_careless,16.2,0.014,6,0,0,1.6,speeding_up,0,0,7.2,7,0,impulsive,0.46,0.488,0.606,0.418,0.415
quick_careless,18.3,0.117,3,0,1,1.9,speeding_up,2,0,7.5,7,0,impulsive,0.417,0.363,0.072,0.468,0.41
quick_careless,19.6,0.059,3,0,0,2.1,stable,1,0,8.3,7,0,impulsive,0.664,0.659,0.313,0.652,0.435
quick_careless,24.2,0.146,2,0,1,2.9,stable,2,1,9.1,7,0,impulsive,0.394,0.09,0.215,0.284,0.187
quick_careless,22.9,0.109,6,0,0,1.6,stable,1,0,7.4,7,0,impulsive,0.158,0.262,0.192,0.272,0.528
quick_careless,27.5,0.132,5,0,0,1.5,speeding_up,1,1,8.2,7,0,impulsive,0.447,0.371,0.219,0.349,0.366
quick_careless,16.6,0.136,5,0,0,2.4,speeding_up,3,0,9.2,7,0,impulsive,0.257,0.301,0.413,0.322,0.336
quick_careless,25.5,0.014,6,0,0,2.0,speeding_up,0,1,8.1,7,0,impulsive,0.372,0.126,0.262,0.303,0.533
quick_careless,22.0,0.142,3,0,0,1.1,speeding_up,0,0,7.6,7,0,impulsive,0.264,0.141,0.659,0.22,0.71
quick_careless,28.3,0.119,4,0,0,1.3,speeding_up,0,0,8.9,7,0,impulsive,0.794,0.351,0.093,0.52,0.654
quick_careless,20.9,0.084,2,0,0,1.5,speeding_up,0,0,8.6,7,0,impulsive,0.024,0.312,0.306,0.255,0.123
quick_careless,13.1,0.112,3,0,0,1.3,stable,2,1,8.6,7,0,impulsive,0.39,0.144,0.27,0.329,0.549
quick_careless,23.8,0.193,5,0,0,0.9,stable,1,0,8.9,7,0,impulsive,0.506,0.281,0.155,0.391,0.582
quick_careless,25.0,0.118,4,0,1,2.5,stable,0,0,8.4,7,0,impulsive,0.137,0.143,0.054,0.212,0.703
quick_careless,20.4,0.136,7,0,0,2.8,speeding_up,0,0,8.0,7,0,impulsive,0.131,0.263,0.634,0.229,0.397
quick_careless,22.2,0.119,4,0,0,2.2,stable,1,0,8.8,7,0,impulsive,0.185,0.245,0.251,0.308,0.17
quick_careless,30.1,0.122,5,0,1,1.4,stable,1,0,8.5,7,0,impulsive,0.271,0.338,0.583,0.301,0.287
quick_careless,19.4,0.099,6,0,0,1.0,stable,2,1,8.9,7,0,impulsive,0.389,0.232,0.307,0.377,0.345
quick_careless,18.0,0.171,2,0,1,1.6,stable,3,1,9.8,7,0,impulsive,0.337,0.061,0.466,0.322,0.509
quick_careless,26.7,0.095,3,0,0,2.5,speeding_up,2,1,7.9,7,0,impulsive,0.423,0.092,0.393,0.386,0.747
quick_careless,20.2,0.175,1,0,0,1.8,speeding_up,1,0,8.7,7,0,impulsive,0.645,0.336,0.432,0.5,0.688
quick_careless,29.6,0.148,4,0,1,1.0,speeding_up,0,1,8.4,7,0,impulsive,0.351,0.277,0.528,0.395,0.602
quick_careless,31.0,0.123,2,0,0,1.7,speeding_up,1,0,8.8,7,0,impulsive,0.453,0.507,0.857,0.569,0.354
quick_careless,22.4,0.154,4,0,1,2.0,stable,0,0,8.2,7,0,impulsive,0.025,0.093,0.22,0.165,0.57
quick_careless,24.1,0.113,6,0,0,2.1,speeding_up,0,0,8.6,7,0,impulsive,0.139,0.143,0.033,0.188,0.297
quick_careless,17.2,0.115,3,0,0,2.0,speeding_up,1,0,9.1,7,0,impulsive,0.507,0.521,0.339,0.501,0.51
quick_careless,22.1,0.121,5,0,1,1.7,speeding_up,0,1,7.8,7,0,impulsive,0.34,0.155,0.366,0.343,0.641
quick_careless,19.3,0.156,0,0,0,2.8,stable,1,0,8.5,7,0,impulsive,0.569,0.349,0.114,0.52,0.613
quick_careless,23.5,0.153,4,0,0,1.4,speeding_up,0,0,8.7,7,0,impulsive,0.522,0.224,0.025,0.433,0.324
quick_careless,18.7,0.205,2,0,0,2.6,speeding_up,1,0,8.6,7,0,impulsive,0.455,0.147,0.241,0.378,0.483
quick_careless,16.8,0.159,4,0,0,2.0,stable,1,1,7.8,7,0,impulsive,0.342,0.512,0.305,0.389,0.466
quick_careless,17.3,0.071,4,0,0,1.7,stable,2,1,7.0,7,0,impulsive,0.146,0.148,0.283,0.124,0.111
quick_careless,20.9,0.115,5,0,0,2.0,speeding_up,0,0,9.3,7,0,impulsive,0.484,0.537,0.128,0.493,0.371
quick_careless,18.8,0.136,3,0,0,2.1,stable,0,0,8.3,7,0,impulsive,0.453,0.353,0.136,0.386,0.356
quick_careless,25.1,0.159,1,0,0,1.4,speeding_up,0,0,7.7,7,0,impulsive,0.382,0.476,0.473,0.403,0.413
quick_careless,23.7,0.149,2,0,0,1.7,speeding_up,0,0,7.8,7,0,impulsive,0.31,0.144,0.354,0.187,0.359
quick_careless,17.6,0.049,3,0,0,1.7,speeding_up,0,0,8.6,7,0,impulsive,0.261,0.145,0.285,0.368,0.427
quick_careless,24.1,0.157,3,0,0,2.5,speeding_up,0,0,9.1,7,0,impulsive,0.456,0.338,0.322,0.437,0.693
quick_careless,22.3,0.132,7,0,0,2.3,stable,3,0,7.9,7,0,impulsive,0.459,0.304,0.535,0.458,0.273
quick_careless,23.4,0.187,2,0,0,1.6,speeding_up,0,0,7.8,7,0,impulsive,0.295,0.349,0.478,0.257,0.484
quick_careless,21.2,0.21,0,0,0,0.9,speeding_up,0,0,7.7,7,0,impulsive,0.258,0.369,0.504,0.357,0.195
quick_careless,11.5,0.123,5,0,0,1.9,stable,0,0,8.1,7,0,impulsive,0.378,0.246,0.31,0.35,0.418
quick_careless,20.5,0.132,1,0,0,2.3,speeding_up,0,1,10.0,7,0,impulsive,0.281,0.201,0.413,0.253,0.414
quick_careless,29.3,0.207,2,0,0,1.6,speeding_up,2,0,9.1,7,0,impulsive,0.11,0.121,0.273,0.176,0.184
quick_careless,19.3,0.121,5,0,0,2.2,speeding_up,1,0,7.0,7,0,impulsive,0.259,0.295,0.456,0.33,0.45
quick_careless,26.7,0.056,6,0,0,1.8,speeding_up,0,0,10.0,7,0,impulsive,0.706,0.194,0.046,0.437,0.239
quick_careless,21.5,0.091,4,0,0,1.8,speeding_up,1,0,8.4,7,0,impulsive,0.188,0.287,0.271,0.351,0.634
quick_careless,17.8,0.097,3,0,0,2.2,speeding_up,0,0,9.1,7,0,impulsive,0.15,0.115,0.13,0.214,0.301
quick_careless,20.2,0.052,7,0,0,2.5,speeding_up,3,0,8.5,7,0,impulsive,0.257,0.57,0.601,0.556,0.308
quick_careless,19.3,0.047,1,0,1,1.4,speeding_up,1,0,8.7,7,0,impulsive,0.278,0.462,0.24,0.38,0.549
quick_careless,26.2,0.11,5,0,0,2.1,stable,1,1,9.8,7,0,impulsive,0.202,0.414,0.141,0.353,0.226
quick_careless,21.8,0.117,3,0,0,1.8,stable,1,0,7.5,7,0,impulsive,0.195,0.394,0.282,0.442,0.741
quick_careless,19.0,0.073,6,0,0,1.9,speeding_up,1,0,8.0,7,0,impulsive,0.328,0.187,0.495,0.322,0.332
quick_careless,15.7,0.124,0,0,0,2.6,stable,2,0,8.4,7,0,impulsive,0.509,0.151,0.168,0.441,0.655
quick_careless,21.8,0.14,4,0,1,2.0,stable,0,1,8.2,7,0,impulsive,0.772,0.129,0.097,0.402,0.779
quick_careless,15.0,0.108,7,0,0,2.1,speeding_up,0,0,8.5,7,0,impulsive,0.546,0.272,0.309,0.413,0.215
quick_careless,19.6,0.078,5,0,0,2.7,speeding_up,2,1,8.9,7,0,impulsive,0.179,0.091,0.131,0.123,0.134
quick_careless,25.9,0.143,2,0,0,2.6,speeding_up,1,0,8.3,7,0,impulsive,0.306,0.325,0.265,0.347,0.669
quick_careless,21.8,0.115,6,0,0,1.5,speeding_up,0,1,9.2,7,0,impulsive,0.711,0.27,0.186,0.578,0.502
quick_careless,20.3,0.044,7,0,0,2.2,speeding_up,0,0,9.3,7,0,impulsive,0.424,0.276,0.384,0.359,0.561
quick_careless,32.6,0.147,5,0,0,2.9,speeding_up,2,0,9.8,7,0,impulsive,0.255,0.227,0.257,0.336,0.763
quick_careless,19.4,0.118,1,0,0,1.9,speeding_up,3,1,8.5,7,0,impulsive,0.148,0.496,0.362,0.391,0.71
quick_careless,14.7,0.132,7,0,0,2.2,speeding_up,0,0,9.4,7,0,impulsive,0.076,0.113,0.182,0.274,0.487
quick_careless,17.2,0.043,3,0,0,1.5,stable,0,0,7.8,7,0,impulsive,0.655,0.048,0.022,0.38,0.201
quick_careless,13.0,0.143,3,0,0,1.6,speeding_up,0,0,7.7,7,0,impulsive,0.286,0.276,0.187,0.323,0.51
quick_careless,18.5,0.127,1,0,0,1.5,stable,0,1,8.3,7,0,impulsive,0.371,0.652,0.213,0.44,0.557
quick_careless,22.5,0.099,4,0,0,1.4,speeding_up,1,0,9.1,7,0,impulsive,0.582,0.594,0.449,0.583,0.458
quick_careless,20.2,0.106,7,0,0,1.5,speeding_up,1,0,8.6,7,0,impulsive,0.183,0.159,0.383,0.254,0.424
quick_careless,12.4,0.136,7,0,0,1.4,speeding_up,1,0,8.3,7,0,impulsive,0.305,0.154,0.173,0.401,0.308
quick_careless,19.7,0.126,2,0,0,1.3,stable,0,1,7.5,7,0,impulsive,0.416,0.271,0.216,0.369,0.332
quick_careless,15.1,0.023,3,0,0,1.5,stable,2,1,9.4,7,0,impulsive,0.405,0.391,0.361,0.417,0.218
quick_careless,19.4,0.111,3,0,0,1.2,speeding_up,1,0,7.2,7,0,impulsive,0.271,0.337,0.1,0.359,0.534
slow_thorough,90.2,0.263,0,3,3,6.7,stable,1,3,6.5,7,0,deliberate,0.906,0.876,0.897,0.873,0.388
slow_thorough,114.7,0.327,0,4,2,8.1,slowing_down,5,5,7.3,7,0,deliberate,0.671,0.795,0.916,0.696,0.501
slow_thorough,114.5,0.264,0,6,0,9.2,slowing_down,3,8,6.6,7,0,deliberate,0.646,0.741,0.805,0.761,0.726
slow_thorough,86.5,0.271,0,2,0,6.8,slowing_down,2,3,7.1,7,0,deliberate,0.912,0.987,0.758,0.871,0.251
slow_thorough,100.0,0.169,0,7,3,12.1,slowing_down,7,0,7.3,7,0,deliberate,0.595,0.781,0.795,0.611,0.828
slow_thorough,107.0,0.13,0,7,0,11.6,slowing_down,2,3,7.5,7,0,deliberate,0.904,0.917,0.539,0.879,0.767
slow_thorough,110.8,0.339,0,5,0,7.6,slowing_down,6,0,7.0,7,0,deliberate,0.841,0.833,0.64,0.857,0.642
slow_thorough,95.0,0.249,0,6,4,13.5,stable,2,2,8.1,7,0,deliberate,0.629,0.892,0.816,0.77,0.669
slow_thorough,106.5,0.21,0,4,1,8.1,slowing_down,3,3,7.8,7,0,deliberate,0.653,0.586,0.807,0.513,0.646
slow_thorough,120.7,0.308,0,5,4,10.6,slowing_down,2,4,6.2,7,0,deliberate,0.716,0.708,0.914,0.669,0.637
slow_thorough,104.8,0.234,0,2,4,6.2,slowing_down,3,5,7.9,7,0,deliberate,0.838,0.817,0.762,0.773,0.549
slow_thorough,100.4,0.121,0,4,2,7.3,slowing_down,8,3,7.6,7,0,deliberate,0.798,0.583,0.803,0.692,0.669
slow_thorough,104.5,0.26,0,5,2,8.4,slowing_down,4,2,7.6,7,0,deliberate,0.683,0.828,0.822,0.685,0.459
slow_thorough,141.4,0.329,0,3,2,14.2,stable,4,4,8.2,7,0,deliberate,0.865,0.812,0.878,0.785,0.574
slow_thorough,95.2,0.228,0,3,2,7.7,slowing_down,6,1,7.8,7,0,deliberate,0.656,0.839,0.815,0.716,0.791
slow_thorough,98.2,0.322,0,5,0,10.4,slowing_down,3,3,7.6,7,0,deliberate,0.97,0.788,0.437,0.75,0.398
slow_thorough,97.8,0.259,0,4,3,14.7,stable,5,5,7.7,7,0,deliberate,0.855,0.858,0.852,0.836,0.63
slow_thorough,115.0,0.161,0,3,2,12.9,stable,8,1,7.9,7,0,deliberate,0.871,0.841,0.737,0.7,0.707
slow_thorough,113.7,0.314,0,3,3,9.1,stable,10,5,6.3,7,0,deliberate,0.769,0.838,0.757,0.725,0.89
slow_thorough,79.6,0.256,0,7,1,9.7,stable,2,3,8.2,7,0,deliberate,0.708,0.863,0.865,0.742,0.543
slow_thorough,106.3,0.178,0,3,4,12.7,slowing_down,1,8,7.5,7,0,deliberate,0.672,0.739,0.735,0.637,0.364
slow_thorough,68.0,0.198,0,3,3,10.8,slowing_down,4,8,6.4,7,0,deliberate,0.877,0.862,0.68,0.719,0.55
slow_thorough,110.8,0.307,0,6,0,8.2,stable,5,2,6.3,7,0,deliberate,0.709,0.538,0.959,0.636,0.555
slow_thorough,102.3,0.242,0,3,2,11.7,stable,4,5,6.5,7,0,deliberate,0.811,0.867,0.732,0.803,0.65
slow_thorough,109.9,0.354,0,3,2,8.9,slowing_down,5,2,7.4,7,0,deliberate,0.502,0.666,0.607,0.493,0.619
slow_thorough,100.1,0.09,0,5,3,12.3,stable,5,3,7.5,7,0,deliberate,0.86,0.931,0.719,0.74,0.484
slow_thorough,107.7,0.214,0,3,1,8.3,slowing_down,6,5,9.8,7,0,deliberate,0.756,0.916,0.84,0.747,0.713
slow_thorough,117.7,0.169,0,6,2,10.7,stable,7,3,5.9,7,0,deliberate,0.88,0.972,0.926,0.869,0.727
slow_thorough,98.1,0.231,0,6,3,8.3,stable,3,4,6.9,7,0,deliberate,0.932,0.867,0.637,0.804,0.506
slow_thorough,101.8,0.262,0,3,3,8.3,slowing_down,5,4,9.0,7,0,deliberate,0.796,0.782,0.88,0.718,0.412
slow_thorough,90.8,0.461,0,2,4,4.3,slowing_down,4,1,8.1,7,0,deliberate,0.951,0.856,0.78,0.779,0.51
slow_thorough,114.5,0.045,0,2,4,6.2,slowing_down,4,2,6.5,7,0,deliberate,0.747,0.963,0.497,0.819,0.928
slow_thorough,95.4,0.277,0,3,1,11.0,slowing_down,3,1,7.4,7,0,deliberate,0.797,0.639,0.601,0.733,0.785
slow_thorough,88.8,0.179,0,6,1,9.7,stable,5,3,7.4,7,0,deliberate,0.834,0.852,0.942,0.717,0.742
slow_thorough,112.7,0.225,0,4,2,10.5,slowing_down,5,5,8.1,7,0,deliberate,0.647,0.647,0.576,0.584,0.637
slow_thorough,106.1,0.225,0,5,3,12.3,stable,5,5,7.3,7,0,deliberate,0.712,0.802,0.805,0.738,0.414
slow_thorough,118.7,0.35,0,2,2,9.9,slowing_down,2,3,7.6,7,0,deliberate,0.886,0.853,0.939,0.808,0.48
slow_thorough,98.8,0.23,0,4,1,8.1,stable,4,8,9.1,7,0,deliberate,0.854,0.727,0.908,0.725,0.495
slow_thorough,106.7,0.298,0,5,5,8.0,slowing_down,4,2,8.5,7,0,deliberate,0.792,0.662,0.885,0.62,0.396
slow_thorough,108.5,0.351,0,0,1,12.6,slowing_down,6,1,7.2,7,0,deliberate,0.929,0.578,0.378,0.683,0.768
slow_thorough,101.1,0.19,0,1,3,11.8,stable,8,4,8.8,7,0,deliberate,0.813,0.748,0.762,0.759,0.673
slow_thorough,108.2,0.139,0,4,1,8.6,slowing_down,6,1,6.3,7,0,deliberate,0.931,0.759,0.884,0.86,0.542
slow_thorough,106.7,0.198,0,4,1,10.3,stable,2,1,5.8,7,0,deliberate,0.796,0.551,0.732,0.594,0.79
slow_thorough,115.3,0.379,0,3,3,10.2,stable,7,3,9.1,7,0,deliberate,0.894,0.858,0.821,0.8,0.502
slow_thorough,127.4,0.165,0,2,3,10.0,stable,3,3,8.8,7,0,deliberate,0.77,0.903,0.781,0.786,0.394
slow_thorough,90.3,0.362,0,4,2,8.6,stable,1,1,5.4,7,0,deliberate,0.847,0.681,0.769,0.799,0.619
slow_thorough,98.5,0.261,0,4,1,8.1,stable,8,2,7.9,7,0,deliberate,0.653,0.868,0.799,0.743,0.497
slow_thorough,106.3,0.243,0,2,2,9.7,stable,5,0,6.3,7,0,deliberate,0.481,0.787,0.878,0.585,0.22
slow_thorough,116.3,0.189,0,3,1,12.3,stable,4,4,7.1,7,0,deliberate,0.726,0.875,0.818,0.698,0.827
slow_thorough,105.6,0.356,0,3,1,10.0,stable,5,5,8.5,7,0,deliberate,0.725,0.887,0.795,0.795,0.587
slow_thorough,104.9,0.144,0,7,1,12.1,stable,6,2,6.7,7,0,deliberate,0.733,0.937,0.801,0.735,0.522
slow_thorough,121.2,0.383,0,0,1,8.9,slowing_down,4,3,6.7,7,0,deliberate,0.756,0.89,0.917,0.693,0.78
slow_thorough,106.5,0.335,0,5,4,9.0,stable,3,2,8.1,7,0,deliberate,0.799,0.799,0.791,0.752,0.813
slow_thorough,125.1,0.312,0,1,1,12.8,slowing_down,5,4,7.6,7,0,deliberate,0.922,0.784,0.683,0.842,0.447
slow_thorough,110.7,0.236,0,5,3,8.1,stable,3,4,5.3,7,0,deliberate,0.782,0.913,0.762,0.774,0.757
slow_thorough,100.2,0.206,0,2,2,8.8,slowing_down,7,5,8.3,7,0,deliberate,0.522,0.905,0.764,0.623,0.558
slow_thorough,107.7,0.224,0,6,2,10.9,slowing_down,8,1,6.6,7,0,deliberate,0.981,0.826,0.603,0.827,0.897
slow_thorough,101.5,0.221,0,3,1,8.2,stable,3,6,7.0,7,0,deliberate,0.939,0.898,0.803,0.767,0.233
slow_thorough,94.6,0.222,0,4,1,8.7,slowing_down,4,6,7.4,7,0,deliberate,0.737,0.641,0.769,0.593,0.468
slow_thorough,116.9,0.316,0,4,0,13.8,slowing_down,3,2,5.9,7,0,deliberate,0.894,0.672,0.624,0.762,0.574
slow_thorough,100.7,0.184,0,2,1,11.1,stable,1,0,6.7,7,0,deliberate,0.877,0.878,0.859,0.731,0.516
slow_thorough,111.6,0.304,0,5,1,8.5,slowing_down,4,4,8.5,7,0,deliberate,0.775,0.785,0.801,0.727,0.648
slow_thorough,99.1,0.364,0,4,1,9.0,stable,5,4,8.1,7,0,deliberate,0.921,0.952,0.731,0.896,0.613
slow_thorough,117.9,0.242,0,3,1,8.7,stable,1,3,6.8,7,0,deliberate,0.945,0.658,0.667,0.746,0.65
slow_thorough,113.0,0.257,0,3,2,10.4,stable,4,2,8.1,7,0,deliberate,0.852,0.492,0.829,0.621,0.644
slow_thorough,122.1,0.213,0,4,5,7.8,slowing_down,6,5,7.7,7,0,deliberate,0.977,0.905,0.594,0.908,0.909
slow_thorough,111.0,0.01,0,5,0,8.3,stable,2,4,7.7,7,0,deliberate,0.448,0.93,0.551,0.723,0.686
slow_thorough,105.9,0.274,0,4,2,9.0,slowing_down,0,1,7.5,7,0,deliberate,0.82,0.783,0.598,0.753,0.57
slow_thorough,86.8,0.331,0,3,1,12.0,slowing_down,1,2,8.0,7,0,deliberate,0.809,0.607,0.892,0.715,0.708
slow_thorough,95.2,0.333,0,2,7,11.4,slowing_down,1,3,7.5,7,0,deliberate,0.903,0.711,0.792,0.725,0.611
slow_thorough,107.8,0.203,0,5,2,9.9,slowing_down,6,1,6.1,7,0,deliberate,0.789,0.85,0.962,0.779,0.695
slow_thorough,120.1,0.122,0,3,2,9.6,stable,4,5,7.6,7,0,deliberate,0.926,0.893,0.791,0.767,0.733
slow_thorough,139.0,0.359,0,3,1,7.9,stable,3,7,7.9,7,0,deliberate,0.718,0.881,0.883,0.794,0.746
slow_thorough,96.1,0.165,0,3,4,10.5,stable,4,0,8.6,7,0,deliberate,0.37,0.845,0.937,0.463,0.55
slow_thorough,123.8,0.262,0,4,3,6.5,stable,4,3,6.2,7,0,deliberate,0.826,0.927,0.544,0.852,0.699
slow_thorough,119.9,0.31,0,0,1,8.2,stable,3,3,7.7,7,0,deliberate,0.514,0.841,0.742,0.587,0.479
slow_thorough,112.0,0.265,0,5,1,7.0,slowing_down,3,4,7.2,7,0,deliberate,0.639,0.853,0.95,0.662,0.868
slow_thorough,102.8,0.29,0,2,4,5.4,slowing_down,2,1,7.7,7,0,deliberate,0.714,0.919,0.621,0.69,0.408
slow_thorough,97.6,0.196,0,6,1,7.4,slowing_down,4,3,5.9,7,0,deliberate,0.792,0.825,0.831,0.723,0.392
slow_thorough,108.6,0.354,0,2,2,12.0,slowing_down,4,2,6.6,7,0,deliberate,0.827,0.782,0.599,0.731,0.672
slow_thorough,96.5,0.255,0,3,0,9.3,stable,4,4,7.6,7,0,deliberate,0.884,0.66,0.659,0.796,0.767
slow_thorough,112.4,0.457,0,2,6,9.3,stable,3,2,7.6,7,0,deliberate,0.755,0.858,0.731,0.77,0.596
slow_thorough,102.7,0.233,0,1,4,8.1,stable,5,4,7.9,7,0,deliberate,0.793,0.745,0.865,0.754,0.581
slow_thorough,107.7,0.254,0,6,2,7.7,stable,3,1,9.3,7,0,deliberate,0.831,0.937,0.483,0.787,0.638
slow_thorough,114.1,0.101,0,7,2,11.0,slowing_down,5,3,8.0,7,0,deliberate,0.908,0.651,0.51,0.738,0.394
slow_thorough,82.8,0.133,0,4,2,9.7,slowing_down,1,2,8.0,7,0,deliberate,0.735,0.931,0.906,0.738,0.647
slow_thorough,119.5,0.14,0,4,0,10.1,slowing_down,5,3,8.9,7,0,deliberate,0.787,0.797,0.469,0.666,0.766
slow_thorough,104.6,0.249,0,6,4,7.9,slowing_down,4,4,7.1,7,0,deliberate,0.565,0.899,0.859,0.655,0.756
slow_thorough,104.9,0.139,0,3,3,11.1,slowing_down,3,2,6.7,7,0,deliberate,0.591,0.97,0.764,0.788,0.907
slow_thorough,110.3,0.286,0,5,1,9.0,stable,5,2,7.8,7,0,deliberate,0.921,0.79,0.721,0.753,0.411
slow_thorough,118.4,0.312,0,4,1,8.6,stable,5,0,8.4,7,0,deliberate,0.833,0.764,0.883,0.647,0.572
slow_thorough,121.4,0.27,0,2,3,9.4,stable,3,1,7.6,7,0,deliberate,0.819,0.785,0.946,0.711,0.593
slow_thorough,123.3,0.13,0,5,2,7.5,slowing_down,3,2,8.2,7,0,deliberate,0.958,0.91,0.844,0.806,0.606
slow_thorough,100.6,0.155,0,3,2,6.7,stable,4,2,8.2,7,0,deliberate,0.644,0.693,0.701,0.709,0.838
slow_thorough,116.0,0.244,0,4,1,10.0,stable,3,4,7.7,7,0,deliberate,0.767,0.81,0.722,0.712,0.631
slow_thorough,128.0,0.348,0,2,3,6.3,slowing_down,3,9,7.3,7,0,deliberate,0.644,0.713,0.808,0.555,0.923
slow_thorough,99.4,0.305,0,4,2,8.4,slowing_down,6,4,7.2,7,0,deliberate,0.611,0.599,0.494,0.581,0.547
slow_thorough,111.5,0.158,0,3,0,6.6,slowing_down,2,5,8.5,7,0,deliberate,0.881,0.76,0.728,0.75,0.681
slow_thorough,92.1,0.129,0,3,2,13.5,stable,2,3,7.4,7,0,deliberate,0.806,0.88,0.968,0.673,0.426
slow_thorough,111.8,0.186,0,3,4,11.5,slowing_down,3,6,7.8,7,0,deliberate,0.744,0.885,0.763,0.716,0.56
slow_thorough,92.2,0.245,0,5,4,8.6,stable,6,3,9.5,7,0,deliberate,0.691,0.922,0.849,0.812,0.618
slow_thorough,103.5,0.113,0,3,4,14.4,slowing_down,2,4,8.5,7,0,deliberate,0.661,0.558,0.531,0.622,0.785
slow_thorough,111.5,0.177,0,5,2,8.1,slowing_down,5,3,7.7,7,0,deliberate,0.954,0.883,0.822,0.845,0.521
slow_thorough,90.9,0.282,0,5,1,8.8,stable,2,2,7.5,7,0,deliberate,0.937,0.908,0.628,0.723,0.656
slow_thorough,107.6,0.254,0,2,1,6.3,stable,3,4,8.1,7,0,deliberate,0.804,0.91,0.805,0.817,0.386
slow_thorough,113.5,0.252,0,4,5,13.8,slowing_down,2,4,7.4,7,0,deliberate,0.816,0.952,0.868,0.902,0.547
slow_thorough,105.7,0.228,0,3,1,11.1,stable,1,4,7.1,7,0,deliberate,0.701,0.549,0.936,0.555,0.612
slow_thorough,94.1,0.371,0,7,4,10.0,stable,5,3,9.0,7,0,deliberate,0.549,0.907,0.984,0.687,0.683
slow_thorough,105.9,0.395,0,1,3,7.8,slowing_down,8,2,6.7,7,0,deliberate,0.965,0.404,0.936,0.659,0.547
slow_thorough,118.4,0.223,0,2,2,12.9,slowing_down,8,5,9.1,7,0,deliberate,0.933,0.742,0.775,0.832,0.501
slow_thorough,104.9,0.268,0,2,1,13.0,slowing_down,2,3,7.9,7,0,deliberate,0.653,0.839,0.921,0.653,0.563
slow_thorough,116.3,0.419,0,4,5,8.7,slowing_down,3,2,7.8,7,0,deliberate,0.875,0.933,0.826,0.817,0.701
slow_thorough,108.0,0.124,0,4,3,11.7,slowing_down,6,2,7.6,7,0,deliberate,0.67,0.685,0.861,0.666,0.864
slow_thorough,97.6,0.32,0,3,3,7.9,slowing_down,8,6,7.0,7,0,deliberate,0.714,0.938,0.641,0.681,0.689
slow_thorough,115.8,0.191,0,4,3,9.1,slowing_down,2,2,7.5,7,0,deliberate,0.87,0.676,0.826,0.749,0.533
slow_thorough,97.6,0.223,0,3,0,10.5,stable,3,2,7.5,7,0,deliberate,0.884,0.853,0.845,0.672,0.659
slow_thorough,113.0,0.137,0,4,3,9.3,stable,2,0,8.2,7,0,deliberate,0.778,0.809,0.673,0.777,0.721
slow_thorough,122.8,0.374,0,3,3,10.8,slowing_down,3,2,9.4,7,0,deliberate,0.706,0.984,0.946,0.764,0.78
slow_thorough,108.8,0.295,0,0,3,5.5,stable,5,3,6.8,7,0,deliberate,0.777,0.663,0.932,0.651,0.662
slow_thorough,114.6,0.115,0,2,0,9.3,slowing_down,4,2,7.1,7,0,deliberate,0.7,0.821,0.618,0.595,0.664
slow_thorough,91.3,0.238,0,2,4,8.2,stable,2,1,8.0,7,0,deliberate,0.802,0.695,0.681,0.715,0.735
slow_thorough,96.1,0.127,0,5,1,9.4,stable,4,4,7.4,7,0,deliberate,0.738,0.929,0.868,0.863,0.806
slow_thorough,114.1,0.287,0,5,2,10.2,slowing_down,3,4,8.7,7,0,deliberate,0.658,0.812,0.811,0.706,0.679
slow_thorough,114.6,0.333,0,3,4,8.0,stable,3,3,6.0,7,0,deliberate,0.706,0.778,0.888,0.682,0.708
slow_thorough,98.2,0.252,0,5,4,9.8,slowing_down,5,5,8.0,7,0,deliberate,0.874,0.537,0.445,0.605,0.922
slow_thorough,83.0,0.308,0,3,3,8.3,stable,7,2,8.4,7,0,deliberate,0.692,0.819,0.716,0.672,0.704
slow_thorough,124.4,0.184,0,5,5,10.0,stable,3,3,9.4,7,0,deliberate,0.868,0.754,0.911,0.734,0.631
slow_thorough,130.6,0.156,0,7,3,10.3,slowing_down,2,3,9.8,7,0,deliberate,0.881,0.817,0.9,0.721,0.647
slow_thorough,103.3,0.208,0,1,5,10.6,slowing_down,3,6,7.6,7,0,deliberate,0.624,0.775,0.801,0.696,0.557
slow_thorough,104.8,0.295,0,7,2,8.0,stable,4,4,6.6,7,0,deliberate,0.915,0.752,0.609,0.699,0.682
slow_thorough,100.5,0.194,0,5,0,7.7,slowing_down,2,2,7.3,7,0,deliberate,0.812,0.948,0.911,0.75,0.704
slow_thorough,112.7,0.254,0,3,4,8.0,slowing_down,6,3,7.1,7,0,deliberate,0.713,0.903,0.816,0.806,0.793
slow_thorough,99.7,0.266,0,5,1,7.6,stable,6,4,7.8,7,0,deliberate,0.925,0.745,0.846,0.818,0.393
slow_thorough,117.2,0.213,0,1,4,7.8,stable,3,4,7.3,7,0,deliberate,0.901,0.729,0.829,0.796,0.677
slow_thorough,114.5,0.384,0,6,0,8.0,slowing_down,7,3,6.9,7,0,deliberate,0.811,0.824,0.907,0.827,0.411
slow_thorough,112.9,0.255,0,0,2,11.9,stable,2,1,7.9,7,0,deliberate,0.867,0.903,0.592,0.837,0.393
slow_thorough,125.8,0.312,0,5,3,11.5,slowing_down,2,0,7.2,7,0,deliberate,0.697,0.878,0.893,0.745,0.444
slow_thorough,119.1,0.206,0,1,0,9.2,stable,8,3,7.9,7,0,deliberate,0.728,0.741,0.669,0.713,0.655
slow_thorough,109.0,0.206,0,5,2,11.2,slowing_down,2,2,7.4,7,0,deliberate,0.942,0.85,0.783,0.809,0.541
slow_thorough,119.3,0.284,0,3,3,7.9,stable,3,4,6.9,7,0,deliberate,0.611,0.775,0.745,0.608,0.509
slow_thorough,107.7,0.303,0,6,3,12.9,slowing_down,4,1,7.4,7,0,deliberate,0.744,0.784,0.846,0.71,0.534
slow_thorough,94.2,0.222,0,7,1,8.5,slowing_down,5,1,8.7,7,0,deliberate,0.649,0.786,0.724,0.775,0.721
slow_thorough,98.4,0.208,0,7,2,9.1,stable,7,2,6.8,7,0,deliberate,0.878,0.641,0.72,0.742,0.721
slow_thorough,95.6,0.234,0,1,4,8.6,stable,12,2,8.1,7,0,deliberate,0.859,0.851,0.804,0.8,0.55
slow_thorough,122.9,0.223,0,2,0,9.8,stable,3,3,6.6,7,0,deliberate,0.884,0.791,0.968,0.778,0.55
slow_thorough,105.1,0.232,0,4,3,8.0,slowing_down,6,6,7.2,7,0,deliberate,0.575,0.932,0.821,0.631,0.866
slow_thorough,104.8,0.252,0,3,0,8.3,slowing_down,5,2,8.0,7,0,deliberate,0.826,0.56,0.614,0.62,0.822
slow_thorough,110.5,0.249,0,2,3,6.4,slowing_down,5,5,6.1,7,0,deliberate,0.862,0.755,0.695,0.786,0.6
slow_thorough,101.1,0.248,0,3,4,12.0,stable,5,5,6.6,7,0,deliberate,0.815,0.604,0.88,0.727,0.457
slow_thorough,103.5,0.133,0,1,1,6.7,slowing_down,3,2,6.9,7,0,deliberate,0.814,0.871,0.834,0.77,0.576
slow_thorough,114.2,0.265,0,0,3,10.5,stable,4,7,9.3,7,0,deliberate,0.963,0.902,0.898,0.881,0.727
slow_thorough,90.0,0.271,0,2,4,7.2,stable,4,2,8.0,7,0,deliberate,0.844,0.86,0.745,0.807,0.54
slow_thorough,96.4,0.134,0,3,2,7.6,stable,1,2,7.6,7,0,deliberate,0.824,0.648,0.793,0.767,0.365
slow_thorough,113.8,0.189,0,3,3,6.7,stable,7,5,6.8,7,0,deliberate,0.745,0.732,0.579,0.632,0.437
slow_thorough,121.7,0.181,0,5,4,8.8,stable,3,6,9.4,7,0,deliberate,0.841,0.868,0.749,0.787,0.615
slow_thorough,89.5,0.17,0,7,4,9.2,slowing_down,5,4,5.7,7,0,deliberate,0.583,0.69,0.797,0.575,0.56
slow_thorough,93.1,0.223,0,3,4,8.8,stable,4,1,6.8,7,0,deliberate,0.637,0.862,0.905,0.733,0.791
slow_thorough,99.2,0.157,0,3,1,11.9,stable,6,4,6.3,7,0,deliberate,0.52,0.643,0.906,0.561,0.687
slow_thorough,110.2,0.335,0,4,3,7.4,stable,4,3,8.4,7,0,deliberate,0.792,0.764,0.705,0.743,0.6
slow_thorough,125.1,0.129,0,1,7,8.6,stable,4,6,8.1,7,0,deliberate,0.699,0.872,0.776,0.723,0.726
slow_thorough,109.4,0.187,0,1,2,9.0,slowing_down,1,5,8.0,7,0,deliberate,0.845,0.77,0.565,0.749,0.656
slow_thorough,101.6,0.363,0,4,0,11.6,stable,9,3,7.9,7,0,deliberate,0.924,0.844,0.667,0.798,0.436
slow_thorough,118.4,0.379,0,3,2,6.7,stable,0,4,8.7,7,0,deliberate,0.835,0.778,0.785,0.596,0.582
slow_thorough,113.1,0.219,0,3,6,9.1,stable,5,3,6.2,7,0,deliberate,0.69,0.973,0.551,0.832,0.515
slow_thorough,106.2,0.238,0,4,0,7.8,stable,5,4,7.8,7,0,deliberate,0.878,0.894,0.801,0.766,0.643
slow_thorough,117.0,0.256,0,6,3,11.1,slowing_down,3,5,7.8,7,0,deliberate,0.604,0.817,0.787,0.687,0.736
slow_thorough,108.0,0.299,0,3,1,8.7,slowing_down,5,1,8.1,7,0,deliberate,0.582,0.904,0.823,0.684,0.693
slow_thorough,85.5,0.169,0,4,3,9.0,slowing_down,5,3,7.9,7,0,deliberate,0.77,0.984,0.606,0.842,0.764
slow_thorough,109.3,0.281,0,5,2,10.6,stable,1,3,6.4,7,0,deliberate,0.854,0.673,0.978,0.706,0.323
slow_thorough,96.0,0.385,0,3,4,10.7,slowing_down,4,4,8.0,7,0,deliberate,0.597,0.699,0.783,0.626,0.604
slow_thorough,87.5,0.227,0,1,3,10.2,slowing_down,7,7,7.7,7,0,deliberate,0.837,0.787,0.78,0.802,0.716
slow_thorough,99.2,0.131,0,4,2,7.0,slowing_down,5,3,7.0,7,0,deliberate,0.749,0.868,0.631,0.755,0.337
slow_thorough,103.9,0.247,0,1,1,7.2,stable,6,2,7.3,7,0,deliberate,0.85,0.873,0.933,0.787,0.76
slow_thorough,96.6,0.312,0,2,1,8.9,slowing_down,3,2,6.9,7,0,deliberate,0.971,0.655,0.669,0.84,0.365
slow_thorough,97.1,0.242,0,3,3,7.9,stable,0,3,6.2,7,0,deliberate,0.778,0.791,0.713,0.736,0.779
slow_thorough,92.4,0.26,0,2,3,10.3,slowing_down,6,4,7.3,7,0,deliberate,0.728,0.84,0.947,0.684,0.468
slow_thorough,126.1,0.251,0,3,3,9.3,stable,5,2,8.9,7,0,deliberate,0.748,0.819,0.706,0.683,0.623
slow_thorough,107.5,0.243,0,3,2,12.0,stable,1,3,7.1,7,0,deliberate,0.859,0.526,0.898,0.683,0.772
slow_thorough,105.7,0.293,0,4,3,7.2,slowing_down,3,2,7.4,7,0,deliberate,0.9,0.746,0.937,0.791,0.665
slow_thorough,88.9,0.202,0,5,3,8.9,slowing_down,6,7,7.7,7,0,deliberate,0.762,0.676,0.715,0.741,0.662
slow_thorough,118.1,0.386,0,6,1,11.6,stable,3,1,5.8,7,0,deliberate,0.574,0.876,0.833,0.63,0.43
slow_thorough,104.4,0.181,0,7,2,12.6,slowing_down,3,3,7.6,7,0,deliberate,0.779,0.779,0.723,0.658,0.698
slow_thorough,86.7,0.342,0,7,1,6.5,slowing_down,3,1,6.4,7,0,deliberate,0.534,0.922,0.713,0.558,0.719
slow_thorough,104.8,0.235,0,2,2,8.8,stable,2,5,7.4,7,0,deliberate,0.907,0.848,0.878,0.844,0.939
slow_thorough,98.4,0.333,0,1,1,8.5,stable,7,2,8.3,7,0,deliberate,0.953,0.972,0.79,0.85,0.629
slow_thorough,71.8,0.304,0,5,2,10.5,stable,4,2,6.4,7,0,deliberate,0.848,0.822,0.919,0.842,0.696
slow_thorough,116.9,0.199,0,3,1,10.3,slowing_down,5,3,7.8,7,0,deliberate,0.819,0.753,0.794,0.775,0.539
slow_thorough,138.3,0.359,0,2,1,9.9,stable,9,1,8.1,7,0,deliberate,0.701,0.608,0.78,0.69,0.663
slow_thorough,111.0,0.287,0,4,2,12.4,stable,2,2,7.6,7,0,deliberate,0.77,0.958,0.707,0.875,0.658
slow_thorough,146.6,0.309,0,0,5,7.7,stable,4,3,9.1,7,0,deliberate,0.764,0.689,0.769,0.769,0.773
slow_thorough,95.7,0.182,0,7,2,7.2,slowing_down,5,4,7.0,7,0,deliberate,0.544,0.795,0.84,0.659,0.643
slow_thorough,100.1,0.22,0,4,3,10.5,slowing_down,5,2,10.0,7,0,deliberate,0.524,0.779,0.843,0.664,0.595
slow_thorough,125.2,0.342,0,3,4,10.6,slowing_down,1,2,9.1,7,0,deliberate,0.942,0.955,0.747,0.953,0.754
slow_thorough,95.1,0.329,0,5,1,10.2,slowing_down,1,3,8.1,7,0,deliberate,0.588,0.871,0.733,0.681,0.659
slow_thorough,95.4,0.273,0,1,4,11.8,stable,3,4,7.4,7,0,deliberate,0.808,0.88,0.969,0.757,0.687
slow_thorough,120.7,0.357,0,2,4,10.3,slowing_down,4,4,6.8,7,0,deliberate,0.549,0.809,0.94,0.633,0.397
slow_thorough,94.3,0.251,0,3,2,10.9,slowing_down,8,4,7.1,7,0,deliberate,0.818,0.735,0.725,0.734,0.541
slow_thorough,75.9,0.487,0,2,3,8.9,stable,7,3,7.2,7,0,deliberate,0.931,0.956,0.782,0.878,0.554
slow_thorough,92.8,0.272,0,6,1,8.5,stable,9,4,7.8,7,0,deliberate,0.935,0.944,0.401,0.816,0.539
slow_thorough,110.7,0.271,0,2,2,9.4,slowing_down,6,3,6.6,7,0,deliberate,0.533,0.738,0.813,0.571,0.356
slow_thorough,93.9,0.132,0,4,2,8.9,stable,2,4,7.3,7,0,deliberate,0.717,0.726,0.966,0.697,0.578
slow_thorough,121.6,0.115,0,3,4,8.9,slowing_down,2,2,9.3,7,0,deliberate,0.73,0.929,0.821,0.828,0.631
slow_thorough,108.7,0.25,0,4,4,10.6,slowing_down,7,10,8.6,7,0,deliberate,0.903,0.684,0.719,0.74,0.662
slow_thorough,125.6,0.26,0,2,2,7.6,stable,5,2,8.2,7,0,deliberate,0.825,0.459,0.964,0.602,0.399
slow_thorough,126.9,0.302,0,6,2,9.0,stable,5,4,7.6,7,0,deliberate,0.783,0.521,0.605,0.66,0.808
slow_thorough,95.0,0.214,0,3,1,10.1,stable,2,1,6.8,7,0,deliberate,0.456,0.836,0.971,0.686,0.695
slow_thorough,137.7,0.149,0,4,1,9.8,stable,4,6,9.1,7,0,deliberate,0.624,0.616,0.873,0.575,0.7
slow_thorough,105.1,0.296,0,4,4,10.1,stable,0,3,8.7,7,0,deliberate,0.874,0.699,0.871,0.773,0.659
slow_thorough,109.0,0.258,0,5,2,7.9,stable,1,4,6.9,7,0,deliberate,0.986,0.67,0.922,0.777,0.576
slow_thorough,97.6,0.216,0,3,5,8.0,slowing_down,3,1,8.7,7,0,deliberate,0.784,0.797,0.813,0.744,0.448
slow_thorough,115.3,0.242,0,3,2,11.0,slowing_down,7,3,7.2,7,0,deliberate,0.696,0.842,0.733,0.748,0.25
slow_thorough,118.0,0.246,0,2,1,6.2,stable,4,2,6.9,7,0,deliberate,0.799,0.809,0.83,0.803,0.69
slow_thorough,113.3,0.185,0,5,1,11.0,slowing_down,5,4,8.4,7,0,deliberate,0.825,0.977,0.871,0.719,0.677
slow_thorough,120.0,0.04,0,4,5,12.8,stable,6,4,8.2,7,0,deliberate,0.891,0.961,0.675,0.814,0.905
slow_thorough,94.7,0.31,0,1,0,9.2,slowing_down,5,0,7.0,7,0,deliberate,0.835,0.848,0.696,0.76,0.714
slow_thorough,96.9,0.271,0,5,1,10.9,stable,7,2,9.2,7,0,deliberate,0.948,0.987,0.615,0.878,0.776
slow_thorough,83.3,0.354,0,6,3,6.9,stable,5,4,9.7,7,0,deliberate,0.825,0.986,0.602,0.832,0.723
slow_thorough,105.7,0.155,0,5,3,6.8,stable,2,0,7.8,7,0,deliberate,0.45,0.884,0.532,0.685,0.514
slow_thorough,122.1,0.397,0,4,4,10.3,stable,7,4,8.4,7,0,deliberate,0.679,0.917,0.732,0.778,0.602
slow_thorough,84.6,0.267,0,4,1,11.6,slowing_down,7,4,7.6,7,0,deliberate,0.919,0.844,0.767,0.829,0.681
slow_thorough,96.8,0.238,0,3,2,10.4,stable,6,3,6.3,7,0,deliberate,0.9,0.921,0.508,0.825,0.518
slow_thorough,95.9,0.222,0,2,0,9.3,slowing_down,2,3,9.2,7,0,deliberate,0.592,0.901,0.738,0.662,0.729
slow_thorough,111.9,0.29,0,3,2,7.4,slowing_down,1,3,6.6,7,0,deliberate,0.754,0.715,0.895,0.595,0.656
slow_thorough,99.8,0.333,0,1,3,10.4,stable,3,3,6.2,7,0,deliberate,0.813,0.91,0.776,0.792,0.583
slow_thorough,106.2,0.264,0,6,4,11.8,stable,3,7,7.5,7,0,deliberate,0.678,0.668,0.977,0.586,0.523
slow_thorough,126.1,0.186,0,3,2,8.7,stable,4,3,6.6,7,0,deliberate,0.836,0.924,0.835,0.851,0.722
slow_thorough,116.8,0.185,0,7,3,11.5,slowing_down,4,6,8.3,7,0,deliberate,0.731,0.847,0.841,0.725,0.514
slow_thorough,117.1,0.291,0,5,7,10.2,stable,3,4,7.2,7,0,deliberate,0.633,0.925,0.831,0.675,0.487
slow_thorough,102.2,0.071,0,4,5,9.6,stable,5,4,7.3,7,0,deliberate,0.957,0.91,0.817,0.795,0.384
slow_thorough,86.5,0.174,0,2,1,8.9,stable,1,5,6.4,7,0,deliberate,0.737,0.664,0.674,0.652,0.83
slow_thorough,95.5,0.29,0,3,0,8.3,stable,3,4,8.5,7,0,deliberate,0.893,0.68,0.687,0.743,0.445
slow_thorough,97.2,0.325,0,0,1,11.1,slowing_down,5,3,8.4,7,0,deliberate,0.754,0.449,0.918,0.592,0.463
slow_thorough,100.6,0.279,0,4,2,8.9,slowing_down,3,2,7.6,7,0,deliberate,0.74,0.951,0.825,0.811,0.672
slow_thorough,103.7,0.197,0,6,3,8.7,slowing_down,5,1,8.3,7,0,deliberate,0.779,0.741,0.928,0.746,0.361
slow_thorough,105.1,0.236,0,3,3,8.1,stable,4,3,9.3,7,0,deliberate,0.545,0.984,0.797,0.641,0.651
slow_thorough,94.5,0.27,0,0,1,7.6,stable,3,1,8.1,7,0,deliberate,0.74,0.753,0.879,0.639,0.51
slow_thorough,110.9,0.215,0,3,3,11.1,stable,5,3,8.8,7,0,deliberate,0.848,0.794,0.955,0.718,0.577
slow_thorough,118.9,0.381,0,2,4,11.3,slowing_down,5,2,8.2,7,0,deliberate,0.95,0.751,0.975,0.85,0.89
slow_thorough,103.7,0.185,0,4,5,10.1,stable,7,3,7.3,7,0,deliberate,0.941,0.887,0.94,0.829,0.703
slow_thorough,110.2,0.252,0,2,0,8.1,slowing_down,8,5,7.2,7,0,deliberate,0.794,0.64,0.816,0.688,0.577
slow_thorough,96.3,0.34,0,7,2,11.4,stable,8,5,8.1,7,0,deliberate,0.858,0.737,0.889,0.794,0.623
slow_thorough,100.0,0.318,0,2,2,11.7,slowing_down,4,2,7.8,7,0,deliberate,0.872,0.895,0.191,0.828,0.594
slow_thorough,101.7,0.21,0,2,1,9.0,slowing_down,4,2,9.0,7,0,deliberate,0.75,0.925,0.843,0.754,0.502
slow_thorough,128.9,0.457,0,4,1,8.6,stable,5,2,7.8,7,0,deliberate,0.865,0.587,0.676,0.742,0.771
slow_thorough,102.9,0.315,0,1,1,7.3,slowing_down,3,2,8.5,7,0,deliberate,0.785,0.863,0.682,0.775,0.319
slow_thorough,108.0,0.111,0,2,5,11.2,slowing_down,5,4,7.6,7,0,deliberate,0.96,0.832,0.849,0.834,0.827
slow_thorough,114.1,0.339,0,5,3,7.8,stable,4,5,7.3,7,0,deliberate,0.687,0.784,0.927,0.728,0.461
slow_thorough,94.8,0.276,0,3,2,4.4,stable,8,2,7.6,7,0,deliberate,0.934,0.903,0.863,0.895,0.457
slow_thorough,118.8,0.227,0,6,5,11.3,slowing_down,4,4,6.7,7,0,deliberate,0.774,0.584,0.853,0.677,0.539
slow_thorough,82.5,0.195,0,4,2,6.2,slowing_down,4,6,8.7,7,0,deliberate,0.73,0.98,0.692,0.879,0.62
slow_thorough,118.1,0.245,0,2,4,7.7,stable,3,3,7.1,7,0,deliberate,0.917,0.811,0.891,0.88,0.502
slow_thorough,116.3,0.306,0,3,2,8.7,slowing_down,3,2,9.6,7,0,deliberate,0.649,0.916,0.712,0.64,0.404
slow_thorough,110.1,0.238,0,3,5,9.2,slowing_down,3,2,7.0,7,0,deliberate,0.537,0.781,0.796,0.629,0.734
slow_thorough,110.0,0.212,0,4,4,10.5,stable,9,3,7.2,7,0,deliberate,0.861,0.843,0.702,0.751,0.585
slow_thorough,119.7,0.303,0,2,1,11.7,stable,7,2,7.2,7,0,deliberate,0.923,0.546,0.739,0.679,0.534
slow_thorough,124.3,0.301,0,2,1,12.3,slowing_down,3,4,7.3,7,0,deliberate,0.651,0.729,0.639,0.61,0.52
slow_thorough,99.1,0.19,0,4,1,9.7,stable,4,1,7.2,7,0,deliberate,0.711,0.918,0.845,0.745,0.646
slow_thorough,101.5,0.35,0,1,0,12.0,stable,2,4,6.2,7,0,deliberate,0.941,0.741,0.913,0.769,0.582
slow_thorough,108.1,0.167,0,4,1,9.7,stable,6,5,7.5,7,0,deliberate,0.76,0.826,0.614,0.723,0.713
slow_thorough,105.0,0.056,0,4,3,8.6,stable,3,6,8.4,7,0,deliberate,0.732,0.803,0.96,0.669,0.553
slow_thorough,89.4,0.322,0,3,2,9.5,stable,5,2,8.7,7,0,deliberate,0.84,0.876,0.875,0.824,0.573
slow_thorough,108.4,0.135,0,2,0,5.7,stable,4,1,7.7,7,0,deliberate,0.779,0.903,0.714,0.815,0.478
slow_thorough,88.2,0.221,0,3,1,7.3,slowing_down,2,3,8.6,7,0,deliberate,0.746,0.917,0.903,0.791,0.69
slow_thorough,106.0,0.313,0,1,0,10.0,stable,4,3,7.9,7,0,deliberate,0.854,0.902,0.619,0.803,0.321
slow_thorough,121.3,0.347,0,3,3,8.6,slowing_down,5,3,6.9,7,0,deliberate,0.833,0.731,0.899,0.783,0.875
slow_thorough,125.8,0.152,0,2,2,11.1,slowing_down,5,3,6.9,7,0,deliberate,0.908,0.404,0.776,0.693,0.486
slow_thorough,125.5,0.303,0,2,3,11.4,slowing_down,1,4,9.3,7,0,deliberate,0.653,0.874,0.731,0.729,0.402
slow_thorough,104.3,0.157,0,3,0,7.7,stable,5,2,7.7,7,0,deliberate,0.858,0.853,0.76,0.69,0.682
slow_thorough,112.0,0.393,0,3,3,11.3,stable,3,1,8.4,7,0,deliberate,0.732,0.822,0.701,0.679,0.797
slow_thorough,119.7,0.166,0,3,1,10.0,slowing_down,3,5,7.5,7,0,deliberate,0.823,0.84,0.577,0.792,0.78
slow_thorough,111.5,0.212,0,2,1,14.0,stable,10,3,7.6,7,0,deliberate,0.907,0.726,0.688,0.651,0.667
slow_thorough,108.6,0.382,0,1,3,9.3,stable,1,4,7.5,7,0,deliberate,0.772,0.767,0.853,0.709,0.615
slow_thorough,100.9,0.244,0,2,3,9.7,stable,5,3,7.2,7,0,deliberate,0.68,0.849,0.912,0.758,0.554
slow_thorough,104.0,0.232,0,1,5,7.1,stable,9,1,6.8,7,0,deliberate,0.837,0.985,0.55,0.848,0.538
slow_thorough,104.7,0.215,0,2,4,9.8,stable,0,4,7.6,7,0,deliberate,0.849,0.829,0.798,0.86,0.525
slow_thorough,107.7,0.207,0,5,3,12.4,stable,3,3,7.6,7,0,deliberate,0.514,0.83,0.839,0.542,0.341
slow_thorough,130.3,0.088,0,3,5,11.1,stable,3,4,8.6,7,0,deliberate,0.886,0.678,0.831,0.721,0.644
slow_thorough,102.7,0.233,0,4,3,11.7,slowing_down,7,2,5.3,7,0,deliberate,0.793,0.948,0.631,0.826,0.544
slow_thorough,114.5,0.285,0,4,0,10.1,slowing_down,5,3,7.4,7,0,deliberate,0.876,0.672,0.94,0.736,0.539
slow_thorough,115.5,0.281,0,3,1,11.0,stable,3,6,6.7,7,0,deliberate,0.565,0.744,0.595,0.655,0.583
slow_thorough,112.9,0.39,0,7,1,9.4,slowing_down,0,1,8.2,7,0,deliberate,0.694,0.736,0.928,0.66,0.51
slow_thorough,96.7,0.194,0,5,2,8.3,slowing_down,6,4,6.3,7,0,deliberate,0.983,0.94,0.704,0.81,0.543
slow_thorough,117.1,0.135,0,5,2,7.7,slowing_down,4,0,8.4,7,0,deliberate,0.826,0.712,0.63,0.718,0.831
slow_thorough,84.9,0.386,0,4,1,9.4,slowing_down,3,4,7.1,7,0,deliberate,0.828,0.755,0.915,0.808,0.713
slow_thorough,93.0,0.226,0,5,2,11.3,stable,4,1,8.4,7,0,deliberate,0.841,0.924,0.89,0.827,0.353
slow_thorough,105.7,0.285,0,2,3,6.0,slowing_down,5,4,7.0,7,0,deliberate,0.872,0.926,0.618,0.795,0.806
slow_thorough,104.6,0.348,0,2,3,8.9,slowing_down,3,0,7.8,7,0,deliberate,0.808,0.841,0.826,0.74,0.514
slow_thorough,94.6,0.176,0,1,4,9.6,stable,4,5,5.9,7,0,deliberate,0.632,0.673,0.634,0.585,0.507
slow_thorough,96.3,0.341,0,6,4,7.8,stable,5,8,7.2,7,0,deliberate,0.781,0.957,0.756,0.81,0.48
slow_thorough,93.7,0.184,0,0,3,11.2,slowing_down,3,4,8.7,7,0,deliberate,0.838,0.839,0.816,0.71,0.704
slow_thorough,101.6,0.373,0,2,5,7.1,slowing_down,4,2,8.2,7,0,deliberate,0.866,0.701,0.932,0.658,0.528
slow_thorough,95.4,0.223,0,3,0,10.5,slowing_down,2,2,7.4,7,0,deliberate,0.723,0.777,0.872,0.69,0.539
slow_thorough,99.5,0.293,0,1,3,9.2,slowing_down,3,2,7.6,7,0,deliberate,0.806,0.915,0.928,0.761,0.564
slow_thorough,110.6,0.294,0,2,2,9.9,stable,9,0,5.8,7,0,deliberate,0.949,0.859,0.949,0.811,0.718
slow_thorough,99.6,0.223,0,5,1,10.7,stable,0,5,7.0,7,0,deliberate,0.913,0.832,0.768,0.729,0.704
slow_thorough,118.4,0.12,0,6,2,11.5,stable,7,1,8.2,7,0,deliberate,0.665,0.641,0.829,0.647,0.253
slow_thorough,97.5,0.271,0,3,3,10.5,stable,7,4,6.5,7,0,deliberate,0.859,0.908,0.742,0.773,0.375
slow_thorough,102.7,0.225,0,2,4,8.4,stable,5,2,8.4,7,0,deliberate,0.652,0.61,0.707,0.675,0.474
slow_thorough,111.9,0.27,0,2,1,9.9,stable,7,5,7.7,7,0,deliberate,0.933,0.953,0.583,0.861,0.585
slow_thorough,97.0,0.187,0,6,0,5.8,stable,2,4,7.5,7,0,deliberate,0.857,0.835,0.738,0.814,0.658
slow_thorough,134.8,0.29,0,1,5,8.4,stable,7,5,9.7,7,0,deliberate,0.94,0.861,0.907,0.81,0.499
slow_thorough,121.0,0.258,0,1,1,8.4,stable,3,2,6.9,7,0,deliberate,0.84,0.955,0.565,0.832,0.74
slow_thorough,128.3,0.183,0,2,2,10.9,slowing_down,7,4,7.9,7,0,deliberate,0.864,0.81,0.827,0.831,0.725
slow_thorough,106.2,0.218,0,3,2,6.0,slowing_down,5,5,7.7,7,0,deliberate,0.702,0.745,0.781,0.59,0.43
slow_thorough,94.3,0.265,0,6,2,8.5,slowing_down,9,5,7.9,7,0,deliberate,0.795,0.828,0.468,0.71,0.615
slow_thorough,119.1,0.324,0,2,2,8.7,stable,7,2,7.1,7,0,deliberate,0.483,0.967,0.762,0.641,0.711
slow_thorough,104.5,0.256,0,4,4,9.6,slowing_down,4,3,8.9,7,0,deliberate,0.632,0.909,0.959,0.784,0.623
slow_thorough,104.2,0.308,0,4,3,6.2,stable,5,1,8.7,7,0,deliberate,0.445,0.691,0.497,0.533,0.655
slow_thorough,109.8,0.254,0,2,2,9.5,slowing_down,3,2,9.0,7,0,deliberate,0.962,0.583,0.511,0.691,0.632
slow_thorough,109.6,0.193,0,1,3,9.6,slowing_down,6,1,8.1,7,0,deliberate,0.789,0.893,0.855,0.793,0.472
slow_thorough,127.5,0.314,0,7,4,8.6,slowing_down,6,4,7.8,7,0,deliberate,0.881,0.825,0.73,0.889,0.245
slow_thorough,103.5,0.132,0,6,1,10.7,slowing_down,5,3,7.3,7,0,deliberate,0.707,0.898,0.864,0.793,0.734
slow_thorough,125.3,0.326,0,3,3,9.6,stable,3,5,8.2,7,0,deliberate,0.937,0.889,0.896,0.937,0.737
slow_thorough,113.0,0.246,0,4,2,12.9,slowing_down,1,2,7.9,7,0,deliberate,0.806,0.968,0.615,0.817,0.43
slow_thorough,96.5,0.33,0,5,0,11.8,slowing_down,3,2,5.6,7,0,deliberate,0.764,0.658,0.799,0.681,0.776
slow_thorough,102.0,0.161,0,1,2,9.4,stable,7,2,6.7,7,0,deliberate,0.773,0.823,0.924,0.688,0.708
slow_thorough,127.2,0.036,0,2,2,12.1,slowing_down,4,3,7.8,7,0,deliberate,0.753,0.962,0.963,0.729,0.587
slow_thorough,90.7,0.268,0,1,6,8.3,stable,3,4,6.2,7,0,deliberate,0.838,0.861,0.895,0.783,0.734
slow_thorough,109.5,0.309,0,2,2,8.5,stable,5,2,7.5,7,0,deliberate,0.735,0.811,0.682,0.701,0.309
slow_thorough,113.6,0.323,0,4,0,6.4,slowing_down,2,0,7.6,7,0,deliberate,0.86,0.714,0.574,0.763,0.535
slow_thorough,113.2,0.311,0,5,1,9.3,slowing_down,2,3,6.7,7,0,deliberate,0.807,0.527,0.574,0.641,0.475
slow_thorough,103.7,0.211,0,1,2,11.9,slowing_down,4,4,8.0,7,0,deliberate,0.537,0.629,0.89,0.573,0.619
slow_thorough,107.5,0.301,0,2,1,11.3,stable,2,2,6.5,7,0,deliberate,0.766,0.884,0.831,0.701,0.517
slow_thorough,133.6,0.264,0,5,1,7.4,stable,3,2,8.2,7,0,deliberate,0.722,0.874,0.818,0.764,0.835
slow_thorough,122.7,0.291,0,0,4,10.3,slowing_down,7,2,7.1,7,0,deliberate,0.695,0.873,0.648,0.77,0.776
slow_thorough,110.2,0.369,0,4,4,6.7,slowing_down,5,3,7.6,7,0,deliberate,0.709,0.93,0.792,0.812,0.363
slow_thorough,103.6,0.278,0,4,3,10.2,stable,2,6,6.3,7,0,deliberate,0.866,0.828,0.847,0.645,0.343
slow_thorough,107.5,0.231,0,3,2,8.4,slowing_down,6,3,7.9,7,0,deliberate,0.894,0.886,0.653,0.795,0.784
slow_thorough,106.6,0.195,0,1,5,10.4,slowing_down,10,1,7.2,7,0,deliberate,0.746,0.8,0.497,0.702,0.603
slow_thorough,93.1,0.179,0,4,1,11.2,slowing_down,4,5,6.9,7,0,deliberate,0.779,0.901,0.813,0.798,0.628
slow_thorough,117.6,0.144,0,1,2,12.2,slowing_down,5,0,8.7,7,0,deliberate,0.845,0.816,0.93,0.725,0.744
slow_thorough,97.2,0.249,0,3,3,9.6,slowing_down,5,4,8.1,7,0,deliberate,0.806,0.922,0.813,0.77,0.44
slow_thorough,119.1,0.167,0,7,6,11.1,slowing_down,4,1,6.5,7,0,deliberate,0.852,0.965,0.688,0.772,0.593
slow_thorough,110.0,0.17,0,2,2,10.5,stable,3,1,7.3,7,0,deliberate,0.863,0.732,0.962,0.721,0.786
slow_thorough,139.3,0.31,0,4,2,8.8,slowing_down,9,4,6.7,7,0,deliberate,0.812,0.691,0.64,0.737,0.333
slow_thorough,101.7,0.218,0,1,2,10.2,slowing_down,7,6,8.7,7,0,deliberate,0.628,0.791,0.554,0.63,0.783
slow_thorough,116.8,0.254,0,4,1,8.4,slowing_down,5,5,8.3,7,0,deliberate,0.955,0.897,0.968,0.798,0.74
slow_thorough,111.9,0.336,0,2,2,7.9,stable,6,3,8.1,7,0,deliberate,0.345,0.745,0.713,0.56,0.507
slow_thorough,118.8,0.352,0,3,2,9.2,slowing_down,6,2,6.7,7,0,deliberate,0.629,0.872,0.768,0.741,0.61
slow_thorough,118.1,0.225,0,3,3,11.1,slowing_down,4,4,8.0,7,0,deliberate,0.542,0.935,0.972,0.672,0.923
slow_thorough,96.9,0.258,0,2,5,8.5,slowing_down,1,2,7.9,7,0,deliberate,0.655,0.794,0.81,0.603,0.815
slow_thorough,96.9,0.217,0,2,4,11.1,stable,4,4,7.9,7,0,deliberate,0.538,0.903,0.486,0.702,0.674
slow_thorough,109.0,0.246,0,4,3,12.5,slowing_down,3,5,7.8,7,0,deliberate,0.852,0.385,0.943,0.622,0.603
slow_thorough,111.8,0.266,0,3,3,10.3,slowing_down,5,4,7.4,7,0,deliberate,0.788,0.71,0.801,0.782,0.604
slow_thorough,122.4,0.174,0,4,1,8.2,stable,8,5,7.7,7,0,deliberate,0.928,0.968,0.854,0.942,0.352
slow_thorough,124.1,0.048,0,3,1,8.8,stable,4,5,8.2,7,0,deliberate,0.675,0.766,0.683,0.584,0.633
slow_thorough,122.5,0.224,0,3,0,8.8,slowing_down,2,5,6.9,7,0,deliberate,0.896,0.604,0.763,0.681,0.539
slow_thorough,83.0,0.332,0,3,3,10.3,slowing_down,2,4,7.6,7,0,deliberate,0.936,0.705,0.844,0.663,0.445
slow_thorough,109.7,0.224,0,2,1,6.8,stable,4,3,7.0,7,0,deliberate,0.692,0.922,0.905,0.715,0.832
slow_thorough,99.4,0.265,0,4,3,12.6,slowing_down,2,1,8.1,7,0,deliberate,0.78,0.986,0.931,0.744,0.647
slow_thorough,113.2,0.233,0,2,3,6.8,stable,5,5,8.4,7,0,deliberate,0.705,0.757,0.87,0.759,0.536
slow_thorough,129.4,0.333,0,6,4,10.2,slowing_down,2,3,7.3,7,0,deliberate,0.72,0.715,0.971,0.633,0.684
slow_thorough,117.7,0.264,0,6,3,6.8,slowing_down,8,2,6.7,7,0,deliberate,0.752,0.76,0.461,0.72,0.711
slow_thorough,119.7,0.167,0,2,0,7.5,slowing_down,1,3,7.4,7,0,deliberate,0.914,0.376,0.668,0.626,0.646
slow_thorough,131.1,0.286,0,3,1,8.9,slowing_down,3,5,7.1,7,0,deliberate,0.686,0.723,0.845,0.66,0.55
slow_thorough,111.9,0.289,0,5,1,11.0,stable,0,1,8.8,7,0,deliberate,0.772,0.825,0.82,0.786,0.515
slow_thorough,96.3,0.261,0,4,2,12.1,slowing_down,1,3,8.7,7,0,deliberate,0.902,0.965,0.907,0.866,0.398
slow_thorough,104.9,0.132,0,7,2,8.1,stable,2,3,8.0,7,0,deliberate,0.918,0.749,0.862,0.761,0.573
slow_thorough,146.2,0.267,0,5,3,8.1,stable,4,1,6.8,7,0,deliberate,0.863,0.611,0.911,0.771,0.847
slow_thorough,127.3,0.299,0,3,2,9.2,stable,2,7,7.2,7,0,deliberate,0.911,0.889,0.955,0.803,0.878
slow_thorough,119.2,0.335,0,2,2,8.5,stable,3,2,8.0,7,0,deliberate,0.757,0.515,0.859,0.599,0.612
slow_thorough,111.3,0.226,0,6,4,8.0,slowing_down,4,3,8.4,7,0,deliberate,0.831,0.835,0.688,0.787,0.708
slow_thorough,104.3,0.167,0,1,1,11.5,slowing_down,4,2,7.5,7,0,deliberate,0.647,0.931,0.792,0.729,0.63
slow_thorough,95.1,0.229,0,7,2,8.7,slowing_down,1,2,7.5,7,0,deliberate,0.859,0.722,0.556,0.743,0.731
slow_thorough,94.8,0.311,0,4,4,6.6,stable,4,2,7.3,7,0,deliberate,0.853,0.824,0.708,0.79,0.629
slow_thorough,125.9,0.318,0,5,4,11.8,stable,2,2,6.1,7,0,deliberate,0.722,0.919,0.971,0.821,0.548
slow_thorough,121.0,0.242,0,3,5,7.8,stable,4,2,6.0,7,0,deliberate,0.651,0.941,0.955,0.691,0.771
slow_thorough,110.0,0.233,0,5,4,8.7,slowing_down,2,1,6.9,7,0,deliberate,0.741,0.927,0.645,0.827,0.644
slow_thorough,105.9,0.265,0,6,3,8.1,stable,5,2,8.9,7,0,deliberate,0.967,0.941,0.867,0.896,0.679
slow_thorough,107.1,0.266,0,6,3,10.7,slowing_down,2,7,7.0,7,0,deliberate,0.819,0.811,0.888,0.748,0.555
slow_thorough,95.1,0.192,0,6,4,7.5,slowing_down,6,3,7.4,7,0,deliberate,0.813,0.9,0.85,0.706,0.789
slow_thorough,103.2,0.181,0,1,1,7.6,stable,5,5,6.6,7,0,deliberate,0.715,0.664,0.74,0.564,0.429
slow_thorough,110.2,0.225,0,3,1,8.7,slowing_down,1,8,7.7,7,0,deliberate,0.665,0.762,0.928,0.737,0.793
slow_thorough,114.6,0.2,0,4,1,11.1,stable,5,1,7.4,7,0,deliberate,0.738,0.671,0.989,0.647,0.671
slow_thorough,102.8,0.33,0,7,3,12.3,stable,5,8,7.4,7,0,deliberate,0.977,0.792,0.887,0.844,0.619
slow_thorough,97.7,0.233,0,5,6,13.1,slowing_down,4,3,8.6,7,0,deliberate,0.65,0.945,0.696,0.676,0.406
slow_thorough,118.4,0.272,0,3,6,12.1,stable,5,1,7.9,7,0,deliberate,0.869,0.719,0.546,0.637,0.451
slow_thorough,95.7,0.255,0,2,2,9.2,slowing_down,11,6,6.8,7,0,deliberate,0.81,0.87,0.822,0.737,0.388
slow_thorough,83.7,0.205,0,3,2,5.7,stable,7,4,7.2,7,0,deliberate,0.769,0.866,0.62,0.69,0.568
slow_thorough,117.6,0.054,0,1,2,8.5,slowing_down,4,2,9.2,7,0,deliberate,0.806,0.862,0.979,0.797,0.535
slow_thorough,102.6,0.199,0,2,2,7.8,stable,4,3,7.5,7,0,deliberate,0.957,0.862,0.863,0.839,0.581
slow_thorough,119.5,0.21,0,3,3,7.9,stable,5,2,7.9,7,0,deliberate,0.753,0.858,0.689,0.76,0.466
slow_thorough,117.2,0.26,0,2,2,10.9,slowing_down,4,2,8.4,7,0,deliberate,0.923,0.667,0.801,0.788,0.774
slow_thorough,109.7,0.176,0,2,2,9.6,stable,5,3,6.9,7,0,deliberate,0.875,0.862,0.813,0.8,0.895
slow_thorough,112.9,0.282,0,7,4,8.4,stable,5,1,7.5,7,0,deliberate,0.517,0.92,0.876,0.695,0.71
slow_thorough,126.4,0.124,0,2,3,7.3,stable,4,2,7.5,7,0,deliberate,0.904,0.98,0.871,0.964,0.733
slow_thorough,121.5,0.214,0,3,4,9.7,slowing_down,5,2,6.3,7,0,deliberate,0.578,0.82,0.867,0.637,0.796
slow_thorough,107.6,0.128,0,3,2,11.7,stable,5,1,8.2,7,0,deliberate,0.936,0.74,0.808,0.786,0.657
slow_thorough,134.5,0.244,0,4,2,8.8,stable,6,3,8.2,7,0,deliberate,0.568,0.604,0.863,0.509,0.396
slow_thorough,109.1,0.178,0,4,2,11.7,slowing_down,0,2,7.2,7,0,deliberate,0.92,0.991,0.795,0.956,0.679
slow_thorough,112.7,0.312,0,5,3,11.4,stable,6,3,8.9,7,0,deliberate,0.765,0.619,0.719,0.68,0.798
slow_thorough,97.3,0.134,0,5,3,8.8,stable,1,2,7.4,7,0,deliberate,0.861,0.955,0.665,0.816,0.59
slow_thorough,103.6,0.414,0,3,3,7.1,stable,3,4,5.0,7,0,deliberate,0.935,0.98,0.806,0.955,0.767
slow_thorough,144.1,0.259,0,3,2,9.7,slowing_down,4,1,8.3,7,0,deliberate,0.854,0.696,0.963,0.69,0.545
slow_thorough,113.0,0.241,0,4,3,7.2,stable,2,5,6.7,7,0,deliberate,0.838,0.911,0.774,0.793,0.811
slow_thorough,127.0,0.23,0,2,6,9.0,stable,6,6,6.3,7,0,deliberate,0.908,0.745,0.557,0.694,0.616
slow_thorough,130.9,0.353,0,7,0,9.6,slowing_down,5,4,7.5,7,0,deliberate,0.62,0.879,0.402,0.697,0.537
slow_thorough,111.5,0.231,0,4,2,10.7,stable,8,3,7.9,7,0,deliberate,0.794,0.944,0.574,0.785,0.329
slow_thorough,92.5,0.248,0,1,2,8.5,slowing_down,1,2,6.8,7,0,deliberate,0.821,0.673,0.641,0.614,0.689
slow_thorough,124.7,0.26,0,3,3,8.4,stable,4,3,8.8,7,0,deliberate,0.887,0.64,0.727,0.64,0.678
slow_thorough,119.2,0.333,0,5,3,13.7,slowing_down,5,2,6.2,7,0,deliberate,0.695,0.811,0.796,0.648,0.756
slow_thorough,135.4,0.42,0,3,0,9.3,stable,4,5,7.7,7,0,deliberate,0.803,0.928,0.69,0.824,0.551
slow_thorough,111.7,0.23,0,1,3,7.3,slowing_down,5,9,8.8,7,0,deliberate,0.687,0.944,0.82,0.741,0.354
slow_thorough,133.6,0.225,0,7,5,6.5,stable,2,1,8.1,7,0,deliberate,0.521,0.877,0.856,0.599,0.386
slow_thorough,106.8,0.286,0,5,2,8.6,slowing_down,4,5,8.2,7,0,deliberate,0.951,0.867,0.807,0.802,0.615
slow_thorough,97.4,0.272,0,2,3,9.3,stable,1,6,6.9,7,0,deliberate,0.842,0.776,0.784,0.687,0.662
slow_thorough,101.9,0.305,0,4,0,5.6,slowing_down,3,1,9.0,7,0,deliberate,0.69,0.764,0.892,0.774,0.444
slow_thorough,113.8,0.373,0,1,4,8.4,slowing_down,1,4,7.6,7,0,deliberate,0.964,0.861,0.659,0.805,0.546
slow_thorough,89.2,0.252,0,6,2,6.8,stable,2,6,7.5,7,0,deliberate,0.789,0.673,0.701,0.688,0.587
slow_thorough,107.0,0.239,0,0,3,10.1,slowing_down,5,4,6.9,7,0,deliberate,0.992,0.754,0.762,0.833,0.519
slow_thorough,99.3,0.263,0,4,3,6.4,stable,0,2,7.0,7,0,deliberate,0.795,0.85,0.664,0.796,0.866
slow_thorough,114.8,0.241,0,6,4,8.7,stable,6,2,8.5,7,0,deliberate,0.72,0.927,0.869,0.68,0.869
slow_thorough,114.8,0.211,0,2,3,12.3,stable,8,4,8.4,7,0,deliberate,0.849,0.886,0.44,0.817,0.552
slow_thorough,130.5,0.174,0,3,4,8.9,slowing_down,5,4,8.9,7,0,deliberate,0.872,0.773,0.905,0.813,0.607
slow_thorough,104.6,0.261,0,3,2,8.4,stable,13,5,6.8,7,0,deliberate,0.793,0.686,0.663,0.676,0.678
slow_thorough,122.0,0.208,0,1,2,9.1,slowing_down,3,6,8.1,7,0,deliberate,0.777,0.646,0.791,0.681,0.819
slow_thorough,115.9,0.341,0,1,2,8.1,slowing_down,3,4,6.7,7,0,deliberate,0.801,0.807,0.91,0.718,0.793
slow_thorough,94.3,0.341,0,5,4,7.8,stable,3,3,7.0,7,0,deliberate,0.972,0.806,0.935,0.907,0.581
slow_thorough,122.3,0.324,0,6,2,8.0,stable,5,3,8.3,7,0,deliberate,0.755,0.694,0.633,0.719,0.623
slow_thorough,128.9,0.36,0,3,3,12.0,slowing_down,3,4,7.1,7,0,deliberate,0.798,0.968,0.85,0.845,0.574
slow_thorough,126.6,0.25,0,6,3,8.0,slowing_down,3,1,7.9,7,0,deliberate,0.962,0.956,0.939,0.816,0.202
slow_thorough,86.2,0.208,0,3,1,11.2,stable,2,4,7.7,7,0,deliberate,0.878,0.654,0.615,0.757,0.452
slow_thorough,121.3,0.131,0,6,1,8.5,slowing_down,1,1,6.7,7,0,deliberate,0.678,0.626,0.575,0.622,0.578
slow_thorough,106.4,0.369,0,4,0,7.0,slowing_down,2,7,6.9,7,0,deliberate,0.739,0.684,0.993,0.638,0.776
slow_thorough,107.5,0.189,0,5,4,8.8,slowing_down,4,1,9.3,7,0,deliberate,0.919,0.657,0.696,0.722,0.758
slow_thorough,112.0,0.222,0,5,0,8.8,slowing_down,9,10,7.0,7,0,deliberate,0.68,0.878,0.615,0.719,0.809
slow_thorough,110.9,0.424,0,7,2,9.7,stable,2,3,6.2,7,0,deliberate,0.837,0.97,0.974,0.906,0.627
slow_thorough,123.1,0.374,0,2,2,10.8,slowing_down,4,4,7.1,7,0,deliberate,0.804,0.781,0.716,0.756,0.527
slow_thorough,98.8,0.199,0,2,1,7.6,slowing_down,3,5,8.3,7,0,deliberate,0.952,0.884,0.814,0.828,0.469
slow_thorough,106.7,0.197,0,2,4,9.1,slowing_down,4,1,10.0,7,0,deliberate,0.832,0.849,0.699,0.839,0.837
slow_thorough,109.1,0.352,0,4,3,8.6,slowing_down,8,4,9.8,7,0,deliberate,0.671,0.875,0.853,0.76,0.411
slow_thorough,105.8,0.165,0,5,1,10.1,slowing_down,5,5,8.0,7,0,deliberate,0.659,0.926,0.703,0.741,0.924
slow_thorough,116.8,0.361,0,6,4,9.2,stable,0,4,7.4,7,0,deliberate,0.773,0.832,0.853,0.725,0.558
slow_thorough,80.8,0.122,0,1,2,11.9,stable,5,1,8.6,7,0,deliberate,0.76,0.884,0.874,0.817,0.712
slow_thorough,111.1,0.245,0,6,3,10.9,slowing_down,6,3,8.6,7,0,deliberate,0.824,0.843,0.911,0.749,0.634
slow_thorough,118.6,0.126,0,5,2,8.5,slowing_down,1,4,9.0,7,0,deliberate,0.419,0.835,0.866,0.603,0.735
slow_thorough,101.6,0.355,0,4,1,10.0,slowing_down,2,5,8.5,7,0,deliberate,0.965,0.814,0.826,0.844,0.598
slow_thorough,98.7,0.262,0,3,1,12.5,stable,7,2,6.0,7,0,deliberate,0.518,0.845,0.89,0.704,0.683
slow_thorough,108.5,0.3,0,3,2,7.3,slowing_down,5,4,9.4,7,0,deliberate,0.671,0.885,0.774,0.747,0.582
slow_thorough,119.5,0.345,0,2,4,7.7,slowing_down,7,4,7.8,7,0,deliberate,0.705,0.822,0.906,0.652,0.707
slow_thorough,84.8,0.259,0,3,3,10.1,stable,3,2,7.0,7,0,deliberate,0.92,0.772,0.809,0.756,0.655
slow_thorough,121.9,0.183,0,6,2,8.4,slowing_down,4,3,5.9,7,0,deliberate,0.726,0.959,0.539,0.867,0.803
slow_thorough,115.4,0.314,0,1,1,10.2,stable,2,2,7.2,7,0,deliberate,0.751,0.651,0.899,0.636,0.486
slow_thorough,104.7,0.422,0,7,2,10.3,stable,1,2,10.0,7,0,deliberate,0.939,0.747,0.942,0.65,0.687
slow_thorough,109.0,0.246,0,4,3,8.4,slowing_down,1,2,7.9,7,0,deliberate,0.975,0.614,0.699,0.701,0.863
slow_thorough,107.4,0.362,0,4,4,8.5,stable,6,5,8.4,7,0,deliberate,0.742,0.838,0.833,0.64,0.752
slow_thorough,117.4,0.304,0,3,1,9.5,slowing_down,3,1,8.3,7,0,deliberate,0.845,0.864,0.96,0.822,0.718
slow_thorough,94.1,0.244,0,3,0,10.0,slowing_down,4,4,7.7,7,0,deliberate,0.818,0.678,0.859,0.77,0.71
slow_thorough,103.2,0.19,0,5,2,9.1,slowing_down,3,1,7.7,7,0,deliberate,0.782,0.888,0.895,0.692,0.541
slow_thorough,108.1,0.374,0,4,3,6.8,slowing_down,2,2,7.8,7,0,deliberate,0.896,0.836,0.844,0.769,0.693
slow_thorough,109.3,0.182,0,1,2,8.4,stable,7,6,8.8,7,0,deliberate,0.902,0.935,0.407,0.811,0.471
slow_thorough,96.3,0.165,0,4,0,9.8,stable,3,6,8.7,7,0,deliberate,0.687,0.815,0.71,0.694,0.361
slow_thorough,132.3,0.321,0,2,1,11.4,stable,6,2,7.3,7,0,deliberate,0.764,0.595,0.915,0.685,0.635
slow_thorough,98.9,0.27,0,1,1,10.1,stable,4,4,8.3,7,0,deliberate,0.972,0.989,0.752,0.914,0.537
slow_thorough,101.3,0.39,0,5,1,9.1,slowing_down,1,2,7.2,7,0,deliberate,0.919,0.765,0.77,0.815,0.666
slow_thorough,81.9,0.2,0,2,1,10.8,stable,4,6,7.3,7,0,deliberate,0.962,0.979,0.912,0.814,0.437
slow_thorough,104.5,0.092,0,2,3,11.0,slowing_down,5,5,8.0,7,0,deliberate,0.919,0.651,0.792,0.673,0.694
slow_thorough,101.4,0.351,0,3,4,10.2,stable,5,2,6.9,7,0,deliberate,0.774,0.726,0.793,0.703,0.735
slow_thorough,121.0,0.374,0,5,5,8.9,slowing_down,2,1,6.2,7,0,deliberate,0.866,0.797,0.821,0.765,0.868
slow_thorough,118.0,0.203,0,6,2,9.3,slowing_down,4,1,7.3,7,0,deliberate,0.805,0.758,0.842,0.682,0.774
slow_thorough,105.1,0.269,0,2,3,9.3,slowing_down,2,5,6.7,7,0,deliberate,0.985,0.808,0.779,0.877,0.754
slow_thorough,97.8,0.09,0,7,3,6.2,stable,7,5,7.6,7,0,deliberate,0.928,0.583,0.761,0.758,0.604
slow_thorough,123.7,0.333,0,2,4,9.4,slowing_down,2,5,8.1,7,0,deliberate,0.771,0.827,0.621,0.739,0.744
slow_thorough,123.8,0.256,0,1,4,5.6,slowing_down,3,0,6.8,7,0,deliberate,0.874,0.634,0.977,0.692,0.721
slow_thorough,95.2,0.297,0,5,4,7.9,stable,5,4,7.9,7,0,deliberate,0.779,0.774,0.74,0.697,0.548
slow_thorough,89.9,0.247,0,7,2,7.4,stable,5,3,7.5,7,0,deliberate,0.899,0.761,0.629,0.768,0.578
slow_thorough,95.1,0.24,0,4,1,6.0,stable,2,4,6.9,7,0,deliberate,0.891,0.741,0.826,0.714,0.711
slow_thorough,114.2,0.213,0,3,3,8.2,stable,1,2,8.1,7,0,deliberate,0.904,0.846,0.644,0.822,0.831
slow_thorough,97.0,0.236,0,2,4,9.4,slowing_down,5,2,7.9,7,0,deliberate,0.723,0.79,0.492,0.69,0.7
slow_thorough,114.1,0.301,0,5,3,9.9,slowing_down,2,0,6.8,7,0,deliberate,0.643,0.749,0.985,0.531,0.53
slow_thorough,120.9,0.15,0,3,2,10.1,stable,7,3,9.4,7,0,deliberate,0.77,0.787,0.508,0.682,0.719
slow_thorough,118.1,0.265,0,4,2,7.7,stable,6,4,5.8,7,0,deliberate,0.501,0.914,0.89,0.647,0.705
slow_thorough,119.1,0.216,0,4,1,10.5,stable,3,1,7.6,7,0,deliberate,0.717,0.907,0.628,0.784,0.586
slow_thorough,95.5,0.201,0,4,0,10.5,stable,4,4,6.9,7,0,deliberate,0.801,0.805,0.599,0.727,0.709
slow_thorough,118.7,0.312,0,6,4,8.1,stable,5,3,6.5,7,0,deliberate,0.782,0.964,0.953,0.816,0.428
slow_thorough,132.2,0.228,0,4,2,12.2,slowing_down,14,4,7.0,7,0,deliberate,0.868,0.843,0.602,0.692,0.397
slow_thorough,108.5,0.14,0,2,3,13.0,slowing_down,4,3,7.4,7,0,deliberate,0.98,0.615,0.594,0.764,0.562
slow_thorough,105.0,0.234,0,3,3,6.4,stable,3,4,6.8,7,0,deliberate,0.958,0.844,0.756,0.857,0.663
slow_thorough,97.4,0.258,0,5,3,10.6,slowing_down,4,6,6.9,7,0,deliberate,0.487,0.942,0.818,0.686,0.562
slow_thorough,107.2,0.318,0,4,3,12.7,stable,3,3,6.6,7,0,deliberate,0.956,0.624,0.947,0.694,0.865
slow_thorough,87.5,0.248,0,1,1,7.0,slowing_down,5,3,6.8,7,0,deliberate,0.852,0.853,0.769,0.844,0.375
slow_thorough,110.0,0.331,0,3,4,12.2,stable,0,4,6.6,7,0,deliberate,0.823,0.955,0.901,0.851,0.691
slow_thorough,98.9,0.222,0,5,4,8.6,stable,3,7,7.1,7,0,deliberate,0.749,0.886,0.523,0.726,0.632
slow_thorough,96.1,0.281,0,5,3,11.7,stable,8,3,7.8,7,0,deliberate,0.851,0.702,0.783,0.672,0.756
slow_thorough,93.9,0.266,0,4,0,9.0,stable,6,1,7.4,7,0,deliberate,0.789,0.948,0.766,0.831,0.423
slow_thorough,92.7,0.346,0,3,1,11.1,stable,5,4,6.8,7,0,deliberate,0.604,0.93,0.743,0.659,0.285
slow_thorough,95.4,0.195,0,3,5,9.2,stable,6,5,6.7,7,0,deliberate,0.716,0.722,0.922,0.645,0.471
slow_thorough,100.2,0.145,0,3,3,9.4,slowing_down,5,3,9.6,7,0,deliberate,0.731,0.925,0.909,0.687,0.766
slow_thorough,111.1,0.276,0,3,1,9.6,slowing_down,11,4,6.9,7,0,deliberate,0.781,0.91,0.668,0.743,0.497
slow_thorough,98.4,0.36,0,3,1,7.2,stable,8,4,8.3,7,0,deliberate,0.679,0.9,0.679,0.762,0.703
slow_thorough,108.8,0.089,0,4,2,8.8,stable,2,4,8.7,7,0,deliberate,0.802,0.935,0.801,0.785,0.674
slow_thorough,94.6,0.317,0,3,3,7.5,stable,1,2,7.2,7,0,deliberate,0.879,0.905,0.812,0.813,0.455
slow_thorough,86.8,0.16,0,2,2,4.8,stable,5,2,8.5,7,0,deliberate,0.971,0.853,0.699,0.869,0.578
slow_thorough,115.8,0.279,0,2,2,5.3,stable,8,6,8.1,7,0,deliberate,0.898,0.818,0.858,0.782,0.589
slow_thorough,107.4,0.203,0,1,2,9.5,slowing_down,4,2,8.7,7,0,deliberate,0.734,0.766,0.835,0.702,0.476
slow_thorough,101.6,0.301,0,2,1,7.3,slowing_down,2,4,7.6,7,0,deliberate,0.819,0.963,0.771,0.903,0.659
slow_thorough,120.0,0.309,0,2,1,11.0,stable,3,6,6.6,7,0,deliberate,0.56,0.667,0.678,0.591,0.54
slow_thorough,105.7,0.273,0,2,3,14.6,slowing_down,10,3,8.0,7,0,deliberate,0.646,0.705,0.9,0.607,0.906
slow_thorough,91.3,0.366,0,4,3,8.0,slowing_down,4,2,7.7,7,0,deliberate,0.849,0.919,0.931,0.813,0.561
slow_thorough,98.0,0.222,0,4,2,9.6,stable,1,1,6.6,7,0,deliberate,0.952,0.817,0.501,0.869,0.548
slow_thorough,93.3,0.34,0,4,5,8.4,stable,1,4,6.3,7,0,deliberate,0.41,0.85,0.614,0.683,0.393
slow_thorough,113.5,0.288,0,2,1,10.0,stable,4,10,8.3,7,0,deliberate,0.904,0.776,0.915,0.728,0.731
slow_thorough,100.0,0.21,0,7,3,9.2,slowing_down,4,0,7.4,7,0,deliberate,0.895,0.637,0.738,0.749,0.246
slow_thorough,111.5,0.214,0,3,2,10.9,slowing_down,4,6,7.4,7,0,deliberate,0.875,0.807,0.6,0.745,0.398
slow_thorough,106.5,0.189,0,3,3,8.4,stable,2,5,8.1,7,0,deliberate,0.718,0.772,0.912,0.728,0.777
slow_thorough,123.1,0.141,0,2,2,11.1,stable,5,2,7.6,7,0,deliberate,0.739,0.817,0.764,0.716,0.327
slow_thorough,103.9,0.161,0,0,0,9.9,stable,8,3,6.9,7,0,deliberate,0.721,0.713,0.606,0.697,0.887
slow_thorough,107.4,0.134,0,3,0,9.3,slowing_down,5,4,7.5,7,0,deliberate,0.816,0.927,0.681,0.762,0.6
slow_thorough,106.4,0.113,0,2,1,8.0,slowing_down,2,5,6.0,7,0,deliberate,0.879,0.86,0.792,0.733,0.317
slow_thorough,98.7,0.27,0,5,2,9.4,slowing_down,4,2,7.8,7,0,deliberate,0.964,0.885,0.799,0.937,0.741
slow_thorough,123.3,0.185,0,0,0,10.1,stable,6,3,7.8,7,0,deliberate,0.682,0.913,0.798,0.781,0.748
slow_thorough,103.8,0.297,0,3,2,9.7,slowing_down,5,5,6.8,7,0,deliberate,0.679,0.64,0.767,0.559,0.357
slow_thorough,122.6,0.206,0,4,3,8.2,slowing_down,5,3,7.5,7,0,deliberate,0.795,0.74,0.845,0.663,0.737
slow_thorough,108.8,0.18,0,4,2,10.4,slowing_down,6,2,6.4,7,0,deliberate,0.814,0.901,0.933,0.818,0.619
slow_thorough,114.8,0.262,0,5,2,8.3,stable,5,4,9.0,7,0,deliberate,0.875,0.638,0.921,0.648,0.513
slow_thorough,108.2,0.133,0,5,2,8.1,slowing_down,6,1,8.7,7,0,deliberate,0.968,0.939,0.962,0.901,0.719
slow_thorough,122.0,0.253,0,2,0,8.2,slowing_down,7,4,8.7,7,0,deliberate,0.743,0.965,0.901,0.825,0.714
slow_thorough,103.4,0.327,0,4,1,11.3,slowing_down,4,2,9.6,7,0,deliberate,0.601,0.749,0.783,0.667,0.786
slow_thorough,102.8,0.329,0,2,0,10.7,stable,7,2,7.5,7,0,deliberate,0.924,0.659,0.649,0.741,0.334
slow_thorough,91.1,0.366,0,5,5,9.1,slowing_down,4,4,7.2,7,0,deliberate,0.675,0.689,0.92,0.648,0.485
slow_thorough,107.5,0.128,0,2,1,8.6,stable,6,1,6.1,7,0,deliberate,0.903,0.754,0.551,0.705,0.758
slow_thorough,120.2,0.212,0,0,1,8.8,slowing_down,5,2,6.9,7,0,deliberate,0.836,0.933,0.772,0.862,0.626
slow_thorough,107.1,0.163,0,3,5,7.2,slowing_down,2,1,7.6,7,0,deliberate,0.726,0.823,0.746,0.746,0.335
slow_thorough,111.9,0.189,0,3,1,11.2,slowing_down,5,2,6.6,7,0,deliberate,0.716,0.721,0.639,0.64,0.516
slow_thorough,116.8,0.276,0,2,3,5.8,slowing_down,4,0,8.4,7,0,deliberate,0.976,0.609,0.876,0.699,0.58
slow_thorough,105.4,0.309,0,3,2,10.4,slowing_down,3,6,8.1,7,0,deliberate,0.921,0.8,0.714,0.805,0.702
slow_thorough,96.4,0.194,0,6,2,11.8,stable,3,1,7.1,7,0,deliberate,0.517,0.83,0.827,0.66,0.834
slow_thorough,115.7,0.188,0,5,3,7.5,stable,6,2,7.3,7,0,deliberate,0.953,0.771,0.887,0.723,0.501
slow_thorough,103.7,0.176,0,3,3,8.6,stable,3,3,5.8,7,0,deliberate,0.781,0.944,0.816,0.715,0.465
slow_thorough,97.4,0.321,0,5,3,9.7,slowing_down,0,0,6.0,7,0,deliberate,0.788,0.746,0.903,0.705,0.609
slow_thorough,81.1,0.117,0,3,5,9.0,slowing_down,6,3,9.6,7,0,deliberate,0.547,0.667,0.957,0.648,0.67
slow_thorough,106.4,0.286,0,1,2,9.4,stable,2,5,8.8,7,0,deliberate,0.934,0.681,0.906,0.796,0.831
slow_thorough,101.7,0.388,0,2,2,7.2,slowing_down,2,4,7.1,7,0,deliberate,0.864,0.849,0.595,0.833,0.757
slow_thorough,99.3,0.311,0,5,3,11.0,slowing_down,7,2,8.8,7,0,deliberate,0.545,0.806,0.816,0.664,0.558
slow_thorough,122.6,0.118,0,3,5,12.4,slowing_down,2,0,7.9,7,0,deliberate,0.838,0.684,0.937,0.763,0.59
slow_thorough,98.3,0.355,0,3,3,8.2,slowing_down,9,5,7.4,7,0,deliberate,0.855,0.889,0.754,0.89,0.531
slow_thorough,100.2,0.275,0,1,2,9.5,slowing_down,6,6,8.4,7,0,deliberate,0.625,0.825,0.741,0.654,0.577
slow_thorough,105.5,0.233,0,7,1,7.3,slowing_down,2,3,6.8,7,0,deliberate,0.718,0.762,0.691,0.731,0.646
slow_thorough,84.2,0.313,0,2,2,9.7,stable,4,4,6.7,7,0,deliberate,0.881,0.807,0.659,0.801,0.687
slow_thorough,106.7,0.288,0,4,4,11.3,slowing_down,3,3,7.4,7,0,deliberate,0.855,0.901,0.771,0.836,0.512
slow_thorough,93.3,0.272,0,1,1,6.3,slowing_down,1,1,9.2,7,0,deliberate,0.952,0.831,0.581,0.854,0.685
slow_thorough,112.8,0.26,0,4,3,9.1,slowing_down,5,3,7.8,7,0,deliberate,0.705,0.899,0.603,0.772,0.773
slow_thorough,98.6,0.159,0,3,3,9.0,stable,2,3,6.3,7,0,deliberate,0.65,0.728,0.739,0.633,0.862
slow_thorough,106.5,0.349,0,4,2,9.6,slowing_down,7,2,7.0,7,0,deliberate,0.909,0.931,0.925,0.788,0.584
slow_thorough,95.5,0.169,0,4,0,6.3,slowing_down,3,3,8.0,7,0,deliberate,0.633,0.732,0.765,0.659,0.437
slow_thorough,93.4,0.354,0,6,5,9.1,slowing_down,1,5,6.9,7,0,deliberate,0.72,0.933,0.844,0.769,0.925
slow_thorough,127.0,0.418,0,6,4,6.5,slowing_down,7,6,8.1,7,0,deliberate,0.787,0.728,0.629,0.668,0.529
slow_thorough,111.3,0.284,0,5,1,10.6,stable,4,3,6.2,7,0,deliberate,0.704,0.93,0.832,0.756,0.67
slow_thorough,119.9,0.277,0,1,4,8.4,stable,2,1,6.7,7,0,deliberate,0.818,0.943,0.65,0.74,0.787
slow_thorough,100.8,0.358,0,2,5,9.6,stable,5,3,6.8,7,0,deliberate,0.97,0.94,0.837,0.835,0.701
slow_thorough,99.6,0.166,0,4,1,8.9,slowing_down,2,3,7.0,7,0,deliberate,0.866,0.833,0.567,0.752,0.68
slow_thorough,106.8,0.127,0,0,0,10.6,slowing_down,3,5,6.6,7,0,deliberate,0.968,0.894,0.933,0.851,0.763
slow_thorough,104.9,0.198,0,5,3,10.8,slowing_down,2,2,7.8,7,0,deliberate,0.911,0.867,0.815,0.818,0.526
slow_thorough,106.4,0.317,0,5,1,10.5,stable,4,2,6.8,7,0,deliberate,0.539,0.803,0.462,0.574,0.483
slow_thorough,107.3,0.362,0,3,3,10.6,slowing_down,4,5,7.7,7,0,deliberate,0.793,0.794,0.517,0.692,0.821
slow_thorough,84.0,0.158,0,1,2,9.4,stable,5,1,6.2,7,0,deliberate,0.751,0.821,0.793,0.693,0.677
slow_thorough,109.3,0.325,0,2,4,8.2,stable,1,4,8.5,7,0,deliberate,0.621,0.522,0.643,0.511,0.768
slow_thorough,95.6,0.164,0,4,1,7.3,stable,4,3,6.3,7,0,deliberate,0.806,0.666,0.895,0.718,0.761
slow_thorough,104.1,0.311,0,4,4,7.9,stable,2,3,9.4,7,0,deliberate,0.849,0.584,0.722,0.611,0.554
slow_thorough,103.9,0.287,0,1,2,9.6,stable,3,1,7.7,7,0,deliberate,0.679,0.742,0.84,0.573,0.704
slow_thorough,133.1,0.468,0,4,3,8.7,stable,3,0,6.7,7,0,deliberate,0.849,0.697,0.839,0.743,0.61
slow_thorough,110.4,0.233,0,4,1,9.3,slowing_down,7,3,6.9,7,0,deliberate,0.737,0.7,0.931,0.663,0.765
slow_thorough,102.3,0.227,0,7,4,9.0,slowing_down,5,2,8.1,7,0,deliberate,0.894,0.974,0.971,0.886,0.69
slow_thorough,114.0,0.199,0,3,1,11.0,slowing_down,2,5,7.4,7,0,deliberate,0.827,0.935,0.537,0.85,0.447
slow_thorough,104.3,0.28,0,4,3,7.7,slowing_down,4,1,7.3,7,0,deliberate,0.821,0.837,0.781,0.777,0.362
slow_thorough,106.9,0.294,0,2,2,13.1,stable,5,2,7.4,7,0,deliberate,0.843,0.762,0.936,0.7,0.559
slow_thorough,104.7,0.406,0,2,4,9.9,stable,8,4,8.8,7,0,deliberate,0.954,0.883,0.706,0.828,0.719
slow_thorough,102.6,0.292,0,1,1,11.8,slowing_down,5,4,7.0,7,0,deliberate,0.696,0.766,0.471,0.669,0.728
slow_thorough,116.2,0.288,0,3,5,9.6,stable,5,4,6.6,7,0,deliberate,0.407,0.863,0.533,0.594,0.615
slow_thorough,102.9,0.34,0,6,1,9.4,slowing_down,2,6,8.7,7,0,deliberate,0.829,0.918,0.795,0.754,0.483
slow_thorough,110.5,0.187,0,7,2,9.7,slowing_down,5,6,8.1,7,0,deliberate,0.832,0.98,0.702,0.825,0.585
slow_thorough,95.5,0.341,0,3,2,7.2,slowing_down,5,2,7.5,7,0,deliberate,0.948,0.86,0.741,0.779,0.565
slow_thorough,123.9,0.278,0,3,2,7.3,slowing_down,1,3,7.6,7,0,deliberate,0.951,0.833,0.964,0.876,0.589
slow_thorough,119.8,0.155,0,4,2,7.8,stable,3,3,6.9,7,0,deliberate,0.916,0.827,0.594,0.796,0.793
slow_thorough,86.8,0.282,0,4,2,12.2,slowing_down,4,3,8.4,7,0,deliberate,0.751,0.693,0.79,0.654,0.557
slow_thorough,112.4,0.171,0,5,1,10.7,stable,6,1,7.0,7,0,deliberate,0.865,0.679,0.841,0.723,0.845
slow_thorough,90.7,0.182,0,5,4,9.7,stable,4,0,6.6,7,0,deliberate,0.907,0.881,0.952,0.875,0.563
slow_thorough,97.6,0.25,0,5,1,10.8,slowing_down,7,5,8.1,7,0,deliberate,0.736,0.847,0.922,0.656,0.854
slow_thorough,90.1,0.182,0,7,7,8.9,slowing_down,6,2,8.4,7,0,deliberate,0.716,0.895,0.957,0.708,0.833
slow_thorough,128.0,0.342,0,4,3,12.2,stable,2,1,7.3,7,0,deliberate,0.925,0.675,0.383,0.846,0.487
slow_thorough,108.6,0.242,0,5,3,12.3,slowing_down,7,2,7.8,7,0,deliberate,0.649,0.719,0.816,0.63,0.295
slow_thorough,93.5,0.292,0,4,0,8.6,slowing_down,1,4,8.9,7,0,deliberate,0.906,0.812,0.815,0.733,0.795
slow_thorough,116.2,0.438,0,1,3,10.5,stable,5,7,8.1,7,0,deliberate,0.815,0.98,0.899,0.894,0.64
slow_thorough,105.1,0.308,0,3,2,9.0,stable,1,2,7.1,7,0,deliberate,0.721,0.937,0.823,0.751,0.751
slow_thorough,106.7,0.088,0,7,1,10.2,stable,5,2,9.0,7,0,deliberate,0.376,0.483,0.749,0.506,0.822
slow_thorough,93.3,0.353,0,3,4,7.1,stable,3,4,8.6,7,0,deliberate,0.745,0.893,0.763,0.751,0.346
slow_thorough,133.9,0.184,0,3,4,10.8,stable,8,5,7.4,7,0,deliberate,0.957,0.906,0.715,0.871,0.493
slow_thorough,112.7,0.265,0,1,3,8.6,stable,4,2,8.0,7,0,deliberate,0.878,0.923,0.793,0.761,0.658
slow_thorough,96.7,0.076,0,5,2,8.8,slowing_down,3,0,7.5,7,0,deliberate,0.747,0.852,0.764,0.793,0.721
slow_thorough,97.8,0.056,0,1,2,8.1,slowing_down,7,3,8.5,7,0,deliberate,0.881,0.897,0.859,0.876,0.74
slow_thorough,122.4,0.35,0,0,3,11.3,stable,6,1,7.5,7,0,deliberate,0.805,0.643,0.579,0.605,0.831
slow_thorough,99.0,0.147,0,3,2,10.2,slowing_down,0,5,7.8,7,0,deliberate,0.936,0.945,0.873,0.843,0.589
slow_thorough,97.4,0.282,0,3,2,11.1,stable,4,1,7.3,7,0,deliberate,0.861,0.853,0.935,0.839,0.424
slow_thorough,107.1,0.325,0,7,0,11.9,slowing_down,7,4,6.0,7,0,deliberate,0.782,0.891,0.651,0.738,0.801
slow_thorough,109.7,0.146,0,3,1,9.2,slowing_down,4,4,8.3,7,0,deliberate,0.954,0.588,0.605,0.719,0.721
slow_thorough,114.7,0.235,0,2,2,10.0,slowing_down,6,3,7.3,7,0,deliberate,0.609,0.806,0.891,0.783,0.875
slow_thorough,111.6,0.256,0,6,3,8.5,slowing_down,7,3,5.6,7,0,deliberate,0.742,0.639,0.872,0.602,0.684
slow_thorough,118.1,0.166,0,4,0,8.1,slowing_down,6,4,7.7,7,0,deliberate,0.71,0.807,0.435,0.791,0.404
slow_thorough,89.4,0.279,0,4,3,8.5,stable,3,4,9.0,7,0,deliberate,0.589,0.919,0.66,0.733,0.481
slow_thorough,103.7,0.318,0,1,3,10.2,stable,2,4,9.0,7,0,deliberate,0.694,0.902,0.567,0.743,0.537
slow_thorough,112.0,0.15,0,1,5,9.2,stable,9,3,8.0,7,0,deliberate,0.876,0.874,0.927,0.833,0.873
slow_thorough,94.8,0.263,0,3,4,8.8,stable,2,1,8.1,7,0,deliberate,0.99,0.921,0.742,0.856,0.431
slow_thorough,93.9,0.307,0,6,3,10.1,slowing_down,7,2,6.4,7,0,deliberate,0.801,0.742,0.942,0.737,0.601
slow_thorough,99.6,0.315,0,3,3,7.3,stable,5,2,6.9,7,0,deliberate,0.91,0.706,0.692,0.807,0.58
slow_thorough,124.9,0.334,0,3,4,7.2,slowing_down,3,5,5.0,7,0,deliberate,0.926,0.653,0.695,0.747,0.804
slow_thorough,111.1,0.323,0,5,2,10.0,slowing_down,5,3,7.2,7,0,deliberate,0.712,0.827,0.861,0.679,0.417
slow_thorough,90.5,0.222,0,5,2,8.5,slowing_down,2,4,7.5,7,0,deliberate,0.797,0.535,0.637,0.669,0.374
slow_thorough,98.5,0.246,0,3,1,9.6,slowing_down,2,3,8.4,7,0,deliberate,0.927,0.649,0.842,0.699,0.553
slow_thorough,83.7,0.237,0,0,2,6.7,slowing_down,5,4,8.4,7,0,deliberate,0.809,0.812,0.667,0.677,0.512
slow_thorough,122.5,0.255,0,4,0,9.3,stable,9,4,8.5,7,0,deliberate,0.902,0.907,0.926,0.884,0.706
slow_thorough,129.5,0.362,0,3,3,8.7,slowing_down,10,1,8.2,7,0,deliberate,0.764,0.756,0.738,0.771,0.39
slow_thorough,113.6,0.19,0,6,0,9.8,slowing_down,6,4,7.9,7,0,deliberate,0.884,0.886,0.645,0.869,0.812
slow_thorough,120.9,0.268,0,0,1,9.8,slowing_down,7,3,7.9,7,0,deliberate,0.57,0.912,0.63,0.749,0.669
slow_thorough,88.5,0.286,0,7,2,9.8,slowing_down,5,2,7.5,7,0,deliberate,0.762,0.733,0.666,0.739,0.818
slow_thorough,95.6,0.408,0,2,4,7.6,stable,3,7,7.3,7,0,deliberate,0.67,0.436,0.843,0.602,0.713
slow_thorough,109.7,0.272,0,7,3,5.3,stable,1,4,5.3,7,0,deliberate,0.632,0.753,0.763,0.62,0.619
slow_thorough,98.9,0.31,0,4,0,8.3,slowing_down,3,1,7.0,7,0,deliberate,0.773,0.685,0.895,0.725,0.617
slow_thorough,133.8,0.171,0,4,4,8.8,slowing_down,6,6,7.6,7,0,deliberate,0.818,0.733,0.766,0.695,0.763
slow_thorough,101.6,0.288,0,2,2,8.6,slowing_down,3,0,8.0,7,0,deliberate,0.571,0.564,0.932,0.585,0.69
slow_thorough,123.6,0.172,0,1,2,6.2,slowing_down,7,6,8.5,7,0,deliberate,0.927,0.738,0.868,0.753,0.816
slow_thorough,93.7,0.244,0,4,4,10.3,stable,0,6,8.3,7,0,deliberate,0.717,0.726,0.923,0.699,0.304
slow_thorough,90.5,0.251,0,6,0,11.9,stable,5,2,9.3,7,0,deliberate,0.603,0.715,0.76,0.654,0.592
slow_thorough,110.0,0.196,0,0,1,9.7,stable,3,5,7.8,7,0,deliberate,0.728,0.728,0.604,0.678,0.89
slow_thorough,102.5,0.178,0,3,6,7.3,slowing_down,3,4,8.2,7,0,deliberate,0.496,0.682,0.731,0.624,0.611
slow_thorough,115.7,0.323,0,5,0,7.3,slowing_down,4,4,8.1,7,0,deliberate,0.816,0.802,0.744,0.786,0.583
slow_thorough,108.1,0.317,0,7,2,9.8,stable,4,4,6.4,7,0,deliberate,0.959,0.755,0.686,0.723,0.669
slow_thorough,116.7,0.01,0,3,2,8.2,stable,6,1,8.3,7,0,deliberate,0.95,0.631,0.82,0.728,0.684
slow_thorough,122.1,0.194,0,3,5,11.7,slowing_down,4,2,6.8,7,0,deliberate,0.847,0.779,0.794,0.749,0.223
slow_thorough,80.4,0.229,0,3,3,9.6,stable,6,2,7.8,7,0,deliberate,0.944,0.771,0.894,0.822,0.715
slow_thorough,98.0,0.301,0,1,3,6.2,stable,3,3,8.5,7,0,deliberate,0.66,0.767,0.863,0.682,0.687
slow_thorough,114.6,0.226,0,3,2,8.2,stable,3,7,6.8,7,0,deliberate,0.719,0.87,0.741,0.794,0.778
slow_thorough,122.6,0.262,0,5,3,11.4,slowing_down,6,1,9.1,7,0,deliberate,0.729,0.715,0.817,0.639,0.472
slow_thorough,121.4,0.295,0,5,2,13.3,stable,2,4,9.4,7,0,deliberate,0.85,0.952,0.873,0.782,0.619
slow_thorough,113.7,0.219,0,3,0,11.8,stable,4,3,7.3,7,0,deliberate,0.978,0.821,0.748,0.836,0.553
slow_thorough,106.5,0.263,0,3,3,7.4,slowing_down,8,0,6.7,7,0,deliberate,0.625,0.899,0.677,0.715,0.735
slow_thorough,105.8,0.344,0,3,3,6.9,slowing_down,5,1,8.5,7,0,deliberate,0.836,0.933,0.801,0.783,0.584
slow_thorough,89.9,0.251,0,2,3,8.6,stable,7,3,8.3,7,0,deliberate,0.843,0.811,0.864,0.826,0.738
slow_thorough,106.9,0.286,0,3,1,10.0,stable,9,4,9.3,7,0,deliberate,0.716,0.741,0.597,0.669,0.187
slow_thorough,121.5,0.081,0,1,3,8.1,slowing_down,2,0,7.0,7,0,deliberate,0.908,0.806,0.545,0.83,0.226
slow_thorough,120.9,0.353,0,7,1,8.4,slowing_down,2,1,8.2,7,0,deliberate,0.724,0.933,0.727,0.737,0.686
slow_thorough,103.3,0.191,0,4,1,10.7,slowing_down,5,3,8.5,7,0,deliberate,0.817,0.786,0.722,0.785,0.52
slow_thorough,115.0,0.276,0,3,0,12.0,slowing_down,4,1,7.4,7,0,deliberate,0.949,0.944,0.434,0.828,0.894
slow_thorough,107.4,0.254,0,2,2,10.7,slowing_down,5,4,6.7,7,0,deliberate,0.893,0.871,0.73,0.796,0.679
slow_thorough,119.0,0.185,0,7,7,10.9,stable,1,6,9.0,7,0,deliberate,0.752,0.821,0.613,0.727,0.442
slow_thorough,96.1,0.281,0,2,0,12.6,slowing_down,6,4,8.0,7,0,deliberate,0.869,0.789,0.706,0.75,0.606
slow_thorough,109.4,0.304,0,2,5,9.6,stable,2,2,8.1,7,0,deliberate,0.874,0.782,0.971,0.723,0.843
slow_thorough,115.4,0.314,0,5,4,11.9,stable,10,5,8.8,7,0,deliberate,0.818,0.895,0.886,0.791,0.702
slow_thorough,102.9,0.205,0,4,0,10.2,stable,7,3,6.9,7,0,deliberate,0.825,0.727,0.674,0.659,0.683
slow_thorough,106.0,0.266,0,2,2,7.4,slowing_down,2,4,7.9,7,0,deliberate,0.738,0.915,0.893,0.796,0.718
slow_thorough,123.3,0.174,0,7,2,6.0,slowing_down,3,3,7.9,7,0,deliberate,0.908,0.705,0.793,0.705,0.724
slow_thorough,114.3,0.394,0,0,0,11.6,slowing_down,2,2,7.8,7,0,deliberate,0.51,0.889,0.489,0.7,0.931
slow_thorough,123.0,0.315,0,4,6,10.0,slowing_down,5,2,6.5,7,0,deliberate,0.825,0.779,0.756,0.703,0.787
slow_thorough,91.3,0.158,0,5,4,9.1,slowing_down,4,2,6.3,7,0,deliberate,0.898,0.954,0.757,0.893,0.827
slow_thorough,107.4,0.332,0,6,1,9.8,slowing_down,5,2,7.3,7,0,deliberate,0.861,0.97,0.845,0.886,0.645
slow_thorough,89.6,0.071,0,6,2,7.9,stable,5,1,8.7,7,0,deliberate,0.917,0.898,0.948,0.834,0.773
slow_thorough,94.1,0.146,0,4,3,10.2,stable,5,3,10.0,7,0,deliberate,0.836,0.851,0.408,0.758,0.657
slow_thorough,90.2,0.224,0,2,3,10.3,slowing_down,3,2,7.6,7,0,deliberate,0.631,0.939,0.758,0.665,0.606
slow_thorough,138.2,0.145,0,6,5,8.7,slowing_down,4,2,7.7,7,0,deliberate,0.878,0.925,0.853,0.777,0.492
slow_thorough,92.8,0.222,0,7,2,10.5,stable,5,1,8.7,7,0,deliberate,0.734,0.865,0.876,0.812,0.809
slow_thorough,115.6,0.393,0,5,4,10.0,stable,2,1,8.7,7,0,deliberate,0.848,0.87,0.861,0.63,0.688
slow_thorough,110.4,0.323,0,4,7,8.6,slowing_down,4,5,7.6,7,0,deliberate,0.886,0.83,0.717,0.786,0.675
slow_thorough,112.5,0.088,0,4,5,8.3,slowing_down,5,5,7.8,7,0,deliberate,0.807,0.718,0.88,0.717,0.8
slow_thorough,107.6,0.19,0,5,3,10.0,slowing_down,3,4,6.5,7,0,deliberate,0.631,0.8,0.649,0.691,0.729
slow_thorough,126.4,0.259,0,2,2,13.3,slowing_down,5,4,7.5,7,0,deliberate,0.634,0.825,0.703,0.64,0.503
slow_thorough,114.3,0.209,0,2,0,8.8,stable,7,4,7.0,7,0,deliberate,0.956,0.781,0.664,0.744,0.529
slow_thorough,115.4,0.368,0,6,4,9.4,slowing_down,1,2,7.1,7,0,deliberate,0.918,0.935,0.796,0.807,0.683
slow_thorough,111.8,0.422,0,0,1,8.3,slowing_down,4,1,8.5,7,0,deliberate,0.986,0.81,0.929,0.789,0.421
slow_thorough,122.7,0.327,0,2,2,10.6,slowing_down,2,1,8.3,7,0,deliberate,0.923,0.82,0.598,0.876,0.485
slow_thorough,118.8,0.183,0,0,0,10.0,slowing_down,5,1,6.1,7,0,deliberate,0.853,0.938,0.932,0.793,0.905
slow_thorough,110.0,0.281,0,4,1,11.3,stable,3,3,8.4,7,0,deliberate,0.894,0.849,0.49,0.72,0.781
slow_thorough,87.1,0.224,0,3,3,10.3,stable,4,2,6.8,7,0,deliberate,0.744,0.679,0.829,0.613,0.832
slow_thorough,113.2,0.084,0,4,4,10.0,slowing_down,4,2,7.5,7,0,deliberate,0.941,0.94,0.896,0.877,0.701
slow_thorough,75.9,0.245,0,0,5,11.3,stable,9,2,9.8,7,0,deliberate,0.897,0.782,0.832,0.732,0.718
slow_thorough,98.9,0.302,0,2,4,10.8,stable,3,1,9.0,7,0,deliberate,0.956,0.577,0.838,0.612,0.351
slow_thorough,113.7,0.178,0,1,1,9.8,stable,4,2,6.3,7,0,deliberate,0.659,0.97,0.74,0.815,0.734
slow_thorough,118.5,0.243,0,3,2,9.8,stable,3,4,7.9,7,0,deliberate,0.878,0.835,0.595,0.831,0.706
slow_thorough,111.1,0.231,0,4,2,9.8,stable,4,4,8.4,7,0,deliberate,0.907,0.932,0.75,0.797,0.85
slow_thorough,126.9,0.238,0,3,4,8.3,slowing_down,1,2,6.8,7,0,deliberate,0.493,0.694,0.707,0.637,0.75
slow_thorough,96.9,0.252,0,5,2,8.6,slowing_down,3,6,8.8,7,0,deliberate,0.658,0.788,0.722,0.685,0.56
slow_thorough,97.0,0.213,0,1,4,11.1,slowing_down,2,3,8.9,7,0,deliberate,0.688,0.974,0.573,0.831,0.873
slow_thorough,94.7,0.227,0,7,3,8.1,stable,5,4,7.6,7,0,deliberate,0.865,0.845,0.735,0.825,0.326
slow_thorough,105.8,0.184,0,2,0,9.2,stable,6,1,6.2,7,0,deliberate,0.521,0.675,0.873,0.518,0.821
slow_thorough,115.0,0.354,0,4,0,8.1,slowing_down,1,1,7.1,7,0,deliberate,0.84,0.825,0.725,0.725,0.282
slow_thorough,104.1,0.218,0,4,1,7.7,slowing_down,2,2,8.5,7,0,deliberate,0.64,0.92,0.709,0.674,0.503
slow_thorough,132.3,0.281,0,4,1,9.6,slowing_down,6,1,7.8,7,0,deliberate,0.508,0.708,0.685,0.53,0.678
slow_thorough,105.7,0.349,0,3,2,10.6,slowing_down,4,4,7.8,7,0,deliberate,0.924,0.771,0.871,0.68,0.77
slow_thorough,117.4,0.292,0,6,1,8.5,stable,4,3,8.0,7,0,deliberate,0.746,0.588,0.722,0.589,0.593
slow_thorough,120.1,0.254,0,0,3,10.0,slowing_down,3,4,8.5,7,0,deliberate,0.784,0.703,0.833,0.679,0.727
slow_thorough,133.5,0.268,0,3,0,14.1,slowing_down,1,1,8.9,7,0,deliberate,0.933,0.89,0.855,0.841,0.227
slow_thorough,107.8,0.309,0,7,1,5.5,stable,4,1,8.4,7,0,deliberate,0.701,0.893,0.6,0.76,0.374
slow_thorough,112.4,0.274,0,3,5,7.4,slowing_down,4,4,7.9,7,0,deliberate,0.8,0.792,0.919,0.722,0.581
slow_thorough,72.0,0.295,0,6,1,6.6,slowing_down,5,7,6.5,7,0,deliberate,0.955,0.854,0.74,0.887,0.646
slow_thorough,92.8,0.231,0,3,2,10.7,stable,1,3,8.7,7,0,deliberate,0.866,0.862,0.675,0.709,0.535
slow_thorough,136.6,0.263,0,5,4,11.4,slowing_down,7,1,8.1,7,0,deliberate,0.811,0.82,0.807,0.709,0.236
slow_thorough,123.1,0.278,0,4,7,9.2,stable,6,5,7.5,7,0,deliberate,0.717,0.797,0.746,0.66,0.915
slow_thorough,116.4,0.324,0,5,2,8.4,stable,4,4,9.3,7,0,deliberate,0.905,0.882,0.827,0.791,0.597
slow_thorough,121.7,0.204,0,2,0,3.7,slowing_down,1,3,7.5,7,0,deliberate,0.869,0.672,0.882,0.821,0.33
slow_thorough,112.8,0.209,0,5,0,12.8,slowing_down,4,2,8.2,7,0,deliberate,0.606,0.656,0.835,0.521,0.761
slow_thorough,122.0,0.22,0,4,1,10.3,stable,7,3,8.6,7,0,deliberate,0.937,0.859,0.954,0.78,0.533
slow_thorough,110.8,0.221,0,4,3,9.0,slowing_down,2,3,7.3,7,0,deliberate,0.892,0.716,0.912,0.648,0.585
concept_struggler,118.7,0.43,0,2,2,8.6,stable,5,5,2.5,7,0,balanced,0.149,0.161,0.252,0.221,0.385
concept_struggler,116.8,0.585,1,5,2,10.7,slowing_down,6,5,4.2,7,0,balanced,0.266,0.138,0.355,0.288,0.572
concept_struggler,114.6,0.443,1,3,4,14.1,stable,3,8,4.3,7,0,deliberate,0.37,0.386,0.143,0.484,0.185
concept_struggler,120.0,0.526,1,1,4,13.9,speeding_up,6,5,2.8,7,0,deliberate,0.405,0.387,0.35,0.393,0.285
concept_struggler,108.1,0.521,0,1,2,12.5,speeding_up,6,5,4.0,7,0,balanced,0.427,0.378,0.244,0.316,0.736
concept_struggler,93.8,0.269,0,3,2,10.6,speeding_up,6,3,3.1,7,0,deliberate,0.3,0.238,0.596,0.325,0.093
concept_struggler,117.5,0.321,0,1,3,11.0,stable,2,5,3.2,7,0,deliberate,0.05,0.169,0.211,0.267,0.109
concept_struggler,106.9,0.457,0,5,0,12.4,stable,7,4,4.2,7,0,deliberate,0.187,0.362,0.297,0.304,0.445
concept_struggler,104.0,0.53,0,2,4,10.9,stable,4,4,2.9,7,0,balanced,0.225,0.236,0.127,0.352,0.442
concept_struggler,118.2,0.482,0,3,4,8.4,stable,5,6,3.1,7,0,deliberate,0.288,0.459,0.199,0.397,0.218
concept_struggler,118.1,0.589,0,4,2,11.6,slowing_down,6,2,2.1,7,0,deliberate,0.224,0.159,0.229,0.279,0.456
concept_struggler,81.4,0.41,0,4,1,11.4,slowing_down,0,4,3.1,7,0,deliberate,0.34,0.41,0.259,0.448,0.127
concept_struggler,85.9,0.311,0,5,2,12.8,stable,5,5,2.9,7,0,deliberate,0.76,0.455,0.466,0.51,0.345
concept_struggler,105.9,0.447,0,5,3,10.1,stable,9,2,4.4,7,0,balanced,0.577,0.336,0.558,0.453,0.624
concept_struggler,83.4,0.435,0,5,1,12.4,stable,8,8,2.4,7,0,deliberate,0.228,0.247,0.137,0.277,0.344
concept_struggler,116.3,0.388,0,3,5,10.9,slowing_down,2,8,1.3,7,0,deliberate,0.201,0.455,0.318,0.39,0.243
concept_struggler,113.5,0.296,0,6,6,15.3,slowing_down,4,4,2.1,7,0,deliberate,0.35,0.306,0.212,0.35,0.175
concept_struggler,96.8,0.247,1,3,1,6.0,stable,8,3,3.8,7,0,deliberate,0.201,0.626,0.159,0.526,0.337
concept_struggler,83.2,0.493,1,1,0,11.3,stable,3,4,3.5,7,0,balanced,0.382,0.233,0.242,0.326,0.148
concept_struggler,95.7,0.334,0,2,7,11.3,stable,2,7,2.2,7,0,deliberate,0.333,0.829,0.107,0.654,0.083
concept_struggler,109.2,0.229,0,4,1,8.2,stable,3,8,3.3,7,0,balanced,0.284,0.166,0.301,0.363,0.493
concept_struggler,102.9,0.258,0,5,1,10.9,slowing_down,3,5,3.7,7,0,deliberate,0.318,0.186,0.147,0.306,0.218
concept_struggler,119.0,0.372,0,3,6,7.6,speeding_up,7,5,3.3,7,0,deliberate,0.443,0.225,0.06,0.34,0.259
concept_struggler,80.5,0.233,0,7,2,5.9,stable,5,6,2.3,7,0,deliberate,0.192,0.171,0.304,0.3,0.127
concept_struggler,97.0,0.433,0,3,3,10.3,slowing_down,5,2,3.8,7,0,deliberate,0.25,0.321,0.284,0.401,0.275
concept_struggler,105.0,0.399,0,2,2,10.3,speeding_up,7,3,3.8,7,0,deliberate,0.238,0.353,0.087,0.396,0.219
concept_struggler,87.8,0.478,0,3,6,11.4,speeding_up,5,7,3.2,7,0,balanced,0.331,0.428,0.18,0.378,0.187
concept_struggler,96.0,0.253,0,2,2,12.8,speeding_up,1,3,4.0,7,0,balanced,0.287,0.379,0.529,0.464,0.239
concept_struggler,87.3,0.437,0,3,1,10.1,speeding_up,5,3,3.5,7,0,balanced,0.476,0.228,0.241,0.441,0.092
concept_struggler,122.1,0.602,0,2,2,10.4,stable,7,5,2.8,7,0,deliberate,0.176,0.254,0.46,0.242,0.515
concept_struggler,85.7,0.494,0,4,3,8.4,stable,5,6,2.5,7,0,deliberate,0.428,0.164,0.192,0.419,0.106
concept_struggler,93.8,0.56,0,2,2,11.2,slowing_down,4,2,2.7,7,0,deliberate,0.229,0.242,0.385,0.259,0.156
concept_struggler,97.0,0.29,0,1,0,8.9,stable,5,3,2.9,7,0,deliberate,0.171,0.612,0.213,0.313,0.293
concept_struggler,90.6,0.228,0,2,4,11.0,stable,6,7,1.9,7,0,deliberate,0.268,0.312,0.207,0.356,0.114
concept_struggler,111.9,0.609,0,3,4,12.9,slowing_down,4,4,2.2,7,0,deliberate,0.325,0.316,0.485,0.39,0.23
concept_struggler,112.3,0.379,0,3,2,8.0,speeding_up,7,12,3.4,7,0,balanced,0.121,0.446,0.192,0.352,0.501
concept_struggler,93.6,0.463,1,5,6,10.1,stable,7,7,4.3,7,0,deliberate,0.281,0.563,0.285,0.468,0.193
concept_struggler,106.2,0.576,0,1,6,12.6,speeding_up,2,4,3.8,7,0,balanced,0.479,0.278,0.303,0.438,0.203
concept_struggler,86.0,0.233,0,1,6,11.8,slowing_down,4,3,2.6,7,0,balanced,0.201,0.384,0.504,0.281,0.142
concept_struggler,83.0,0.477,0,5,2,10.1,slowing_down,5,4,2.9,7,0,deliberate,0.105,0.523,0.358,0.355,0.312
concept_struggler,78.9,0.405,0,5,6,8.7,stable,4,3,4.0,7,0,deliberate,0.159,0.542,0.441,0.406,0.393
concept_struggler,106.5,0.375,0,3,5,9.0,speeding_up,8,3,2.6,7,0,deliberate,0.137,0.285,0.302,0.315,0.261
concept_struggler,99.6,0.204,0,0,3,10.9,speeding_up,4,1,2.9,7,0,deliberate,0.198,0.358,0.259,0.272,0.044
concept_struggler,88.3,0.348,1,4,3,13.3,slowing_down,3,2,3.6,7,0,deliberate,0.478,0.255,0.348,0.425,0.477
concept_struggler,115.3,0.252,0,5,3,12.5,slowing_down,6,3,3.0,7,0,balanced,0.238,0.167,0.444,0.29,0.352
concept_struggler,120.5,0.513,0,3,1,10.6,stable,2,3,3.1,7,0,balanced,0.415,0.568,0.192,0.506,0.303
concept_struggler,94.1,0.3,0,3,6,7.6,slowing_down,4,3,4.8,7,0,balanced,0.18,0.613,0.072,0.386,0.145
concept_struggler,115.9,0.382,1,0,3,14.8,slowing_down,3,5,2.8,7,0,deliberate,0.177,0.679,0.501,0.292,0.174
concept_struggler,92.9,0.396,0,2,7,12.9,stable,4,8,1.9,7,0,deliberate,0.368,0.545,0.558,0.552,0.271
concept_struggler,98.3,0.302,0,7,1,12.0,slowing_down,7,3,4.2,7,0,deliberate,0.434,0.222,0.177,0.326,0.19
concept_struggler,93.3,0.242,0,3,4,11.3,slowing_down,3,10,3.3,7,0,deliberate,0.196,0.673,0.172,0.425,0.307
concept_struggler,115.4,0.342,0,6,7,9.0,slowing_down,7,1,3.4,7,0,deliberate,0.108,0.582,0.282,0.446,0.394
concept_struggler,127.5,0.277,0,3,1,10.9,stable,7,4,4.3,7,0,deliberate,0.49,0.205,0.692,0.425,0.453
concept_struggler,111.7,0.211,1,2,3,13.5,speeding_up,11,1,2.7,7,0,deliberate,0.231,0.438,0.463,0.302,0.458
concept_struggler,116.3,0.416,1,3,1,5.8,slowing_down,4,2,2.6,7,0,deliberate,0.195,0.334,0.388,0.299,0.115
concept_struggler,91.9,0.478,1,4,2,12.1,slowing_down,4,4,3.2,7,0,deliberate,0.116,0.566,0.417,0.305,0.241
concept_struggler,119.6,0.602,1,1,4,13.0,stable,5,3,3.4,7,0,balanced,0.169,0.295,0.43,0.32,0.262
concept_struggler,96.7,0.326,1,2,3,11.9,slowing_down,4,3,5.0,7,0,deliberate,0.111,0.514,0.171,0.343,0.277
concept_struggler,117.5,0.339,0,2,1,9.9,slowing_down,4,5,2.6,7,0,balanced,0.245,0.63,0.02,0.483,0.112
concept_struggler,102.5,0.266,0,3,1,9.3,stable,6,4,3.4,7,0,deliberate,0.378,0.403,0.038,0.4,0.283
concept_struggler,63.1,0.513,0,6,4,7.2,speeding_up,3,3,2.4,7,0,deliberate,0.486,0.56,0.484,0.495,0.177
concept_struggler,106.8,0.433,0,3,3,11.1,stable,6,2,2.4,7,0,deliberate,0.126,0.452,0.327,0.332,0.228
concept_struggler,102.0,0.517,0,1,2,13.8,stable,8,4,2.6,7,0,deliberate,0.316,0.454,0.431,0.43,0.229
concept_struggler,112.2,0.303,0,4,5,10.6,slowing_down,5,5,2.9,7,0,balanced,0.484,0.532,0.17,0.572,0.286
concept_struggler,100.4,0.576,0,2,7,10.2,stable,4,6,2.8,7,0,deliberate,0.348,0.5,0.294,0.529,0.125
concept_struggler,105.8,0.442,0,3,4,11.7,speeding_up,4,5,2.4,7,0,deliberate,0.194,0.408,0.282,0.388,0.231
concept_struggler,99.7,0.369,0,6,3,11.2,slowing_down,3,7,4.4,7,0,balanced,0.214,0.2,0.365,0.314,0.186
concept_struggler,78.5,0.507,0,3,3,14.5,speeding_up,3,4,4.5,7,0,deliberate,0.272,0.141,0.062,0.398,0.215
concept_struggler,112.6,0.489,0,0,3,16.8,slowing_down,2,5,3.6,7,0,balanced,0.298,0.51,0.487,0.459,0.276
concept_struggler,82.2,0.311,0,1,3,15.4,slowing_down,4,2,3.2,7,0,balanced,0.581,0.363,0.096,0.511,0.216
concept_struggler,116.2,0.605,0,5,4,7.8,stable,7,5,3.0,7,0,balanced,0.126,0.272,0.06,0.307,0.187
concept_struggler,96.9,0.511,0,3,5,12.0,speeding_up,6,5,4.6,7,0,deliberate,0.256,0.314,0.587,0.333,0.256
concept_struggler,83.2,0.369,0,3,2,14.7,speeding_up,4,4,2.2,7,0,deliberate,0.158,0.151,0.294,0.242,0.02
concept_struggler,93.4,0.517,0,0,2,13.9,stable,3,7,3.5,7,0,deliberate,0.318,0.362,0.342,0.438,0.238
concept_struggler,110.6,0.512,0,4,4,13.5,stable,7,6,1.9,7,0,deliberate,0.32,0.26,0.214,0.297,0.268
concept_struggler,111.6,0.516,0,6,4,8.7,stable,1,4,4.3,7,0,deliberate,0.102,0.3,0.269,0.269,0.108
concept_struggler,94.2,0.418,0,2,2,12.2,stable,4,4,4.9,7,0,balanced,0.431,0.522,0.071,0.419,0.189
concept_struggler,107.6,0.433,0,2,2,7.2,stable,4,2,4.5,7,0,balanced,0.08,0.543,0.066,0.346,0.124
concept_struggler,121.2,0.576,0,2,4,9.6,slowing_down,4,3,4.1,7,0,deliberate,0.365,0.099,0.632,0.232,0.456
concept_struggler,139.0,0.484,0,2,5,9.0,stable,9,6,3.9,7,0,deliberate,0.265,0.27,0.249,0.364,0.202
concept_struggler,104.5,0.488,0,3,3,13.7,speeding_up,5,10,4.5,7,0,balanced,0.197,0.098,0.183,0.198,0.341
concept_struggler,88.2,0.414,0,3,1,14.1,slowing_down,5,5,3.7,7,0,deliberate,0.396,0.431,0.297,0.377,0.078
concept_struggler,87.9,0.428,0,3,1,8.3,stable,2,3,3.8,7,0,deliberate,0.241,0.43,0.078,0.407,0.029
concept_struggler,105.9,0.504,0,3,4,11.4,stable,4,5,2.6,7,0,deliberate,0.109,0.502,0.135,0.348,0.453
concept_struggler,124.1,0.439,0,3,5,12.4,stable,4,5,5.2,7,0,balanced,0.091,0.429,0.336,0.294,0.072
concept_struggler,100.1,0.43,0,1,3,12.3,stable,7,3,2.9,7,0,balanced,0.112,0.568,0.279,0.385,0.574
concept_struggler,92.8,0.491,0,5,2,13.1,slowing_down,6,6,1.8,7,0,deliberate,0.456,0.194,0.154,0.376,0.301
concept_struggler,104.9,0.258,0,3,1,8.1,speeding_up,9,6,3.4,7,0,deliberate,0.413,0.211,0.492,0.344,0.408
concept_struggler,101.5,0.49,0,2,2,10.7,stable,3,0,3.2,7,0,deliberate,0.058,0.456,0.244,0.302,0.609
concept_struggler,129.5,0.412,0,0,1,4.4,slowing_down,4,4,2.2,7,0,deliberate,0.465,0.625,0.468,0.476,0.449
concept_struggler,106.4,0.377,0,1,2,12.6,speeding_up,7,2,3.2,7,0,balanced,0.381,0.297,0.055,0.376,0.141
concept_struggler,89.7,0.382,0,5,4,12.6,stable,2,7,3.7,7,0,balanced,0.224,0.598,0.254,0.496,0.223
concept_struggler,96.9,0.321,0,4,2,11.5,slowing_down,9,3,1.0,7,0,deliberate,0.235,0.5,0.482,0.396,0.255
concept_struggler,118.2,0.389,0,2,1,13.9,stable,5,5,2.6,7,0,balanced,0.243,0.46,0.05,0.314,0.422
concept_struggler,91.9,0.283,1,1,3,13.9,stable,2,2,3.7,7,0,balanced,0.338,0.391,0.274,0.42,0.155
concept_struggler,96.0,0.29,0,3,2,8.7,speeding_up,3,4,1.9,7,0,balanced,0.471,0.207,0.355,0.307,0.057
concept_struggler,85.7,0.526,0,2,2,14.0,stable,5,3,3.5,7,0,balanced,0.345,0.193,0.139,0.332,0.312
concept_struggler,125.4,0.311,0,3,1,11.3,stable,3,7,3.7,7,0,deliberate,0.305,0.283,0.18,0.374,0.307
concept_struggler,76.3,0.11,1,2,1,7.2,stable,7,2,3.8,7,0,balanced,0.633,0.445,0.442,0.473,0.088
concept_struggler,112.0,0.373,0,2,3,11.7,speeding_up,1,4,2.5,7,0,balanced,0.146,0.204,0.117,0.107,0.162
concept_struggler,101.6,0.315,0,3,5,13.8,slowing_down,5,5,1.1,7,0,deliberate,0.296,0.425,0.237,0.336,0.097
concept_struggler,92.9,0.382,0,1,5,10.7,stable,3,3,2.8,7,0,balanced,0.449,0.176,0.194,0.405,0.67
concept_struggler,99.8,0.47,0,2,0,9.8,slowing_down,13,0,3.9,7,0,deliberate,0.438,0.485,0.517,0.526,0.453
concept_struggler,88.5,0.484,0,3,2,9.4,stable,6,6,3.9,7,0,balanced,0.057,0.471,0.396,0.323,0.133
concept_struggler,90.9,0.458,0,2,3,9.5,stable,5,4,4.2,7,0,balanced,0.274,0.256,0.124,0.23,0.17
concept_struggler,114.8,0.584,0,2,4,8.0,speeding_up,4,5,4.7,7,0,deliberate,0.283,0.508,0.625,0.389,0.12
concept_struggler,101.9,0.48,0,2,3,14.1,stable,5,1,2.7,7,0,balanced,0.581,0.396,0.106,0.493,0.349
concept_struggler,106.6,0.338,1,1,6,9.8,slowing_down,2,3,4.1,7,0,deliberate,0.34,0.579,0.152,0.392,0.2
concept_struggler,89.4,0.312,1,0,5,7.0,slowing_down,2,5,3.7,7,0,balanced,0.634,0.501,0.011,0.645,0.374
concept_struggler,103.6,0.538,0,5,3,7.5,slowing_down,6,4,1.4,7,0,deliberate,0.571,0.342,0.235,0.468,0.132
concept_struggler,98.1,0.517,0,3,2,8.8,slowing_down,3,3,3.0,7,0,deliberate,0.363,0.322,0.45,0.243,0.222
concept_struggler,108.1,0.417,0,3,5,9.9,slowing_down,4,3,4.3,7,0,deliberate,0.216,0.312,0.325,0.33,0.189
concept_struggler,99.7,0.544,0,7,5,8.3,slowing_down,6,2,3.3,7,0,balanced,0.279,0.146,0.123,0.332,0.06
concept_struggler,109.0,0.382,1,2,4,11.1,slowing_down,5,4,2.9,7,0,balanced,0.146,0.424,0.377,0.22,0.408
concept_struggler,88.1,0.655,0,2,5,8.1,speeding_up,5,4,3.1,7,0,balanced,0.131,0.141,0.528,0.179,0.366
concept_struggler,117.0,0.561,0,2,4,7.7,stable,5,1,3.2,7,0,deliberate,0.205,0.377,0.234,0.296,0.212
concept_struggler,103.2,0.397,0,3,2,13.1,stable,6,1,4.0,7,0,deliberate,0.176,0.209,0.457,0.266,0.467
concept_struggler,95.3,0.399,0,7,0,8.6,stable,4,7,2.2,7,0,balanced,0.547,0.433,0.309,0.473,0.299
concept_struggler,92.7,0.43,0,0,5,10.2,speeding_up,2,4,3.2,7,0,balanced,0.266,0.325,0.361,0.351,0.176
concept_struggler,101.5,0.407,0,0,3,6.2,slowing_down,5,5,3.4,7,0,deliberate,0.107,0.59,0.364,0.367,0.423
concept_struggler,108.4,0.42,0,3,3,9.6,stable,4,5,4.0,7,0,deliberate,0.548,0.451,0.103,0.478,0.269
concept_struggler,105.8,0.323,0,3,3,8.0,stable,5,3,3.4,7,0,balanced,0.2,0.549,0.514,0.327,0.233
concept_struggler,88.7,0.494,0,3,3,5.0,speeding_up,4,3,2.9,7,0,deliberate,0.27,0.387,0.457,0.449,0.145
concept_struggler,101.7,0.458,0,3,4,9.6,stable,5,6,2.8,7,0,balanced,0.159,0.377,0.445,0.279,0.37
concept_struggler,94.7,0.377,0,3,0,17.4,stable,3,5,3.2,7,0,deliberate,0.305,0.303,0.395,0.261,0.108
concept_struggler,114.7,0.462,0,1,4,14.1,stable,3,7,3.6,7,0,balanced,0.109,0.202,0.227,0.337,0.504
concept_struggler,117.5,0.378,0,1,2,13.4,slowing_down,7,5,2.8,7,0,balanced,0.031,0.673,0.573,0.375,0.154
concept_struggler,78.9,0.335,0,5,2,11.0,stable,6,6,2.5,7,0,deliberate,0.137,0.338,0.287,0.25,0.278
concept_struggler,110.3,0.209,1,3,3,15.7,stable,3,6,1.7,7,0,deliberate,0.076,0.334,0.336,0.241,0.259
concept_struggler,98.2,0.387,0,1,5,11.2,stable,4,7,3.4,7,0,balanced,0.106,0.333,0.364,0.256,0.324
concept_struggler,101.7,0.404,0,4,4,13.2,slowing_down,5,2,4.1,7,0,balanced,0.15,0.359,0.131,0.345,0.102
concept_struggler,91.5,0.327,0,2,4,16.7,slowing_down,7,2,3.3,7,0,deliberate,0.24,0.221,0.145,0.255,0.111
concept_struggler,98.4,0.294,0,1,0,12.9,speeding_up,1,4,2.8,7,0,deliberate,0.134,0.273,0.62,0.193,0.481
concept_struggler,110.2,0.308,0,2,2,12.6,slowing_down,6,9,4.3,7,0,deliberate,0.297,0.351,0.489,0.304,0.109
concept_struggler,105.4,0.65,0,1,2,7.8,speeding_up,3,3,2.5,7,0,deliberate,0.083,0.717,0.347,0.415,0.1
concept_struggler,124.3,0.416,0,1,3,15.9,slowing_down,5,3,3.3,7,0,balanced,0.287,0.508,0.502,0.449,0.258
concept_struggler,131.6,0.25,0,2,2,13.9,slowing_down,4,6,3.5,7,0,deliberate,0.343,0.165,0.338,0.359,0.437
concept_struggler,97.2,0.54,0,2,4,7.3,stable,5,1,4.2,7,0,balanced,0.385,0.17,0.599,0.392,0.153
concept_struggler,95.9,0.468,0,2,2,13.0,speeding_up,5,4,3.9,7,0,balanced,0.496,0.342,0.399,0.497,0.472
concept_struggler,110.4,0.351,0,4,3,7.7,stable,4,4,2.6,7,0,deliberate,0.315,0.502,0.227,0.444,0.19
concept_struggler,111.0,0.201,0,7,5,13.1,speeding_up,10,6,4.1,7,0,deliberate,0.139,0.73,0.463,0.325,0.073
concept_struggler,88.5,0.258,0,2,1,8.8,speeding_up,2,7,3.8,7,0,balanced,0.037,0.453,0.241,0.302,0.147
concept_struggler,81.0,0.174,0,4,3,8.3,slowing_down,5,0,2.0,7,0,deliberate,0.127,0.57,0.464,0.272,0.11
concept_struggler,129.2,0.368,0,2,3,9.1,speeding_up,4,7,3.6,7,0,deliberate,0.185,0.389,0.201,0.307,0.204
concept_struggler,112.8,0.438,1,3,1,15.5,speeding_up,6,2,3.3,7,0,deliberate,0.215,0.129,0.433,0.178,0.578
concept_struggler,110.2,0.455,0,0,4,8.9,stable,2,6,4.0,7,0,deliberate,0.206,0.427,0.353,0.368,0.532
concept_struggler,111.6,0.222,1,0,4,13.3,slowing_down,5,5,2.4,7,0,deliberate,0.258,0.311,0.189,0.346,0.298
concept_struggler,119.8,0.563,0,1,7,13.9,stable,5,4,3.9,7,0,deliberate,0.141,0.601,0.114,0.42,0.073
concept_struggler,127.2,0.256,0,2,7,10.4,stable,5,6,4.2,7,0,balanced,0.146,0.148,0.382,0.196,0.002
concept_struggler,106.3,0.486,0,3,2,7.8,speeding_up,2,3,3.7,7,0,balanced,0.122,0.228,0.357,0.187,0.249
concept_struggler,112.3,0.424,0,4,3,12.5,slowing_down,4,5,2.6,7,0,deliberate,0.384,0.355,0.448,0.417,0.27
concept_struggler,110.6,0.414,0,1,2,8.9,slowing_down,4,6,3.7,7,0,deliberate,0.084,0.186,0.51,0.21,0.345
concept_struggler,117.3,0.594,0,2,6,8.1,stable,2,3,3.1,7,0,balanced,0.19,0.25,0.114,0.225,0.598
concept_struggler,98.5,0.388,0,3,4,16.8,speeding_up,6,3,3.9,7,0,deliberate,0.06,0.333,0.126,0.211,0.036
concept_struggler,114.0,0.567,0,3,3,8.9,stable,3,4,1.8,7,0,balanced,0.041,0.329,0.151,0.243,0.273
concept_struggler,107.0,0.333,0,0,4,14.1,slowing_down,5,5,4.7,7,0,deliberate,0.065,0.417,0.373,0.244,0.393
concept_struggler,84.4,0.562,0,3,2,8.2,stable,4,7,2.9,7,0,balanced,0.209,0.435,0.32,0.401,0.079
concept_struggler,115.8,0.17,0,3,6,8.2,stable,4,3,3.2,7,0,deliberate,0.157,0.213,0.374,0.263,0.252
concept_struggler,100.9,0.496,0,2,6,13.2,slowing_down,8,2,3.5,7,0,deliberate,0.209,0.293,0.365,0.341,0.514
concept_struggler,113.0,0.553,0,4,3,10.8,slowing_down,4,2,2.9,7,0,deliberate,0.219,0.702,0.616,0.558,0.049
concept_struggler,108.5,0.496,0,7,1,9.3,stable,3,5,2.8,7,0,balanced,0.205,0.506,0.347,0.362,0.066
concept_struggler,132.0,0.353,0,3,2,12.9,stable,3,6,3.8,7,0,deliberate,0.132,0.447,0.331,0.28,0.164
concept_struggler,109.7,0.364,0,1,3,9.1,stable,4,7,4.0,7,0,deliberate,0.459,0.169,0.433,0.404,0.13
concept_struggler,99.5,0.517,0,2,5,10.2,slowing_down,6,2,2.6,7,0,deliberate,0.272,0.112,0.413,0.161,0.126
concept_struggler,107.1,0.455,0,3,4,8.6,speeding_up,8,3,3.4,7,0,balanced,0.273,0.289,0.371,0.346,0.108
concept_struggler,97.4,0.333,0,6,4,13.0,slowing_down,3,4,2.9,7,0,balanced,0.084,0.445,0.647,0.299,0.068
concept_struggler,99.7,0.316,0,2,4,13.0,stable,6,3,4.2,7,0,deliberate,0.297,0.452,0.666,0.391,0.319
concept_struggler,108.4,0.367,0,1,1,14.6,stable,4,5,4.3,7,0,deliberate,0.106,0.191,0.27,0.264,0.436
concept_struggler,104.8,0.534,0,1,5,14.2,slowing_down,2,8,3.6,7,0,deliberate,0.132,0.346,0.235,0.308,0.032
concept_struggler,130.5,0.391,0,2,4,11.6,stable,2,2,2.5,7,0,deliberate,0.215,0.081,0.538,0.225,0.288
concept_struggler,120.7,0.543,1,3,4,11.9,slowing_down,7,4,3.5,7,0,balanced,0.087,0.339,0.483,0.324,0.133
concept_struggler,114.3,0.505,0,2,1,9.3,slowing_down,4,9,4.0,7,0,deliberate,0.054,0.625,0.265,0.382,0.133
concept_struggler,110.8,0.157,1,6,4,12.6,slowing_down,6,5,3.7,7,0,deliberate,0.381,0.64,0.141,0.557,0.122
concept_struggler,109.6,0.456,0,2,3,11.4,slowing_down,2,6,5.0,7,0,deliberate,0.422,0.201,0.225,0.398,0.404
concept_struggler,95.4,0.426,0,4,3,9.3,slowing_down,4,2,4.3,7,0,deliberate,0.166,0.394,0.537,0.366,0.272
concept_struggler,122.5,0.357,0,3,0,9.3,stable,4,7,3.4,7,0,deliberate,0.439,0.346,0.267,0.445,0.402
concept_struggler,110.9,0.488,0,3,3,10.1,stable,4,7,4.2,7,0,deliberate,0.116,0.173,0.187,0.184,0.28
concept_struggler,111.1,0.342,0,2,3,8.2,slowing_down,12,5,1.7,7,0,deliberate,0.159,0.466,0.282,0.403,0.402
concept_struggler,109.5,0.443,0,2,6,11.0,speeding_up,8,4,3.1,7,0,balanced,0.436,0.408,0.386,0.468,0.084
concept_struggler,114.5,0.398,0,3,5,12.6,slowing_down,4,7,2.2,7,0,deliberate,0.591,0.452,0.335,0.542,0.081
concept_struggler,105.0,0.519,0,1,1,8.2,speeding_up,4,8,4.6,7,0,balanced,0.22,0.206,0.522,0.282,0.181
concept_struggler,107.2,0.404,0,2,1,16.0,stable,3,9,4.7,7,0,balanced,0.172,0.261,0.205,0.367,0.23
concept_struggler,121.6,0.515,0,5,1,13.1,slowing_down,3,5,2.8,7,0,balanced,0.261,0.275,0.103,0.204,0.19
concept_struggler,96.7,0.379,0,6,5,12.9,stable,2,3,2.0,7,0,deliberate,0.567,0.733,0.319,0.534,0.447
concept_struggler,98.1,0.304,0,4,4,12.4,stable,3,0,2.6,7,0,deliberate,0.377,0.316,0.227,0.329,0.138
concept_struggler,109.1,0.235,1,2,6,10.7,slowing_down,2,4,1.7,7,0,deliberate,0.336,0.168,0.339,0.32,0.503
concept_struggler,100.4,0.539,0,1,2,6.9,stable,4,6,4.3,7,0,deliberate,0.036,0.398,0.18,0.248,0.042
concept_struggler,114.6,0.57,0,2,4,15.7,stable,6,8,3.3,7,0,balanced,0.19,0.524,0.217,0.387,0.157
concept_struggler,112.9,0.483,1,4,3,10.9,stable,8,3,2.3,7,0,deliberate,0.336,0.556,0.357,0.497,0.323
concept_struggler,124.0,0.479,0,0,4,8.1,slowing_down,3,6,2.6,7,0,balanced,0.634,0.481,0.654,0.52,0.215
concept_struggler,90.4,0.3,0,5,3,11.7,stable,5,4,3.3,7,0,deliberate,0.328,0.32,0.206,0.316,0.128
concept_struggler,98.0,0.051,0,3,2,13.6,slowing_down,3,7,3.3,7,0,balanced,0.554,0.49,0.363,0.511,0.253
concept_struggler,70.4,0.432,0,6,0,9.5,stable,6,6,3.1,7,0,deliberate,0.125,0.069,0.398,0.172,0.232
concept_struggler,79.3,0.249,0,0,6,12.5,slowing_down,5,4,2.6,7,0,deliberate,0.529,0.239,0.065,0.5,0.401
concept_struggler,95.9,0.299,0,3,3,10.3,stable,4,2,3.0,7,0,deliberate,0.228,0.645,0.351,0.475,0.258
concept_struggler,108.1,0.524,0,2,6,14.7,stable,6,9,4.0,7,0,balanced,0.222,0.281,0.326,0.352,0.146
concept_struggler,117.7,0.44,0,2,2,8.2,slowing_down,3,5,3.7,7,0,balanced,0.332,0.699,0.364,0.513,0.386
concept_struggler,83.6,0.249,0,3,2,8.3,slowing_down,11,7,3.2,7,0,deliberate,0.248,0.289,0.301,0.371,0.223
concept_struggler,101.9,0.412,0,2,1,9.0,slowing_down,4,4,2.5,7,0,deliberate,0.341,0.196,0.237,0.233,0.52
concept_struggler,81.3,0.329,0,1,1,9.5,speeding_up,3,2,3.6,7,0,balanced,0.155,0.601,0.371,0.321,0.298
concept_struggler,94.7,0.326,0,5,4,9.4,slowing_down,7,2,3.6,7,0,balanced,0.388,0.357,0.238,0.532,0.328
concept_struggler,133.2,0.553,0,0,3,10.3,stable,5,3,4.0,7,0,deliberate,0.494,0.176,0.25,0.414,0.171
concept_struggler,70.6,0.442,0,2,5,14.5,slowing_down,7,4,2.7,7,0,deliberate,0.193,0.244,0.539,0.258,0.414
concept_struggler,104.3,0.828,0,0,2,12.0,slowing_down,2,1,3.0,7,0,deliberate,0.657,0.063,0.03,0.411,0.223
concept_struggler,96.9,0.243,0,1,2,11.2,slowing_down,6,4,3.4,7,0,deliberate,0.241,0.577,0.16,0.444,0.23
concept_struggler,113.8,0.227,0,4,3,14.0,slowing_down,2,4,2.5,7,0,deliberate,0.135,0.195,0.261,0.229,0.333
concept_struggler,85.4,0.39,0,3,7,9.4,speeding_up,7,1,3.5,7,0,deliberate,0.279,0.5,0.323,0.418,0.337
concept_struggler,87.4,0.494,0,2,2,11.5,slowing_down,4,4,3.1,7,0,balanced,0.138,0.624,0.447,0.423,0.176
concept_struggler,92.5,0.707,0,3,5,15.2,stable,7,2,1.9,7,0,deliberate,0.386,0.404,0.247,0.385,0.227
concept_struggler,101.6,0.514,0,2,2,12.7,slowing_down,2,5,3.6,7,0,deliberate,0.096,0.425,0.206,0.277,0.098
concept_struggler,107.6,0.365,0,4,2,10.6,speeding_up,3,1,4.4,7,0,balanced,0.296,0.378,0.78,0.399,0.061
concept_struggler,85.2,0.391,0,1,6,10.0,stable,4,3,4.2,7,0,deliberate,0.219,0.323,0.443,0.288,0.154
concept_struggler,87.7,0.429,0,1,1,9.6,speeding_up,5,5,3.2,7,0,balanced,0.155,0.44,0.378,0.348,0.05
concept_struggler,105.7,0.572,0,2,5,7.2,speeding_up,2,6,1.7,7,0,deliberate,0.293,0.331,0.436,0.401,0.162
concept_struggler,114.4,0.501,0,2,3,10.7,speeding_up,2,11,2.5,7,0,deliberate,0.247,0.618,0.471,0.469,0.177
concept_struggler,100.2,0.535,0,2,3,14.1,stable,4,4,1.4,7,0,deliberate,0.353,0.628,0.223,0.492,0.039
concept_struggler,118.4,0.343,0,2,2,11.7,stable,3,5,2.8,7,0,balanced,0.255,0.642,0.163,0.396,0.051
concept_struggler,109.8,0.439,0,2,2,11.6,slowing_down,3,3,3.3,7,0,deliberate,0.24,0.582,0.646,0.419,0.213
concept_struggler,107.2,0.513,0,3,4,9.7,slowing_down,8,9,3.4,7,0,deliberate,0.58,0.429,0.498,0.44,0.139
concept_struggler,130.0,0.427,0,2,5,12.1,stable,3,9,3.5,7,0,deliberate,0.097,0.423,0.327,0.325,0.11
concept_struggler,119.4,0.484,0,1,3,8.7,stable,6,9,3.6,7,0,deliberate,0.38,0.536,0.193,0.486,0.408
concept_struggler,69.2,0.624,0,4,4,9.2,speeding_up,2,2,3.3,7,0,balanced,0.229,0.533,0.141,0.401,0.192
concept_struggler,110.0,0.492,0,3,1,12.7,speeding_up,7,5,4.3,7,0,deliberate,0.526,0.682,0.209,0.538,0.165
concept_struggler,74.8,0.643,0,2,5,14.6,stable,5,7,3.1,7,0,deliberate,0.045,0.496,0.366,0.336,0.322
concept_struggler,96.6,0.441,0,4,2,8.8,slowing_down,5,6,4.2,7,0,deliberate,0.182,0.353,0.118,0.209,0.438
concept_struggler,119.3,0.663,0,4,7,11.1,slowing_down,10,4,1.8,7,0,balanced,0.161,0.245,0.45,0.191,0.126
concept_struggler,90.8,0.289,1,2,3,8.2,slowing_down,4,2,2.8,7,0,balanced,0.311,0.508,0.151,0.357,0.122
concept_struggler,88.1,0.444,0,2,5,14.5,stable,4,4,4.0,7,0,deliberate,0.106,0.299,0.183,0.243,0.063
concept_struggler,73.9,0.624,0,2,5,14.1,slowing_down,4,4,4.8,7,0,deliberate,0.192,0.484,0.422,0.343,0.41
concept_struggler,109.9,0.602,0,1,4,15.8,slowing_down,6,2,4.1,7,0,deliberate,0.415,0.193,0.349,0.431,0.274
concept_struggler,93.7,0.477,0,1,4,9.1,stable,3,5,3.5,7,0,deliberate,0.256,0.257,0.157,0.3,0.138
concept_struggler,102.6,0.425,0,4,3,11.5,stable,2,2,3.3,7,0,deliberate,0.203,0.573,0.311,0.358,0.434
concept_struggler,101.6,0.309,0,1,2,13.1,stable,5,3,2.9,7,0,deliberate,0.344,0.169,0.134,0.33,0.285
concept_struggler,123.3,0.653,0,6,2,10.7,slowing_down,7,4,2.7,7,0,deliberate,0.096,0.521,0.357,0.31,0.049
concept_struggler,114.9,0.509,0,3,4,15.0,slowing_down,7,3,3.3,7,0,balanced,0.155,0.235,0.17,0.242,0.326
concept_struggler,95.5,0.339,0,3,0,11.2,stable,7,3,3.1,7,0,balanced,0.07,0.419,0.229,0.21,0.3
concept_struggler,92.1,0.35,0,2,3,10.4,stable,6,7,2.6,7,0,deliberate,0.309,0.202,0.254,0.297,0.285
concept_struggler,108.5,0.479,0,3,1,12.7,slowing_down,4,2,3.8,7,0,balanced,0.12,0.27,0.126,0.285,0.184
concept_struggler,73.8,0.442,0,3,5,10.9,speeding_up,4,4,3.1,7,0,deliberate,0.4,0.442,0.223,0.45,0.282
concept_struggler,87.6,0.325,0,7,4,6.8,speeding_up,4,4,2.3,7,0,deliberate,0.369,0.633,0.53,0.448,0.406
concept_struggler,118.7,0.34,0,5,4,11.8,stable,8,4,4.2,7,0,deliberate,0.093,0.217,0.701,0.246,0.198
concept_struggler,109.7,0.522,0,2,4,10.3,stable,4,4,3.3,7,0,balanced,0.376,0.251,0.327,0.364,0.213
concept_struggler,114.3,0.557,0,2,3,11.1,stable,2,0,2.4,7,0,balanced,0.335,0.437,0.519,0.442,0.234
concept_struggler,92.9,0.247,0,0,2,13.6,speeding_up,4,4,3.8,7,0,balanced,0.217,0.784,0.238,0.486,0.402
concept_struggler,91.9,0.209,0,3,3,14.3,slowing_down,5,7,3.9,7,0,deliberate,0.174,0.194,0.15,0.236,0.329
concept_struggler,103.9,0.58,0,2,2,12.0,slowing_down,6,5,2.9,7,0,deliberate,0.323,0.437,0.398,0.366,0.208
concept_struggler,123.7,0.337,0,1,4,9.0,slowing_down,4,6,2.4,7,0,deliberate,0.26,0.525,0.439,0.378,0.361
concept_struggler,94.6,0.607,0,1,4,13.4,slowing_down,9,5,1.2,7,0,deliberate,0.239,0.353,0.584,0.391,0.153
concept_struggler,87.2,0.469,0,5,4,9.0,slowing_down,2,3,3.2,7,0,balanced,0.58,0.415,0.177,0.546,0.404
concept_struggler,86.1,0.387,0,0,2,14.0,stable,6,3,3.1,7,0,deliberate,0.48,0.266,0.206,0.343,0.243
concept_struggler,129.2,0.325,0,2,3,12.7,stable,3,7,4.3,7,0,deliberate,0.103,0.083,0.476,0.197,0.079
concept_struggler,100.4,0.363,1,5,2,11.8,slowing_down,6,4,4.3,7,0,deliberate,0.607,0.694,0.374,0.64,0.183
concept_struggler,95.6,0.622,0,2,3,10.1,speeding_up,4,3,3.6,7,0,deliberate,0.328,0.305,0.263,0.355,0.401
concept_struggler,117.6,0.4,0,5,5,11.7,stable,3,6,3.4,7,0,deliberate,0.289,0.288,0.504,0.391,0.144
concept_struggler,76.3,0.355,1,1,3,8.2,stable,6,2,3.8,7,0,deliberate,0.159,0.369,0.34,0.275,0.143
concept_struggler,116.8,0.239,0,2,2,14.5,slowing_down,3,7,1.5,7,0,deliberate,0.256,0.415,0.199,0.405,0.137
concept_struggler,116.7,0.626,0,5,7,11.2,slowing_down,4,5,3.9,7,0,deliberate,0.492,0.288,0.062,0.453,0.262
concept_struggler,112.2,0.357,0,5,7,9.0,speeding_up,3,2,2.8,7,0,deliberate,0.542,0.497,0.29,0.594,0.244
concept_struggler,97.7,0.349,0,1,6,11.9,speeding_up,4,3,4.5,7,0,deliberate,0.12,0.491,0.241,0.346,0.361
concept_struggler,119.9,0.623,0,2,2,11.8,slowing_down,8,6,4.5,7,0,deliberate,0.099,0.397,0.149,0.327,0.104
concept_struggler,113.1,0.468,0,3,1,9.7,speeding_up,3,2,3.0,7,0,deliberate,0.506,0.361,0.186,0.458,0.213
concept_struggler,93.7,0.632,0,3,4,12.5,slowing_down,4,3,4.1,7,0,deliberate,0.267,0.67,0.158,0.448,0.11
concept_struggler,96.7,0.528,0,5,4,14.9,slowing_down,5,5,3.4,7,0,deliberate,0.56,0.238,0.249,0.556,0.261
concept_struggler,113.7,0.235,0,3,5,13.2,stable,8,3,3.7,7,0,deliberate,0.349,0.586,0.261,0.521,0.547
concept_struggler,95.5,0.469,0,3,1,9.8,slowing_down,4,4,2.8,7,0,deliberate,0.023,0.483,0.244,0.299,0.173
concept_struggler,92.7,0.486,0,2,3,9.7,slowing_down,1,5,3.8,7,0,deliberate,0.265,0.542,0.077,0.375,0.22
concept_struggler,136.7,0.579,0,3,4,9.3,slowing_down,5,2,2.6,7,0,deliberate,0.145,0.318,0.108,0.237,0.7
concept_struggler,96.2,0.525,0,4,4,8.9,stable,7,6,3.3,7,0,deliberate,0.081,0.286,0.506,0.359,0.337
concept_struggler,102.1,0.214,0,2,2,9.0,stable,2,2,2.3,7,0,deliberate,0.21,0.339,0.537,0.413,0.102
concept_struggler,97.0,0.308,0,2,7,12.7,speeding_up,6,5,3.0,7,0,deliberate,0.114,0.415,0.133,0.419,0.166
concept_struggler,102.6,0.345,0,2,1,10.3,stable,2,2,4.0,7,0,deliberate,0.178,0.591,0.536,0.432,0.071
concept_struggler,96.7,0.564,0,2,5,10.8,stable,5,4,4.5,7,0,deliberate,0.166,0.357,0.317,0.306,0.293
concept_struggler,80.5,0.356,0,3,1,7.2,slowing_down,7,2,2.4,7,0,deliberate,0.466,0.761,0.15,0.623,0.118
concept_struggler,90.7,0.524,0,1,3,12.8,slowing_down,5,2,3.6,7,0,deliberate,0.318,0.424,0.17,0.409,0.362
concept_struggler,122.7,0.545,0,2,4,4.9,slowing_down,9,5,3.0,7,0,deliberate,0.275,0.243,0.099,0.372,0.074
concept_struggler,117.6,0.307,0,2,0,12.5,slowing_down,4,2,2.7,7,0,deliberate,0.369,0.108,0.124,0.215,0.239
concept_struggler,77.5,0.554,0,2,2,3.6,stable,1,6,2.8,7,0,deliberate,0.247,0.332,0.539,0.301,0.344
concept_struggler,96.8,0.403,0,3,1,12.2,slowing_down,6,2,2.8,7,0,deliberate,0.087,0.364,0.384,0.282,0.483
concept_struggler,120.0,0.166,0,4,2,9.9,stable,6,4,3.1,7,0,deliberate,0.228,0.175,0.557,0.247,0.457
concept_struggler,87.8,0.131,0,0,5,9.0,stable,7,1,2.7,7,0,deliberate,0.049,0.47,0.204,0.352,0.188
concept_struggler,98.3,0.575,0,1,4,11.6,slowing_down,5,3,3.6,7,0,deliberate,0.221,0.271,0.121,0.295,0.207
concept_struggler,89.3,0.528,0,3,1,10.6,speeding_up,7,2,2.5,7,0,deliberate,0.192,0.166,0.128,0.283,0.437
concept_struggler,108.1,0.42,0,1,2,4.7,speeding_up,6,3,5.1,7,0,deliberate,0.106,0.275,0.319,0.265,0.368
concept_struggler,100.9,0.395,0,2,6,7.8,slowing_down,4,4,3.3,7,0,deliberate,0.075,0.687,0.556,0.466,0.03
concept_struggler,133.9,0.433,0,1,3,6.8,stable,7,2,2.5,7,0,balanced,0.312,0.566,0.397,0.436,0.159
concept_struggler,91.6,0.48,0,2,3,8.3,speeding_up,4,5,1.5,7,0,deliberate,0.52,0.54,0.45,0.552,0.346
concept_struggler,122.9,0.626,0,0,1,11.7,speeding_up,3,10,2.2,7,0,deliberate,0.165,0.594,0.344,0.413,0.266
concept_struggler,101.1,0.564,0,0,1,7.4,speeding_up,6,4,4.4,7,0,deliberate,0.513,0.234,0.243,0.508,0.296
concept_struggler,109.5,0.316,0,3,3,10.1,stable,8,2,3.1,7,0,deliberate,0.3,0.191,0.347,0.315,0.211
concept_struggler,116.3,0.349,0,4,1,9.3,stable,7,7,4.4,7,0,deliberate,0.119,0.374,0.252,0.339,0.158
concept_struggler,105.7,0.528,0,3,3,7.7,slowing_down,2,12,3.5,7,0,deliberate,0.184,0.284,0.153,0.266,0.226
concept_struggler,109.5,0.475,0,0,2,10.7,slowing_down,6,4,2.3,7,0,deliberate,0.043,0.315,0.126,0.18,0.374
concept_struggler,104.7,0.37,0,3,3,14.7,speeding_up,4,1,3.8,7,0,balanced,0.391,0.319,0.216,0.452,0.215
concept_struggler,88.7,0.156,0,2,4,12.2,stable,5,3,4.8,7,0,balanced,0.191,0.172,0.326,0.257,0.145
concept_struggler,132.1,0.473,0,2,2,14.5,slowing_down,3,7,2.9,7,0,balanced,0.368,0.155,0.405,0.274,0.23
concept_struggler,83.8,0.425,0,1,5,9.2,stable,0,2,3.9,7,0,balanced,0.181,0.469,0.263,0.422,0.152
concept_struggler,104.0,0.432,0,2,2,12.2,slowing_down,3,3,2.9,7,0,balanced,0.473,0.553,0.477,0.463,0.362
concept_struggler,93.1,0.47,0,4,4,9.4,speeding_up,5,6,2.7,7,0,deliberate,0.131,0.614,0.287,0.295,0.148
concept_struggler,101.8,0.093,0,3,4,14.4,speeding_up,6,6,3.1,7,0,deliberate,0.319,0.423,0.138,0.329,0.251
concept_struggler,93.5,0.18,0,3,3,13.1,stable,4,4,2.1,7,0,balanced,0.129,0.357,0.415,0.369,0.209
concept_struggler,92.8,0.522,0,3,3,10.7,speeding_up,5,6,2.7,7,0,deliberate,0.119,0.261,0.507,0.298,0.114
concept_struggler,112.8,0.44,0,2,3,7.4,stable,6,2,2.9,7,0,balanced,0.514,0.362,0.679,0.469,0.195
concept_struggler,100.3,0.214,0,4,3,14.2,speeding_up,4,7,3.5,7,0,deliberate,0.553,0.301,0.491,0.554,0.335
concept_struggler,68.7,0.511,0,3,4,9.7,slowing_down,3,3,3.2,7,0,deliberate,0.311,0.262,0.582,0.38,0.208
concept_struggler,98.1,0.472,1,1,7,12.5,stable,1,7,3.3,7,0,balanced,0.254,0.423,0.338,0.341,0.226
concept_struggler,98.6,0.492,0,1,2,6.3,stable,7,6,3.1,7,0,deliberate,0.385,0.453,0.642,0.446,0.42
concept_struggler,121.6,0.197,1,3,2,13.2,slowing_down,8,6,3.0,7,0,deliberate,0.199,0.328,0.129,0.199,0.267
concept_struggler,90.2,0.498,0,3,3,13.5,speeding_up,7,3,3.6,7,0,deliberate,0.208,0.666,0.193,0.354,0.439
concept_struggler,106.4,0.394,0,3,6,10.8,speeding_up,4,7,3.8,7,0,deliberate,0.192,0.295,0.263,0.243,0.203
concept_struggler,91.1,0.44,0,4,2,8.5,speeding_up,8,5,3.3,7,0,balanced,0.293,0.407,0.093,0.361,0.148
concept_struggler,124.8,0.404,0,3,5,13.7,slowing_down,4,5,2.6,7,0,deliberate,0.172,0.447,0.055,0.432,0.311
concept_struggler,105.1,0.232,0,1,2,13.3,speeding_up,6,5,2.9,7,0,balanced,0.29,0.333,0.248,0.379,0.228
concept_struggler,90.7,0.476,1,2,1,9.1,slowing_down,6,9,2.9,7,0,deliberate,0.286,0.44,0.448,0.403,0.275
concept_struggler,117.8,0.319,0,2,1,12.1,speeding_up,6,2,3.9,7,0,deliberate,0.325,0.418,0.342,0.38,0.212
concept_struggler,93.2,0.52,0,2,4,12.0,slowing_down,1,2,1.7,7,0,deliberate,0.203,0.179,0.238,0.228,0.165
concept_struggler,79.0,0.652,0,3,3,8.6,slowing_down,6,7,2.8,7,0,balanced,0.613,0.59,0.315,0.529,0.237
concept_struggler,111.4,0.307,1,1,5,14.6,slowing_down,8,2,3.8,7,0,deliberate,0.276,0.438,0.08,0.467,0.192
concept_struggler,99.4,0.358,0,1,1,5.1,speeding_up,7,8,3.8,7,0,deliberate,0.605,0.036,0.365,0.47,0.278
concept_struggler,114.1,0.492,0,5,2,14.4,stable,1,5,3.2,7,0,balanced,0.319,0.661,0.171,0.386,0.32
concept_struggler,82.7,0.466,1,1,4,12.3,slowing_down,5,5,2.1,7,0,deliberate,0.463,0.613,0.586,0.605,0.373
concept_struggler,81.0,0.408,0,5,5,9.8,stable,2,6,3.4,7,0,balanced,0.697,0.188,0.144,0.464,0.152
concept_struggler,84.7,0.349,0,4,5,10.6,speeding_up,7,5,3.4,7,0,balanced,0.376,0.349,0.043,0.452,0.374
concept_struggler,103.4,0.378,0,4,2,10.4,speeding_up,1,4,4.5,7,0,deliberate,0.38,0.768,0.261,0.594,0.103
concept_struggler,106.8,0.6,0,1,5,12.8,slowing_down,5,3,3.9,7,0,deliberate,0.309,0.221,0.374,0.256,0.321
concept_struggler,115.8,0.557,0,3,0,10.9,stable,3,4,4.8,7,0,deliberate,0.167,0.143,0.58,0.243,0.322
concept_struggler,113.2,0.387,0,6,4,11.2,stable,11,7,3.8,7,0,deliberate,0.301,0.104,0.364,0.233,0.216
concept_struggler,110.0,0.262,0,3,5,8.6,stable,9,3,3.3,7,0,deliberate,0.364,0.272,0.252,0.362,0.116
concept_struggler,110.4,0.342,0,1,1,8.5,speeding_up,6,5,2.9,7,0,deliberate,0.465,0.564,0.405,0.459,0.086
concept_struggler,97.2,0.192,0,7,4,13.1,slowing_down,4,5,3.6,7,0,deliberate,0.25,0.248,0.665,0.237,0.458
concept_struggler,123.6,0.555,1,5,5,9.9,speeding_up,5,5,3.4,7,0,deliberate,0.172,0.593,0.025,0.36,0.038
concept_struggler,117.9,0.512,1,7,4,10.7,stable,4,1,2.5,7,0,deliberate,0.519,0.45,0.47,0.548,0.386
concept_struggler,121.0,0.417,0,7,6,10.2,stable,3,4,3.2,7,0,deliberate,0.315,0.516,0.413,0.391,0.412
concept_struggler,120.0,0.329,0,3,5,6.7,stable,6,4,2.9,7,0,deliberate,0.145,0.334,0.053,0.259,0.347
concept_struggler,111.4,0.353,1,3,3,8.2,speeding_up,2,1,3.4,7,0,deliberate,0.509,0.422,0.44,0.481,0.246
concept_struggler,129.2,0.521,1,1,2,13.0,stable,5,6,3.3,7,0,deliberate,0.316,0.29,0.368,0.37,0.268
concept_struggler,104.4,0.372,0,5,1,8.9,slowing_down,4,6,2.4,7,0,balanced,0.213,0.65,0.227,0.43,0.147
concept_struggler,94.2,0.466,0,2,5,10.6,stable,6,2,3.5,7,0,deliberate,0.265,0.253,0.352,0.327,0.047
concept_struggler,99.7,0.417,0,1,1,10.0,stable,3,0,2.4,7,0,deliberate,0.346,0.209,0.33,0.272,0.382
concept_struggler,133.1,0.467,0,2,5,9.9,speeding_up,3,1,2.6,7,0,balanced,0.213,0.378,0.321,0.436,0.158
concept_struggler,96.4,0.255,0,3,3,13.9,speeding_up,6,5,4.3,7,0,deliberate,0.463,0.7,0.471,0.541,0.587
concept_struggler,111.5,0.401,1,2,2,7.6,stable,2,5,1.6,7,0,deliberate,0.355,0.133,0.066,0.348,0.228
concept_struggler,89.2,0.45,0,3,1,10.8,stable,5,4,1.4,7,0,balanced,0.347,0.422,0.235,0.437,0.433
concept_struggler,94.2,0.313,0,1,3,11.6,stable,2,3,3.0,7,0,deliberate,0.185,0.714,0.665,0.569,0.316
concept_struggler,115.8,0.437,0,1,1,8.8,stable,6,5,4.0,7,0,balanced,0.067,0.392,0.524,0.289,0.297
concept_struggler,100.9,0.225,0,4,7,8.5,slowing_down,6,5,4.0,7,0,deliberate,0.096,0.423,0.601,0.335,0.234
concept_struggler,90.9,0.261,0,2,2,10.2,stable,5,3,3.5,7,0,deliberate,0.357,0.482,0.247,0.436,0.399
concept_struggler,99.1,0.396,0,3,3,7.2,slowing_down,2,3,2.7,7,0,balanced,0.354,0.124,0.104,0.315,0.492
concept_struggler,90.6,0.362,0,3,3,5.2,stable,3,2,4.5,7,0,balanced,0.195,0.278,0.452,0.253,0.403
concept_struggler,137.3,0.391,0,4,7,14.1,speeding_up,7,1,4.0,7,0,balanced,0.363,0.369,0.129,0.376,0.216
concept_struggler,107.9,0.408,0,6,2,11.9,speeding_up,3,3,4.2,7,0,balanced,0.371,0.503,0.395,0.555,0.35
concept_struggler,91.0,0.37,0,1,7,8.7,speeding_up,4,2,2.2,7,0,balanced,0.063,0.32,0.431,0.226,0.051
concept_struggler,91.9,0.21,0,1,6,15.3,slowing_down,4,4,3.6,7,0,balanced,0.2,0.457,0.077,0.333,0.417
concept_struggler,84.4,0.381,0,1,2,10.0,stable,3,5,3.7,7,0,deliberate,0.436,0.053,0.555,0.301,0.47
concept_struggler,123.4,0.423,0,3,3,12.3,stable,4,4,3.7,7,0,deliberate,0.286,0.523,0.129,0.412,0.638
concept_struggler,97.1,0.406,0,7,2,8.7,speeding_up,1,4,1.6,7,0,deliberate,0.086,0.165,0.416,0.193,0.079
concept_struggler,76.5,0.337,1,3,0,10.7,speeding_up,3,5,3.9,7,0,balanced,0.542,0.212,0.552,0.41,0.044
concept_struggler,102.8,0.197,0,1,7,12.3,slowing_down,6,5,4.0,7,0,deliberate,0.381,0.394,0.142,0.531,0.325
concept_struggler,96.8,0.187,0,4,2,10.1,stable,6,5,4.4,7,0,deliberate,0.573,0.283,0.407,0.463,0.386
concept_struggler,99.0,0.366,0,1,1,7.0,stable,4,1,2.9,7,0,balanced,0.288,0.53,0.186,0.423,0.282
concept_struggler,118.4,0.485,0,3,3,12.2,slowing_down,6,4,2.4,7,0,deliberate,0.108,0.747,0.432,0.514,0.285
concept_struggler,103.8,0.344,1,1,5,13.4,speeding_up,7,3,3.4,7,0,deliberate,0.074,0.08,0.094,0.195,0.226
concept_struggler,88.7,0.332,1,1,3,11.0,slowing_down,5,4,2.6,7,0,deliberate,0.238,0.595,0.215,0.361,0.239
concept_struggler,102.7,0.418,0,6,4,15.1,slowing_down,3,6,3.8,7,0,deliberate,0.229,0.375,0.45,0.317,0.199
concept_struggler,101.1,0.259,0,2,5,10.1,stable,1,5,3.5,7,0,deliberate,0.382,0.444,0.122,0.476,0.629
concept_struggler,91.2,0.409,0,4,2,15.0,speeding_up,7,6,2.1,7,0,deliberate,0.359,0.141,0.342,0.305,0.214
concept_struggler,109.0,0.369,1,2,2,10.4,speeding_up,4,5,3.1,7,0,deliberate,0.221,0.735,0.545,0.466,0.378
concept_struggler,108.9,0.366,0,3,3,10.1,stable,3,6,1.9,7,0,deliberate,0.015,0.518,0.301,0.273,0.231
concept_struggler,110.5,0.452,0,4,7,13.0,slowing_down,4,5,1.5,7,0,deliberate,0.177,0.309,0.385,0.293,0.43
concept_struggler,107.0,0.427,1,5,4,10.0,stable,8,2,4.4,7,0,deliberate,0.192,0.311,0.157,0.341,0.155
concept_struggler,113.7,0.295,0,4,5,9.6,stable,3,5,2.8,7,0,deliberate,0.319,0.175,0.124,0.333,0.39
concept_struggler,128.2,0.597,0,5,5,13.8,stable,0,0,3.4,7,0,deliberate,0.315,0.303,0.055,0.328,0.258
concept_struggler,105.0,0.455,0,1,1,10.6,stable,3,1,2.5,7,0,deliberate,0.054,0.587,0.112,0.374,0.12
concept_struggler,91.9,0.551,0,4,4,8.0,stable,4,1,3.3,7,0,deliberate,0.179,0.679,0.348,0.423,0.754
concept_struggler,89.1,0.246,0,1,6,11.3,slowing_down,4,5,2.8,7,0,balanced,0.464,0.176,0.073,0.388,0.291
concept_struggler,92.1,0.385,0,5,3,8.1,speeding_up,5,5,3.4,7,0,deliberate,0.675,0.835,0.111,0.738,0.068
concept_struggler,80.9,0.246,0,5,4,10.4,slowing_down,4,5,4.0,7,0,deliberate,0.628,0.479,0.284,0.607,0.268
concept_struggler,109.3,0.306,0,0,1,9.5,slowing_down,6,3,2.3,7,0,deliberate,0.397,0.41,0.179,0.394,0.184
concept_struggler,96.9,0.409,0,3,3,7.1,speeding_up,5,4,4.3,7,0,balanced,0.314,0.6,0.147,0.391,0.083
concept_struggler,81.7,0.435,0,2,5,10.1,slowing_down,2,6,4.6,7,0,deliberate,0.215,0.274,0.204,0.214,0.356
concept_struggler,108.9,0.326,0,7,5,7.9,slowing_down,3,2,3.0,7,0,deliberate,0.256,0.452,0.466,0.363,0.28
concept_struggler,103.0,0.489,0,5,3,10.5,stable,3,4,2.9,7,0,deliberate,0.219,0.123,0.282,0.232,0.222
concept_struggler,92.7,0.425,1,2,4,13.1,slowing_down,3,4,3.9,7,0,deliberate,0.337,0.291,0.599,0.383,0.319
concept_struggler,111.3,0.326,0,3,2,8.8,stable,5,3,1.8,7,0,deliberate,0.485,0.388,0.132,0.497,0.334
concept_struggler,112.3,0.477,0,4,3,12.2,slowing_down,3,7,4.9,7,0,deliberate,0.07,0.311,0.516,0.241,0.187
concept_struggler,95.2,0.415,0,3,3,6.1,stable,3,1,1.6,7,0,deliberate,0.228,0.479,0.079,0.384,0.284
concept_struggler,107.8,0.624,0,3,3,14.2,stable,2,4,4.1,7,0,balanced,0.121,0.283,0.35,0.163,0.171
concept_struggler,88.5,0.469,1,4,1,10.5,slowing_down,6,3,3.8,7,0,deliberate,0.118,0.318,0.197,0.252,0.194
concept_struggler,104.1,0.342,0,3,1,12.3,stable,6,3,3.1,7,0,deliberate,0.134,0.616,0.309,0.396,0.295
concept_struggler,120.4,0.232,0,0,2,12.5,slowing_down,3,7,3.0,7,0,balanced,0.339,0.302,0.389,0.343,0.099
concept_struggler,114.0,0.534,0,4,0,10.3,speeding_up,4,3,1.8,7,0,balanced,0.412,0.243,0.305,0.424,0.169
concept_struggler,103.7,0.46,0,2,5,12.0,stable,6,9,4.0,7,0,deliberate,0.086,0.122,0.33,0.159,0.141
concept_struggler,95.3,0.325,0,3,3,10.5,speeding_up,1,7,4.1,7,0,deliberate,0.191,0.384,0.424,0.385,0.231
concept_struggler,103.0,0.459,0,2,3,10.7,stable,1,0,4.6,7,0,deliberate,0.411,0.347,0.143,0.44,0.115
concept_struggler,91.0,0.48,0,2,5,12.1,stable,9,2,2.9,7,0,balanced,0.377,0.532,0.412,0.402,0.229
concept_struggler,112.7,0.581,1,0,4,11.9,slowing_down,3,7,2.8,7,0,balanced,0.384,0.64,0.169,0.572,0.214
concept_struggler,91.9,0.47,0,2,6,12.5,stable,7,3,3.5,7,0,balanced,0.244,0.428,0.079,0.453,0.088
concept_struggler,103.0,0.367,1,3,3,6.1,speeding_up,2,8,4.8,7,0,deliberate,0.35,0.238,0.535,0.369,0.285
concept_struggler,84.1,0.42,0,2,3,11.4,speeding_up,3,4,2.8,7,0,deliberate,0.225,0.647,0.091,0.42,0.265
concept_struggler,97.2,0.391,1,1,2,13.7,speeding_up,7,4,2.8,7,0,deliberate,0.278,0.504,0.279,0.419,0.338
concept_struggler,109.3,0.305,0,3,7,11.7,stable,5,6,2.2,7,0,balanced,0.227,0.419,0.404,0.312,0.34
concept_struggler,106.7,0.555,0,4,4,13.6,slowing_down,6,2,3.2,7,0,deliberate,0.093,0.54,0.2,0.456,0.092
concept_struggler,90.8,0.381,0,2,3,13.5,speeding_up,5,8,1.9,7,0,deliberate,0.103,0.441,0.495,0.399,0.395
concept_struggler,111.1,0.445,0,1,3,12.5,slowing_down,5,7,3.1,7,0,balanced,0.488,0.442,0.377,0.447,0.259
concept_struggler,99.6,0.406,0,4,6,13.5,speeding_up,0,8,3.5,7,0,deliberate,0.389,0.307,0.549,0.376,0.132
concept_struggler,88.5,0.359,1,2,4,11.7,slowing_down,6,4,3.3,7,0,deliberate,0.407,0.44,0.197,0.522,0.436
concept_struggler,97.8,0.484,0,4,4,9.9,slowing_down,4,5,3.6,7,0,deliberate,0.259,0.499,0.19,0.458,0.335
concept_struggler,95.3,0.556,0,3,6,12.0,speeding_up,2,3,3.1,7,0,deliberate,0.084,0.377,0.213,0.317,0.293
concept_struggler,116.7,0.256,0,0,2,11.0,stable,3,6,4.1,7,0,balanced,0.385,0.5,0.44,0.372,0.104
concept_struggler,85.2,0.363,0,4,4,6.9,speeding_up,6,5,3.5,7,0,balanced,0.234,0.402,0.377,0.4,0.152
concept_struggler,106.6,0.456,0,2,2,9.3,stable,6,5,4.9,7,0,deliberate,0.361,0.193,0.204,0.362,0.285
concept_struggler,146.9,0.495,0,3,1,14.3,slowing_down,9,1,3.7,7,0,deliberate,0.093,0.257,0.258,0.293,0.13
concept_struggler,98.1,0.501,0,7,2,9.1,slowing_down,3,6,2.6,7,0,balanced,0.456,0.25,0.41,0.301,0.343
concept_struggler,93.8,0.507,0,4,7,14.3,slowing_down,5,3,3.4,7,0,deliberate,0.248,0.052,0.174,0.249,0.308
concept_struggler,100.4,0.658,0,6,0,13.5,speeding_up,5,4,3.9,7,0,balanced,0.14,0.413,0.244,0.356,0.771
concept_struggler,82.5,0.37,0,6,2,13.4,slowing_down,4,5,2.7,7,0,deliberate,0.258,0.722,0.467,0.429,0.099
concept_struggler,84.6,0.523,0,1,6,11.0,stable,5,3,2.0,7,0,deliberate,0.194,0.542,0.564,0.449,0.141
concept_struggler,84.6,0.525,0,3,2,9.7,stable,4,4,3.3,7,0,deliberate,0.202,0.546,0.353,0.538,0.573
concept_struggler,88.6,0.37,0,3,5,10.1,stable,3,4,2.9,7,0,balanced,0.214,0.407,0.222,0.365,0.038
concept_struggler,80.7,0.353,0,2,2,8.4,stable,4,8,3.0,7,0,deliberate,0.382,0.209,0.158,0.301,0.311
concept_struggler,92.4,0.658,0,5,1,11.3,slowing_down,4,4,3.3,7,0,deliberate,0.192,0.169,0.164,0.261,0.165
concept_struggler,114.2,0.383,0,1,2,9.0,speeding_up,5,5,3.1,7,0,deliberate,0.103,0.338,0.448,0.32,0.055
concept_struggler,122.9,0.398,1,1,4,12.3,speeding_up,5,3,2.5,7,0,deliberate,0.222,0.562,0.308,0.352,0.067
concept_struggler,118.0,0.318,0,4,4,11.0,stable,4,2,3.7,7,0,deliberate,0.486,0.132,0.29,0.277,0.119
concept_struggler,114.4,0.701,0,2,2,12.3,slowing_down,2,5,3.0,7,0,deliberate,0.212,0.255,0.548,0.2,0.116
concept_struggler,117.6,0.211,0,6,3,13.2,slowing_down,7,11,3.5,7,0,deliberate,0.247,0.407,0.596,0.359,0.36
concept_struggler,116.5,0.248,0,2,5,11.3,slowing_down,2,8,3.1,7,0,deliberate,0.404,0.269,0.431,0.432,0.29
concept_struggler,120.6,0.343,0,4,0,9.9,slowing_down,3,1,3.3,7,0,deliberate,0.437,0.513,0.569,0.396,0.142
concept_struggler,129.1,0.612,0,1,5,9.3,slowing_down,4,1,3.6,7,0,balanced,0.136,0.437,0.435,0.267,0.171
concept_struggler,106.3,0.399,1,1,2,9.9,slowing_down,3,7,2.4,7,0,balanced,0.049,0.477,0.169,0.26,0.271
concept_struggler,108.6,0.524,0,2,4,10.9,stable,3,6,2.8,7,0,deliberate,0.141,0.825,0.081,0.471,0.229
concept_struggler,117.4,0.419,0,6,1,12.0,stable,6,4,2.2,7,0,balanced,0.058,0.423,0.634,0.302,0.172
concept_struggler,97.7,0.56,0,4,1,10.2,speeding_up,4,2,4.1,7,0,deliberate,0.165,0.406,0.193,0.325,0.36
concept_struggler,94.1,0.513,0,3,0,12.8,slowing_down,1,9,3.5,7,0,deliberate,0.435,0.355,0.125,0.419,0.105
concept_struggler,92.5,0.385,1,4,3,9.5,slowing_down,5,3,2.5,7,0,deliberate,0.066,0.071,0.3,0.071,0.089
concept_struggler,78.3,0.494,0,3,5,15.5,slowing_down,9,3,3.0,7,0,deliberate,0.321,0.218,0.648,0.293,0.175
concept_struggler,112.9,0.424,0,2,1,6.8,slowing_down,3,6,3.1,7,0,deliberate,0.543,0.124,0.178,0.386,0.164
concept_struggler,107.4,0.556,0,2,3,10.1,stable,3,8,3.8,7,0,balanced,0.207,0.295,0.325,0.363,0.398
concept_struggler,119.2,0.247,0,3,3,10.2,stable,4,7,4.5,7,0,balanced,0.025,0.494,0.161,0.301,0.206
concept_struggler,93.7,0.412,1,0,4,13.4,slowing_down,3,7,3.1,7,0,deliberate,0.081,0.649,0.305,0.411,0.173
concept_struggler,105.4,0.773,0,4,3,8.9,stable,4,5,3.0,7,0,deliberate,0.193,0.427,0.131,0.399,0.256
concept_struggler,131.6,0.5,0,1,2,12.6,speeding_up,2,1,3.5,7,0,balanced,0.035,0.448,0.26,0.286,0.299
concept_struggler,114.7,0.358,0,2,3,10.2,speeding_up,3,7,3.3,7,0,deliberate,0.172,0.387,0.266,0.257,0.258
concept_struggler,106.1,0.455,0,5,1,17.1,slowing_down,7,4,3.2,7,0,deliberate,0.377,0.122,0.19,0.325,0.15
concept_struggler,109.6,0.593,0,4,5,14.9,speeding_up,3,2,3.8,7,0,deliberate,0.286,0.718,0.254,0.514,0.114
concept_struggler,84.0,0.314,0,4,3,10.1,stable,8,5,1.8,7,0,balanced,0.138,0.415,0.256,0.254,0.081
concept_struggler,89.9,0.268,0,2,3,8.7,speeding_up,3,3,4.0,7,0,balanced,0.159,0.392,0.3,0.359,0.488
concept_struggler,97.6,0.423,0,1,7,13.3,stable,5,3,4.6,7,0,deliberate,0.594,0.468,0.353,0.527,0.655
concept_struggler,85.6,0.581,0,4,3,5.3,stable,3,2,2.8,7,0,deliberate,0.388,0.527,0.581,0.508,0.348
concept_struggler,97.7,0.476,0,1,3,13.9,stable,2,5,2.3,7,0,deliberate,0.099,0.524,0.496,0.458,0.072
concept_struggler,94.2,0.652,0,4,2,11.2,stable,4,2,3.9,7,0,deliberate,0.314,0.018,0.082,0.247,0.284
concept_struggler,106.6,0.458,0,2,1,11.4,stable,3,3,3.4,7,0,deliberate,0.2,0.243,0.468,0.286,0.332
concept_struggler,114.2,0.357,0,4,1,12.7,slowing_down,6,3,4.0,7,0,deliberate,0.028,0.54,0.21,0.327,0.238
concept_struggler,96.8,0.351,0,0,3,10.6,slowing_down,3,2,3.2,7,0,balanced,0.115,0.154,0.233,0.248,0.386
concept_struggler,88.6,0.445,1,4,0,9.6,stable,5,5,2.9,7,0,balanced,0.362,0.209,0.304,0.429,0.327
concept_struggler,113.2,0.316,1,2,0,9.9,slowing_down,9,4,2.3,7,0,deliberate,0.182,0.755,0.243,0.454,0.185
concept_struggler,104.4,0.312,0,3,2,12.4,stable,3,6,2.9,7,0,deliberate,0.276,0.383,0.025,0.353,0.122
concept_struggler,116.9,0.441,0,3,2,10.8,stable,4,1,3.2,7,0,deliberate,0.292,0.67,0.363,0.437,0.286
concept_struggler,94.9,0.373,0,3,6,15.2,stable,6,2,2.8,7,0,deliberate,0.303,0.281,0.313,0.346,0.276
concept_struggler,100.8,0.485,0,3,2,11.3,slowing_down,4,5,3.5,7,0,deliberate,0.339,0.67,0.291,0.566,0.587
concept_struggler,129.7,0.467,0,1,0,15.4,slowing_down,7,2,3.2,7,0,deliberate,0.198,0.249,0.409,0.319,0.044
concept_struggler,82.8,0.424,0,1,2,15.8,slowing_down,3,3,3.4,7,0,deliberate,0.067,0.542,0.215,0.377,0.211
concept_struggler,127.0,0.363,0,1,2,12.6,speeding_up,9,2,4.2,7,0,deliberate,0.442,0.351,0.543,0.449,0.239
concept_struggler,96.2,0.445,0,1,3,11.0,speeding_up,1,5,4.3,7,0,balanced,0.02,0.317,0.187,0.254,0.107
concept_struggler,134.1,0.467,0,6,1,10.4,slowing_down,5,4,2.4,7,0,balanced,0.076,0.068,0.093,0.167,0.248
concept_struggler,94.8,0.415,0,1,4,11.1,slowing_down,6,5,3.2,7,0,deliberate,0.09,0.214,0.37,0.216,0.092
concept_struggler,99.6,0.463,0,3,3,10.1,slowing_down,2,7,3.6,7,0,deliberate,0.714,0.412,0.414,0.614,0.38
concept_struggler,110.7,0.54,0,2,3,13.3,stable,7,6,3.9,7,0,deliberate,0.123,0.187,0.523,0.228,0.305
concept_struggler,118.9,0.259,1,2,2,13.4,slowing_down,5,5,3.8,7,0,balanced,0.194,0.53,0.17,0.382,0.163
concept_struggler,90.1,0.323,0,3,7,9.9,stable,8,0,4.8,7,0,deliberate,0.172,0.416,0.287,0.432,0.111
concept_struggler,100.2,0.491,0,5,4,13.4,speeding_up,1,3,3.8,7,0,deliberate,0.478,0.375,0.395,0.487,0.284
concept_struggler,88.3,0.185,0,2,3,7.4,stable,2,5,2.9,7,0,balanced,0.166,0.239,0.137,0.185,0.24
concept_struggler,123.0,0.592,0,3,2,12.8,speeding_up,3,4,3.7,7,0,balanced,0.335,0.18,0.203,0.271,0.191
concept_struggler,91.4,0.334,0,2,2,12.0,slowing_down,5,6,3.3,7,0,deliberate,0.393,0.294,0.323,0.336,0.184
concept_struggler,86.2,0.517,0,4,3,10.9,slowing_down,3,2,3.9,7,0,deliberate,0.165,0.436,0.466,0.395,0.515
concept_struggler,95.6,0.742,0,1,4,6.7,stable,4,7,1.3,7,0,deliberate,0.622,0.167,0.302,0.345,0.326
concept_struggler,100.2,0.453,0,3,4,11.6,slowing_down,3,7,2.9,7,0,balanced,0.451,0.368,0.428,0.392,0.182
concept_struggler,102.9,0.351,0,0,7,12.1,slowing_down,2,7,3.4,7,0,deliberate,0.172,0.752,0.148,0.397,0.481
concept_struggler,97.6,0.462,0,6,2,14.4,stable,6,2,3.6,7,0,deliberate,0.281,0.399,0.411,0.418,0.494
concept_struggler,97.1,0.633,1,4,1,10.0,stable,6,6,3.9,7,0,deliberate,0.285,0.408,0.814,0.356,0.1
concept_struggler,103.5,0.551,0,5,4,8.8,speeding_up,7,5,3.4,7,0,deliberate,0.326,0.222,0.242,0.309,0.077
concept_struggler,93.6,0.597,0,2,5,12.2,speeding_up,4,8,3.7,7,0,balanced,0.151,0.429,0.315,0.293,0.301
concept_struggler,115.5,0.477,0,3,2,16.8,slowing_down,4,3,3.4,7,0,deliberate,0.081,0.39,0.165,0.324,0.144
concept_struggler,118.3,0.363,0,3,2,13.3,slowing_down,3,3,2.2,7,0,deliberate,0.212,0.35,0.072,0.331,0.208
concept_struggler,129.2,0.517,0,1,2,11.8,speeding_up,4,7,1.8,7,0,deliberate,0.276,0.38,0.155,0.383,0.566
concept_struggler,67.9,0.334,0,5,5,11.1,slowing_down,6,0,3.0,7,0,deliberate,0.409,0.254,0.077,0.394,0.511
concept_struggler,107.8,0.373,1,1,7,13.5,stable,4,5,4.9,7,0,deliberate,0.226,0.179,0.449,0.235,0.229
concept_struggler,100.3,0.504,0,2,4,10.7,stable,8,6,2.4,7,0,balanced,0.385,0.656,0.444,0.509,0.176
concept_struggler,86.0,0.354,0,2,2,10.6,slowing_down,8,2,3.4,7,0,deliberate,0.228,0.684,0.236,0.449,0.226
concept_struggler,119.2,0.565,1,1,5,11.2,stable,2,5,2.7,7,0,deliberate,0.104,0.249,0.745,0.309,0.344
concept_struggler,93.9,0.312,0,1,5,11.7,stable,6,5,2.5,7,0,deliberate,0.099,0.475,0.376,0.374,0.153
concept_struggler,100.5,0.261,0,3,2,6.7,slowing_down,4,3,4.1,7,0,deliberate,0.043,0.278,0.317,0.234,0.275
concept_struggler,119.6,0.457,0,5,4,10.6,stable,4,4,2.3,7,0,deliberate,0.464,0.494,0.419,0.411,0.221
concept_struggler,95.7,0.299,0,3,4,9.9,stable,5,5,2.5,7,0,balanced,0.263,0.682,0.324,0.484,0.153
concept_struggler,88.6,0.494,1,2,0,14.0,stable,6,7,4.5,7,0,deliberate,0.248,0.446,0.367,0.379,0.092
concept_struggler,118.3,0.445,0,6,5,12.2,speeding_up,2,4,3.6,7,0,deliberate,0.152,0.499,0.253,0.456,0.195
concept_struggler,102.5,0.17,0,4,2,11.8,speeding_up,9,3,3.9,7,0,deliberate,0.353,0.437,0.164,0.46,0.216
concept_struggler,92.4,0.301,0,1,1,13.3,slowing_down,5,2,3.4,7,0,deliberate,0.257,0.438,0.558,0.36,0.204
concept_struggler,150.0,0.174,0,3,2,14.2,stable,7,4,3.3,7,0,deliberate,0.184,0.212,0.136,0.21,0.241
concept_struggler,103.0,0.48,0,2,5,9.7,stable,2,5,4.5,7,0,deliberate,0.317,0.63,0.259,0.467,0.412
concept_struggler,125.8,0.387,0,5,2,9.5,slowing_down,4,6,2.0,7,0,deliberate,0.31,0.302,0.234,0.358,0.321
concept_struggler,107.9,0.592,0,0,5,9.4,slowing_down,3,5,2.3,7,0,deliberate,0.147,0.638,0.157,0.378,0.148
concept_struggler,101.3,0.5,0,3,4,14.3,speeding_up,5,7,4.0,7,0,deliberate,0.202,0.221,0.502,0.304,0.508
concept_struggler,93.2,0.517,0,4,3,11.5,stable,10,4,3.3,7,0,deliberate,0.115,0.258,0.477,0.289,0.481
concept_struggler,89.5,0.272,0,1,4,7.9,stable,3,9,1.8,7,0,balanced,0.168,0.64,0.16,0.467,0.212
concept_struggler,81.8,0.53,0,3,2,13.3,stable,4,5,3.5,7,0,deliberate,0.492,0.373,0.099,0.402,0.118
concept_struggler,107.9,0.213,0,2,2,9.1,stable,4,3,4.6,7,0,deliberate,0.221,0.559,0.165,0.445,0.369
concept_struggler,110.6,0.272,1,1,3,8.2,slowing_down,2,3,2.9,7,0,deliberate,0.768,0.145,0.642,0.41,0.128
concept_struggler,99.8,0.302,1,4,3,12.2,stable,6,2,2.4,7,0,balanced,0.194,0.265,0.257,0.248,0.211
concept_struggler,117.5,0.488,0,2,4,10.3,slowing_down,2,4,4.2,7,0,deliberate,0.136,0.143,0.101,0.248,0.336
concept_struggler,102.3,0.461,0,3,1,8.5,slowing_down,8,5,3.9,7,0,balanced,0.086,0.479,0.109,0.368,0.288
concept_struggler,121.4,0.544,0,4,5,7.2,stable,5,3,2.9,7,0,balanced,0.564,0.653,0.664,0.578,0.379
concept_struggler,110.8,0.426,0,2,3,16.4,speeding_up,9,5,3.7,7,0,deliberate,0.16,0.272,0.297,0.353,0.07
concept_struggler,105.4,0.39,1,0,6,8.3,stable,5,8,4.2,7,0,deliberate,0.144,0.258,0.131,0.228,0.025
concept_struggler,106.1,0.478,0,5,3,9.2,slowing_down,2,5,4.2,7,0,balanced,0.306,0.737,0.322,0.449,0.143
concept_struggler,91.1,0.431,0,1,5,12.4,slowing_down,5,3,3.2,7,0,balanced,0.438,0.47,0.522,0.477,0.216
concept_struggler,108.2,0.455,0,5,2,10.4,stable,7,3,2.6,7,0,deliberate,0.246,0.681,0.601,0.488,0.439
concept_struggler,69.4,0.576,0,4,7,11.7,slowing_down,3,3,3.2,7,0,deliberate,0.196,0.489,0.225,0.343,0.157
concept_struggler,91.3,0.49,0,4,1,15.4,slowing_down,5,7,3.8,7,0,deliberate,0.052,0.14,0.194,0.202,0.225
concept_struggler,134.9,0.397,0,3,1,9.9,speeding_up,6,1,3.0,7,0,deliberate,0.179,0.448,0.128,0.272,0.218
concept_struggler,104.8,0.574,0,7,5,12.1,stable,3,7,1.8,7,0,deliberate,0.402,0.372,0.447,0.298,0.268
concept_struggler,83.6,0.388,0,2,2,9.7,stable,5,6,3.3,7,0,deliberate,0.421,0.271,0.199,0.348,0.063
concept_struggler,129.9,0.736,0,2,3,7.8,speeding_up,0,5,3.3,7,0,deliberate,0.111,0.38,0.27,0.297,0.346
concept_struggler,83.8,0.706,0,3,4,12.6,speeding_up,4,8,2.5,7,0,balanced,0.08,0.74,0.459,0.432,0.33
concept_struggler,111.1,0.314,0,3,4,11.0,stable,5,5,4.6,7,0,deliberate,0.374,0.327,0.161,0.348,0.515
concept_struggler,104.5,0.627,0,4,4,8.5,stable,5,2,3.5,7,0,deliberate,0.115,0.416,0.202,0.236,0.247
concept_struggler,102.6,0.578,0,1,0,13.9,stable,6,5,2.0,7,0,deliberate,0.174,0.426,0.163,0.394,0.082
concept_struggler,103.2,0.266,0,4,0,12.8,slowing_down,7,1,3.7,7,0,deliberate,0.226,0.398,0.489,0.406,0.069
concept_struggler,71.9,0.437,0,3,4,14.3,stable,6,9,3.5,7,0,balanced,0.178,0.214,0.569,0.186,0.413
concept_struggler,97.3,0.29,0,6,4,12.7,stable,6,2,3.1,7,0,deliberate,0.081,0.562,0.023,0.349,0.385
concept_struggler,96.2,0.42,0,2,5,7.5,stable,3,4,3.5,7,0,balanced,0.154,0.328,0.299,0.348,0.336
concept_struggler,106.7,0.343,0,2,5,14.8,speeding_up,6,7,4.9,7,0,balanced,0.223,0.457,0.588,0.415,0.033
concept_struggler,121.6,0.323,0,6,3,8.5,speeding_up,1,2,2.4,7,0,deliberate,0.503,0.555,0.222,0.538,0.061
concept_struggler,129.6,0.485,0,7,1,13.6,slowing_down,2,3,2.5,7,0,balanced,0.406,0.495,0.613,0.526,0.366
concept_struggler,119.5,0.382,0,2,2,14.4,stable,5,3,3.5,7,0,balanced,0.406,0.714,0.439,0.626,0.174
concept_struggler,114.9,0.505,0,1,3,10.3,slowing_down,3,7,4.0,7,0,deliberate,0.435,0.33,0.156,0.469,0.148
concept_struggler,91.7,0.318,0,4,2,11.0,stable,4,2,2.8,7,0,deliberate,0.142,0.582,0.516,0.463,0.156
concept_struggler,94.6,0.56,0,2,0,7.9,slowing_down,4,2,3.3,7,0,deliberate,0.18,0.305,0.141,0.383,0.092
concept_struggler,93.6,0.564,0,0,0,10.2,speeding_up,2,5,3.6,7,0,balanced,0.205,0.249,0.044,0.339,0.338
concept_struggler,93.5,0.201,0,3,4,10.1,stable,4,8,4.0,7,0,deliberate,0.225,0.102,0.229,0.238,0.347
concept_struggler,91.6,0.372,0,3,4,14.1,stable,3,1,2.3,7,0,deliberate,0.197,0.55,0.277,0.325,0.232
concept_struggler,94.4,0.132,0,0,5,8.3,slowing_down,8,2,2.3,7,0,deliberate,0.138,0.589,0.318,0.398,0.397
concept_struggler,101.0,0.514,0,2,3,6.9,stable,7,4,2.2,7,0,deliberate,0.17,0.29,0.29,0.323,0.167
concept_struggler,123.2,0.488,0,2,1,7.9,stable,6,4,3.4,7,0,balanced,0.418,0.298,0.52,0.366,0.2
concept_struggler,104.8,0.587,0,2,2,13.1,stable,5,4,2.3,7,0,balanced,0.245,0.063,0.247,0.219,0.089
concept_struggler,107.2,0.426,0,2,7,11.6,speeding_up,1,5,3.7,7,0,deliberate,0.494,0.285,0.243,0.523,0.575
concept_struggler,116.2,0.317,0,4,3,11.5,stable,5,5,3.3,7,0,deliberate,0.53,0.377,0.216,0.505,0.243
concept_struggler,96.3,0.357,1,2,0,12.5,speeding_up,9,3,2.6,7,0,deliberate,0.227,0.189,0.33,0.251,0.082
concept_struggler,101.5,0.342,0,3,3,7.0,speeding_up,2,6,3.4,7,0,balanced,0.284,0.138,0.367,0.175,0.306
concept_struggler,114.6,0.43,0,4,4,12.8,stable,5,6,2.1,7,0,balanced,0.331,0.64,0.463,0.541,0.209
concept_struggler,102.8,0.339,0,2,2,13.5,stable,6,5,1.7,7,0,deliberate,0.269,0.174,0.653,0.318,0.347
concept_struggler,99.2,0.39,0,5,3,8.1,speeding_up,1,4,2.6,7,0,deliberate,0.487,0.303,0.425,0.478,0.429
concept_struggler,119.0,0.494,0,4,3,11.5,stable,7,7,2.0,7,0,deliberate,0.231,0.158,0.517,0.292,0.508
concept_struggler,106.1,0.725,0,1,4,6.9,slowing_down,8,3,2.5,7,0,deliberate,0.276,0.13,0.247,0.272,0.143
concept_struggler,91.8,0.541,0,0,3,10.4,speeding_up,1,5,2.7,7,0,balanced,0.263,0.395,0.394,0.244,0.312
concept_struggler,92.1,0.326,0,4,3,12.3,slowing_down,4,5,3.4,7,0,deliberate,0.383,0.095,0.408,0.267,0.628
concept_struggler,143.2,0.412,1,5,2,14.7,stable,3,7,3.3,7,0,deliberate,0.294,0.528,0.092,0.43,0.367
concept_struggler,93.9,0.319,0,3,2,10.1,stable,4,3,4.3,7,0,balanced,0.426,0.368,0.159,0.356,0.227
concept_struggler,97.8,0.302,0,1,2,13.3,slowing_down,3,4,2.8,7,0,deliberate,0.243,0.275,0.201,0.289,0.276
concept_struggler,109.7,0.28,0,3,1,8.7,stable,7,4,3.4,7,0,deliberate,0.149,0.257,0.46,0.252,0.028
concept_struggler,72.6,0.559,0,1,2,11.1,speeding_up,6,7,3.8,7,0,balanced,0.325,0.169,0.625,0.402,0.16
concept_struggler,108.6,0.364,0,0,4,11.6,slowing_down,6,3,4.7,7,0,deliberate,0.09,0.376,0.288,0.406,0.395
concept_struggler,115.3,0.388,0,1,5,11.1,slowing_down,0,7,3.0,7,0,balanced,0.092,0.317,0.236,0.172,0.09
concept_struggler,85.6,0.23,0,4,4,10.6,stable,3,5,4.1,7,0,balanced,0.374,0.547,0.368,0.493,0.137
concept_struggler,117.4,0.344,1,3,1,10.2,slowing_down,3,5,2.9,7,0,deliberate,0.308,0.644,0.426,0.427,0.447
concept_struggler,102.9,0.495,0,3,4,12.5,speeding_up,6,3,3.2,7,0,deliberate,0.173,0.56,0.239,0.308,0.347
concept_struggler,93.4,0.485,0,2,4,11.4,stable,5,4,4.3,7,0,deliberate,0.123,0.698,0.222,0.422,0.14
concept_struggler,101.9,0.515,0,2,7,12.7,speeding_up,2,4,1.7,7,0,deliberate,0.233,0.55,0.302,0.36,0.078
concept_struggler,81.5,0.444,0,2,6,11.9,slowing_down,5,2,2.3,7,0,deliberate,0.198,0.28,0.274,0.239,0.33
concept_struggler,79.0,0.445,0,1,4,11.3,stable,0,5,1.8,7,0,balanced,0.196,0.291,0.264,0.316,0.193
concept_struggler,85.9,0.564,0,6,2,9.9,slowing_down,6,2,4.0,7,0,deliberate,0.102,0.617,0.467,0.407,0.367
concept_struggler,109.0,0.526,0,3,1,10.0,slowing_down,10,3,3.9,7,0,deliberate,0.18,0.258,0.505,0.372,0.362
concept_struggler,102.6,0.604,0,0,0,11.5,stable,2,1,2.9,7,0,balanced,0.331,0.275,0.212,0.334,0.267
concept_struggler,98.9,0.539,1,3,4,4.5,stable,4,8,3.6,7,0,deliberate,0.163,0.616,0.044,0.356,0.045
concept_struggler,103.5,0.256,0,5,3,15.9,stable,6,3,4.0,7,0,deliberate,0.224,0.408,0.129,0.341,0.058
concept_struggler,99.8,0.54,0,7,3,12.3,slowing_down,3,3,2.8,7,0,deliberate,0.312,0.32,0.123,0.321,0.163
concept_struggler,118.5,0.624,0,3,4,11.3,speeding_up,5,8,2.6,7,0,deliberate,0.393,0.376,0.406,0.418,0.209
concept_struggler,99.7,0.525,0,5,3,11.1,slowing_down,9,8,1.8,7,0,deliberate,0.721,0.249,0.057,0.458,0.065
concept_struggler,104.5,0.629,0,4,3,13.5,speeding_up,5,3,2.9,7,0,deliberate,0.472,0.363,0.249,0.397,0.632
concept_struggler,135.0,0.645,0,2,3,7.8,stable,9,3,2.6,7,0,deliberate,0.09,0.435,0.396,0.356,0.082
concept_struggler,95.4,0.575,1,2,7,11.5,stable,5,6,4.4,7,0,deliberate,0.209,0.311,0.581,0.355,0.017
concept_struggler,98.2,0.361,0,2,3,11.0,speeding_up,5,2,3.5,7,0,deliberate,0.356,0.651,0.462,0.469,0.254
concept_struggler,96.6,0.343,0,2,7,11.8,slowing_down,3,2,3.2,7,0,deliberate,0.206,0.123,0.299,0.17,0.236
concept_struggler,101.9,0.48,0,2,3,11.3,slowing_down,4,2,4.8,7,0,deliberate,0.133,0.564,0.279,0.368,0.099
concept_struggler,94.4,0.503,0,2,5,9.1,slowing_down,4,5,3.8,7,0,deliberate,0.1,0.302,0.364,0.246,0.021
concept_struggler,127.9,0.495,0,5,2,11.1,stable,2,4,3.4,7,0,deliberate,0.04,0.578,0.374,0.273,0.495
concept_struggler,117.2,0.394,0,2,1,5.6,slowing_down,6,8,3.9,7,0,deliberate,0.445,0.084,0.308,0.3,0.293
concept_struggler,83.3,0.527,1,4,3,9.5,slowing_down,5,7,2.7,7,0,deliberate,0.246,0.476,0.45,0.368,0.151
concept_struggler,114.0,0.387,0,2,2,13.1,slowing_down,0,10,3.0,7,0,balanced,0.181,0.496,0.432,0.327,0.29
concept_struggler,105.9,0.489,0,4,3,11.2,slowing_down,9,5,2.8,7,0,deliberate,0.325,0.434,0.347,0.377,0.244
concept_struggler,90.5,0.518,0,3,3,6.3,speeding_up,2,7,3.4,7,0,deliberate,0.307,0.345,0.389,0.394,0.094
concept_struggler,123.6,0.407,0,2,1,10.7,speeding_up,3,4,3.3,7,0,deliberate,0.459,0.529,0.347,0.483,0.244
concept_struggler,105.5,0.515,0,2,1,13.4,stable,2,3,2.8,7,0,deliberate,0.255,0.285,0.388,0.372,0.579
concept_struggler,105.2,0.716,0,5,3,7.8,slowing_down,5,5,2.3,7,0,deliberate,0.339,0.584,0.199,0.335,0.095
concept_struggler,64.8,0.465,0,1,3,7.4,slowing_down,5,8,2.6,7,0,deliberate,0.459,0.502,0.33,0.553,0.574
concept_struggler,112.4,0.521,0,2,2,9.0,stable,3,5,2.1,7,0,deliberate,0.166,0.247,0.117,0.232,0.062
concept_struggler,129.1,0.31,0,1,5,12.8,speeding_up,3,6,2.6,7,0,balanced,0.119,0.144,0.235,0.274,0.24
concept_struggler,102.7,0.551,0,3,3,12.5,stable,5,5,3.0,7,0,deliberate,0.086,0.418,0.087,0.225,0.106
concept_struggler,106.9,0.362,0,1,3,10.6,speeding_up,3,9,3.8,7,0,balanced,0.25,0.571,0.151,0.472,0.265
concept_struggler,94.1,0.44,0,2,3,10.4,slowing_down,8,3,4.5,7,0,deliberate,0.602,0.456,0.337,0.508,0.612
concept_struggler,97.1,0.362,0,3,4,11.0,slowing_down,3,2,4.8,7,0,balanced,0.075,0.16,0.186,0.236,0.27
concept_struggler,91.3,0.527,0,1,4,10.0,stable,4,3,2.9,7,0,deliberate,0.554,0.371,0.09,0.497,0.274
concept_struggler,124.4,0.247,0,3,4,5.4,slowing_down,3,2,1.8,7,0,deliberate,0.19,0.308,0.073,0.309,0.448
concept_struggler,92.3,0.441,0,2,1,6.1,slowing_down,4,1,2.7,7,0,balanced,0.38,0.401,0.303,0.343,0.29
concept_struggler,98.5,0.281,0,1,1,7.6,slowing_down,4,4,4.7,7,0,deliberate,0.207,0.455,0.321,0.322,0.354
concept_struggler,78.0,0.453,0,4,4,14.3,stable,4,4,2.8,7,0,deliberate,0.313,0.555,0.253,0.445,0.503
concept_struggler,112.2,0.412,0,2,6,12.3,stable,6,1,2.4,7,0,balanced,0.27,0.418,0.132,0.387,0.313
concept_struggler,106.9,0.571,0,3,2,9.0,stable,2,4,3.1,7,0,balanced,0.354,0.499,0.394,0.366,0.076
concept_struggler,102.0,0.573,0,2,4,10.6,slowing_down,4,7,3.9,7,0,deliberate,0.053,0.215,0.157,0.157,0.41
concept_struggler,89.3,0.242,0,0,1,11.2,speeding_up,4,4,5.2,7,0,balanced,0.131,0.224,0.324,0.196,0.204
concept_struggler,109.3,0.452,0,1,1,12.0,stable,3,6,3.1,7,0,deliberate,0.265,0.568,0.545,0.424,0.123
concept_struggler,113.7,0.615,0,2,3,10.2,speeding_up,10,1,2.8,7,0,deliberate,0.216,0.337,0.101,0.332,0.206
concept_struggler,103.4,0.474,0,3,5,10.8,slowing_down,6,3,3.5,7,0,deliberate,0.366,0.323,0.32,0.411,0.014
concept_struggler,90.3,0.431,0,3,4,9.3,speeding_up,6,2,4.9,7,0,balanced,0.161,0.289,0.216,0.282,0.337
concept_struggler,99.4,0.286,0,3,5,8.8,speeding_up,3,6,3.0,7,0,deliberate,0.266,0.355,0.348,0.292,0.468
concept_struggler,76.8,0.631,0,2,1,14.9,stable,3,5,3.4,7,0,balanced,0.522,0.295,0.529,0.451,0.45
concept_struggler,93.4,0.465,0,3,2,7.7,stable,6,3,3.4,7,0,deliberate,0.109,0.558,0.362,0.401,0.491
concept_struggler,106.7,0.606,0,2,1,9.2,stable,3,3,2.7,7,0,deliberate,0.409,0.291,0.625,0.371,0.283
concept_struggler,104.7,0.47,0,2,5,12.0,slowing_down,6,5,2.4,7,0,balanced,0.572,0.345,0.337,0.436,0.208
concept_struggler,115.2,0.573,0,1,2,7.4,stable,6,2,4.7,7,0,deliberate,0.046,0.769,0.361,0.478,0.042
concept_struggler,82.5,0.326,0,3,1,10.3,stable,8,4,2.8,7,0,deliberate,0.076,0.408,0.404,0.351,0.482
concept_struggler,79.8,0.463,0,0,2,15.8,slowing_down,4,10,2.9,7,0,deliberate,0.119,0.23,0.653,0.281,0.113
concept_struggler,85.9,0.597,0,3,5,6.5,slowing_down,7,2,4.4,7,0,deliberate,0.194,0.105,0.356,0.217,0.561
concept_struggler,87.4,0.496,0,5,2,8.2,stable,3,2,4.5,7,0,deliberate,0.056,0.46,0.158,0.38,0.366
concept_struggler,101.0,0.456,0,3,1,14.7,slowing_down,7,5,3.9,7,0,deliberate,0.23,0.565,0.125,0.424,0.499
concept_struggler,82.5,0.355,0,3,2,12.5,slowing_down,6,3,2.6,7,0,deliberate,0.052,0.584,0.191,0.424,0.351
concept_struggler,125.4,0.311,1,2,3,5.5,slowing_down,5,5,4.0,7,0,deliberate,0.201,0.178,0.291,0.22,0.261
concept_struggler,87.0,0.18,1,7,7,7.3,stable,3,6,2.9,7,0,deliberate,0.454,0.569,0.396,0.486,0.501
concept_struggler,79.9,0.29,0,2,1,5.9,slowing_down,4,4,3.7,7,0,balanced,0.353,0.746,0.745,0.582,0.068
concept_struggler,109.4,0.345,0,2,4,15.6,stable,3,2,3.0,7,0,deliberate,0.076,0.556,0.061,0.318,0.319
concept_struggler,97.1,0.445,0,2,6,15.2,stable,5,8,3.4,7,0,deliberate,0.34,0.303,0.247,0.43,0.159
concept_struggler,101.9,0.342,0,4,0,9.8,speeding_up,5,2,2.5,7,0,deliberate,0.19,0.56,0.611,0.301,0.141
concept_struggler,104.7,0.406,0,5,4,11.8,speeding_up,10,6,2.6,7,0,deliberate,0.331,0.282,0.182,0.24,0.415
concept_struggler,101.4,0.374,0,3,4,11.3,stable,5,4,3.6,7,0,deliberate,0.125,0.248,0.262,0.241,0.461
concept_struggler,112.3,0.397,1,3,7,13.4,stable,5,4,3.1,7,0,deliberate,0.623,0.37,0.304,0.481,0.354
concept_struggler,104.4,0.511,0,2,4,11.6,slowing_down,3,5,3.4,7,0,deliberate,0.129,0.437,0.327,0.386,0.197
concept_struggler,108.9,0.509,1,5,2,9.6,stable,4,2,2.8,7,0,deliberate,0.313,0.418,0.451,0.355,0.613
concept_struggler,97.1,0.424,0,6,2,12.2,stable,6,5,3.0,7,0,deliberate,0.32,0.139,0.529,0.227,0.379
concept_struggler,111.6,0.466,0,4,2,8.9,stable,3,0,2.7,7,0,deliberate,0.239,0.186,0.363,0.283,0.089
concept_struggler,104.8,0.729,0,2,3,5.6,stable,5,5,2.4,7,0,balanced,0.246,0.563,0.358,0.362,0.16
concept_struggler,98.9,0.474,0,1,0,12.7,speeding_up,8,5,2.8,7,0,deliberate,0.391,0.353,0.163,0.509,0.334
concept_struggler,91.8,0.495,0,4,7,11.8,stable,8,3,4.0,7,0,deliberate,0.689,0.382,0.258,0.485,0.196
concept_struggler,98.8,0.376,1,1,2,6.1,stable,4,8,2.9,7,0,balanced,0.313,0.207,0.079,0.318,0.244
concept_struggler,112.3,0.11,0,2,1,10.3,slowing_down,5,6,3.9,7,0,deliberate,0.669,0.388,0.503,0.533,0.218
concept_struggler,85.8,0.293,0,3,3,7.2,slowing_down,4,10,3.9,7,0,deliberate,0.323,0.54,0.288,0.465,0.159
concept_struggler,107.7,0.483,0,2,5,13.2,stable,3,4,4.0,7,0,deliberate,0.298,0.668,0.369,0.477,0.09
concept_struggler,91.4,0.453,1,5,4,12.4,speeding_up,5,2,3.0,7,0,balanced,0.114,0.33,0.189,0.244,0.229
concept_struggler,79.3,0.442,0,2,5,9.0,slowing_down,5,6,3.8,7,0,deliberate,0.13,0.492,0.471,0.386,0.188
concept_struggler,110.3,0.784,0,4,4,8.1,slowing_down,1,2,2.8,7,0,deliberate,0.222,0.239,0.306,0.249,0.087
concept_struggler,118.9,0.186,0,1,3,11.0,stable,7,6,3.4,7,0,deliberate,0.274,0.083,0.603,0.176,0.116
concept_struggler,50.0,0.577,1,5,3,13.0,speeding_up,6,5,3.1,7,0,deliberate,0.201,0.438,0.66,0.414,0.405
concept_struggler,114.6,0.301,0,4,3,10.7,speeding_up,0,3,2.6,7,0,deliberate,0.336,0.36,0.39,0.392,0.157
concept_struggler,102.6,0.384,0,5,6,16.5,speeding_up,0,2,3.7,7,0,deliberate,0.364,0.502,0.508,0.382,0.039
concept_struggler,119.8,0.449,0,2,5,10.3,stable,4,9,1.5,7,0,deliberate,0.194,0.296,0.516,0.224,0.499
concept_struggler,128.7,0.458,0,4,7,9.4,stable,3,11,4.4,7,0,balanced,0.414,0.51,0.427,0.536,0.203
concept_struggler,113.4,0.586,0,3,3,12.1,stable,5,5,3.7,7,0,deliberate,0.243,0.183,0.157,0.205,0.316
concept_struggler,96.2,0.451,0,6,1,11.6,stable,6,3,3.7,7,0,balanced,0.185,0.633,0.551,0.386,0.524
concept_struggler,124.2,0.279,0,4,3,13.5,slowing_down,3,3,4.0,7,0,balanced,0.334,0.384,0.052,0.447,0.099
concept_struggler,75.1,0.551,0,3,2,9.3,stable,3,1,3.5,7,0,deliberate,0.107,0.344,0.188,0.291,0.482
concept_struggler,83.1,0.339,0,5,4,16.1,slowing_down,1,6,3.7,7,0,balanced,0.431,0.447,0.45,0.418,0.428
concept_struggler,106.6,0.056,0,1,6,12.4,speeding_up,1,11,4.7,7,0,deliberate,0.362,0.293,0.239,0.402,0.286
concept_struggler,101.7,0.248,1,3,5,12.2,stable,3,3,2.9,7,0,deliberate,0.135,0.653,0.424,0.465,0.099
concept_struggler,94.7,0.246,1,3,3,15.9,slowing_down,5,3,3.9,7,0,deliberate,0.25,0.3,0.437,0.426,0.195
concept_struggler,103.1,0.724,0,2,5,12.2,stable,6,2,3.0,7,0,deliberate,0.187,0.294,0.232,0.228,0.111
concept_struggler,98.0,0.395,0,2,4,12.5,slowing_down,3,5,2.9,7,0,balanced,0.17,0.549,0.214,0.389,0.059
concept_struggler,114.4,0.508,0,2,5,11.1,slowing_down,4,9,3.8,7,0,deliberate,0.297,0.467,0.05,0.434,0.437
concept_struggler,112.4,0.58,0,3,2,10.1,stable,3,4,2.7,7,0,deliberate,0.324,0.319,0.14,0.344,0.54
concept_struggler,92.4,0.417,0,4,0,11.0,stable,4,0,1.9,7,0,balanced,0.217,0.452,0.315,0.381,0.157
concept_struggler,88.9,0.558,1,1,7,15.1,stable,2,3,2.3,7,0,deliberate,0.147,0.473,0.224,0.303,0.133
concept_struggler,89.4,0.274,0,5,5,15.8,stable,3,4,3.6,7,0,deliberate,0.354,0.494,0.317,0.381,0.252
concept_struggler,90.3,0.203,1,3,3,13.2,speeding_up,3,4,3.4,7,0,deliberate,0.324,0.269,0.283,0.28,0.123
concept_struggler,95.2,0.488,0,2,1,12.1,slowing_down,5,6,2.9,7,0,balanced,0.248,0.169,0.305,0.264,0.227
concept_struggler,105.3,0.301,1,3,3,9.5,stable,4,2,3.5,7,0,deliberate,0.341,0.343,0.311,0.371,0.087
concept_struggler,103.3,0.4,0,1,3,9.0,speeding_up,6,4,3.2,7,0,deliberate,0.245,0.327,0.588,0.285,0.199
concept_struggler,80.3,0.331,0,2,3,12.7,speeding_up,4,2,3.4,7,0,deliberate,0.209,0.423,0.253,0.329,0.222
concept_struggler,100.7,0.457,0,2,1,9.2,stable,4,4,2.9,7,0,deliberate,0.273,0.229,0.194,0.332,0.051
concept_struggler,101.1,0.489,0,2,1,12.6,speeding_up,7,3,2.2,7,0,deliberate,0.449,0.409,0.351,0.445,0.127
concept_struggler,102.2,0.428,0,4,7,9.5,speeding_up,5,7,5.1,7,0,deliberate,0.217,0.195,0.597,0.204,0.075
concept_struggler,97.3,0.288,1,2,3,12.3,stable,7,6,2.2,7,0,deliberate,0.375,0.459,0.22,0.418,0.369
concept_struggler,96.9,0.285,1,3,4,11.5,slowing_down,3,10,2.9,7,0,deliberate,0.14,0.148,0.27,0.206,0.162
concept_struggler,100.3,0.422,0,4,2,11.4,stable,11,7,3.2,7,0,deliberate,0.165,0.198,0.565,0.221,0.226
concept_struggler,119.8,0.313,0,1,3,11.5,stable,4,1,4.0,7,0,deliberate,0.584,0.568,0.651,0.524,0.03
concept_struggler,94.5,0.424,1,2,5,10.8,speeding_up,1,1,2.8,7,0,deliberate,0.493,0.441,0.295,0.496,0.148
concept_struggler,93.6,0.512,0,3,3,17.3,speeding_up,4,5,3.4,7,0,deliberate,0.252,0.332,0.373,0.313,0.182
concept_struggler,122.7,0.554,0,0,6,12.9,slowing_down,4,4,2.7,7,0,deliberate,0.22,0.428,0.339,0.365,0.273
concept_struggler,88.7,0.291,0,1,2,11.4,speeding_up,3,3,3.0,7,0,balanced,0.138,0.21,0.282,0.167,0.103
concept_struggler,89.2,0.49,0,6,2,17.1,slowing_down,6,5,2.7,7,0,deliberate,0.624,0.456,0.447,0.546,0.487
concept_struggler,79.1,0.34,0,3,5,10.1,stable,5,3,3.0,7,0,deliberate,0.267,0.585,0.341,0.411,0.466
concept_struggler,116.3,0.643,0,2,3,14.0,stable,4,3,3.9,7,0,deliberate,0.146,0.195,0.3,0.239,0.366
concept_struggler,88.5,0.574,0,2,1,15.9,slowing_down,7,3,3.1,7,0,deliberate,0.277,0.317,0.147,0.315,0.312
concept_struggler,96.4,0.633,0,4,3,5.9,speeding_up,1,5,4.1,7,0,deliberate,0.152,0.285,0.289,0.257,0.142
concept_struggler,87.7,0.32,0,2,6,9.3,slowing_down,3,5,3.8,7,0,balanced,0.357,0.59,0.183,0.447,0.307
concept_struggler,90.7,0.37,0,2,1,10.6,slowing_down,8,3,3.9,7,0,deliberate,0.202,0.496,0.252,0.321,0.126
concept_struggler,97.9,0.458,0,5,2,12.5,stable,4,3,4.1,7,0,deliberate,0.262,0.225,0.259,0.297,0.478
concept_struggler,100.3,0.6,0,2,3,12.8,slowing_down,10,7,4.9,7,0,balanced,0.533,0.387,0.482,0.504,0.019
concept_struggler,97.7,0.523,0,3,2,14.1,speeding_up,3,5,2.7,7,0,balanced,0.3,0.52,0.294,0.489,0.323
concept_struggler,116.0,0.44,0,1,5,6.8,stable,6,5,2.7,7,0,deliberate,0.322,0.192,0.197,0.345,0.185
concept_struggler,97.0,0.375,0,3,2,14.1,stable,5,2,1.6,7,0,deliberate,0.341,0.446,0.283,0.403,0.145
concept_struggler,138.9,0.488,0,3,1,12.8,stable,2,2,2.1,7,0,deliberate,0.161,0.23,0.281,0.286,0.313
concept_struggler,109.8,0.396,0,4,3,9.3,slowing_down,5,9,3.4,7,0,balanced,0.363,0.477,0.438,0.501,0.167
concept_struggler,106.0,0.584,0,3,1,9.2,slowing_down,1,4,1.9,7,0,deliberate,0.391,0.324,0.488,0.398,0.261
fast_learner,37.8,0.164,0,0,0,2.9,speeding_up,0,0,9.1,7,0,balanced,0.925,0.745,0.745,0.79,0.741
fast_learner,32.9,0.093,0,0,0,1.9,speeding_up,3,0,8.1,7,0,balanced,0.911,0.698,0.907,0.788,0.68
fast_learner,38.1,0.157,0,0,0,1.6,speeding_up,0,1,8.7,7,0,balanced,0.951,0.891,0.956,0.796,0.585
fast_learner,31.5,0.132,0,0,0,2.4,speeding_up,0,1,10.0,7,0,balanced,0.683,0.661,0.741,0.672,0.707
fast_learner,39.3,0.125,0,0,0,1.8,speeding_up,4,1,8.8,7,0,balanced,0.821,0.567,0.635,0.65,0.487
fast_learner,33.7,0.197,0,0,0,2.0,speeding_up,2,0,9.8,7,0,balanced,0.878,0.71,0.818,0.787,0.571
fast_learner,38.0,0.163,1,0,0,2.8,speeding_up,1,1,8.9,7,0,balanced,0.827,0.733,0.507,0.765,0.862
fast_learner,42.7,0.14,0,0,0,2.1,speeding_up,2,0,9.3,7,0,balanced,0.968,0.67,0.907,0.753,0.656
fast_learner,31.7,0.235,0,0,0,2.6,speeding_up,1,0,9.1,7,0,balanced,0.803,0.597,0.865,0.708,0.699
fast_learner,30.4,0.123,1,0,0,1.7,speeding_up,1,0,9.0,7,0,balanced,0.864,0.656,0.896,0.735,0.848
fast_learner,26.9,0.148,0,0,0,2.0,speeding_up,1,0,9.0,7,0,balanced,0.86,0.384,0.788,0.577,0.689
fast_learner,23.5,0.157,2,0,0,2.8,speeding_up,1,1,9.1,7,0,balanced,1.0,0.483,0.735,0.588,0.764
fast_learner,39.2,0.132,1,0,0,2.3,speeding_up,1,0,8.5,7,0,balanced,0.987,0.822,0.85,0.876,0.957
fast_learner,29.5,0.179,1,0,0,1.5,speeding_up,1,1,9.8,7,0,balanced,0.847,0.845,0.682,0.757,0.771
fast_learner,29.9,0.157,0,0,0,2.7,speeding_up,2,0,9.0,7,0,balanced,0.922,0.382,0.949,0.614,0.5
fast_learner,30.3,0.125,0,0,0,2.0,speeding_up,1,1,8.4,7,0,balanced,0.984,0.603,0.875,0.725,0.457
fast_learner,33.5,0.178,0,0,0,2.3,speeding_up,2,0,9.5,7,0,balanced,0.754,0.554,0.704,0.628,0.928
fast_learner,31.3,0.237,1,0,0,2.3,speeding_up,0,1,8.8,7,0,balanced,0.981,0.547,0.708,0.632,0.835
fast_learner,30.3,0.059,1,0,0,3.1,speeding_up,1,0,9.6,7,0,balanced,0.86,0.769,0.668,0.771,0.676
fast_learner,24.8,0.121,1,0,0,2.0,speeding_up,0,0,8.8,7,0,balanced,0.671,0.652,0.909,0.699,0.54
fast_learner,30.3,0.083,2,0,0,2.5,speeding_up,2,0,8.2,7,0,balanced,0.95,0.565,0.707,0.718,0.727
fast_learner,37.3,0.088,2,0,0,3.2,speeding_up,0,1,9.3,7,0,balanced,0.788,0.565,0.466,0.686,0.788
fast_learner,24.2,0.098,0,0,0,1.9,speeding_up,0,0,8.5,7,0,balanced,0.854,0.629,0.6,0.655,0.659
fast_learner,36.1,0.147,0,0,0,1.7,speeding_up,2,0,9.7,7,0,balanced,0.799,0.757,0.885,0.673,0.751
fast_learner,36.8,0.089,0,0,0,2.2,speeding_up,2,0,9.4,7,0,balanced,0.861,0.831,0.789,0.822,0.569
fast_learner,30.2,0.194,0,0,0,2.8,speeding_up,1,1,8.0,7,0,balanced,0.892,0.807,0.902,0.831,0.82
fast_learner,31.9,0.159,0,0,0,2.7,speeding_up,1,0,9.1,7,0,balanced,0.963,0.469,0.897,0.719,0.61
fast_learner,30.8,0.15,0,0,0,2.1,speeding_up,1,0,9.4,7,0,balanced,0.889,0.587,0.946,0.749,0.838
fast_learner,29.6,0.162,0,0,0,3.1,speeding_up,2,0,9.9,7,0,balanced,0.932,0.832,0.925,0.775,0.82
fast_learner,20.4,0.149,0,0,0,3.0,speeding_up,1,0,8.6,7,0,balanced,0.706,0.471,0.88,0.582,0.447
fast_learner,28.7,0.125,1,0,0,3.1,speeding_up,0,0,8.7,7,0,balanced,0.964,0.599,0.824,0.81,0.561
fast_learner,29.2,0.081,0,0,0,1.7,speeding_up,1,1,8.5,7,0,balanced,0.773,0.71,0.831,0.678,0.629
fast_learner,41.1,0.069,0,0,0,3.1,speeding_up,3,0,9.4,7,0,balanced,0.861,0.429,0.922,0.637,0.752
fast_learner,34.5,0.184,1,0,0,3.2,speeding_up,0,0,9.4,7,0,balanced,0.878,0.604,0.883,0.656,0.753
fast_learner,26.8,0.171,0,0,0,2.7,speeding_up,4,0,9.2,7,0,balanced,0.997,0.922,0.882,0.793,0.843
fast_learner,35.7,0.197,0,0,0,2.8,speeding_up,0,1,9.2,7,0,balanced,0.498,0.748,0.711,0.642,0.605
fast_learner,26.7,0.192,1,0,0,2.3,speeding_up,0,2,10.0,7,0,balanced,0.939,0.654,0.798,0.71,0.911
fast_learner,27.4,0.249,0,0,0,3.4,speeding_up,2,0,9.7,7,0,balanced,0.865,0.512,0.781,0.671,0.678
fast_learner,27.4,0.134,2,0,0,1.3,speeding_up,1,0,9.7,7,0,balanced,0.926,0.583,0.647,0.687,0.619
fast_learner,35.1,0.14,1,0,0,1.4,speeding_up,1,0,9.9,7,0,balanced,0.966,0.729,0.981,0.795,0.806
fast_learner,37.6,0.211,2,0,0,1.9,speeding_up,2,0,9.7,7,0,balanced,0.977,0.68,0.664,0.683,0.675
fast_learner,22.0,0.163,0,0,0,2.8,speeding_up,2,0,8.6,7,0,balanced,0.966,0.83,0.782,0.758,0.723
fast_learner,38.7,0.151,1,0,0,3.0,speeding_up,1,0,10.0,7,0,balanced,0.731,0.717,0.856,0.687,0.717
fast_learner,33.7,0.16,2,0,0,2.1,speeding_up,0,1,9.8,7,0,balanced,0.875,0.899,0.807,0.801,0.769
fast_learner,37.6,0.151,1,0,0,2.1,speeding_up,1,1,10.0,7,0,balanced,0.962,0.646,0.968,0.694,0.793
fast_learner,36.5,0.191,0,0,0,2.1,speeding_up,0,0,8.8,7,0,balanced,1.0,0.592,0.867,0.765,0.868
fast_learner,36.6,0.087,0,0,0,1.8,speeding_up,1,0,9.1,7,0,balanced,0.995,0.566,0.822,0.656,0.685
fast_learner,33.2,0.133,0,0,0,2.0,speeding_up,1,0,10.0,7,0,balanced,0.744,0.622,0.846,0.677,0.62
fast_learner,31.3,0.137,1,0,0,3.3,speeding_up,2,1,9.0,7,0,balanced,0.795,0.622,0.693,0.615,0.572
fast_learner,31.6,0.171,1,0,0,2.2,speeding_up,4,0,8.8,7,0,balanced,0.906,0.508,0.813,0.769,0.821
fast_learner,35.8,0.17,1,0,0,1.2,speeding_up,0,1,10.0,7,0,balanced,0.814,0.663,0.807,0.717,0.715
fast_learner,36.1,0.075,0,0,0,2.6,speeding_up,0,1,9.5,7,0,balanced,0.829,0.469,0.52,0.626,0.656
fast_learner,49.7,0.128,0,0,0,2.0,speeding_up,3,0,9.2,7,0,balanced,0.892,0.527,0.812,0.665,0.764
fast_learner,38.3,0.105,0,0,0,4.0,speeding_up,0,0,9.5,7,0,balanced,0.91,0.595,0.706,0.617,0.632
fast_learner,26.8,0.167,0,0,0,2.9,speeding_up,1,0,9.8,7,0,balanced,0.785,0.783,0.828,0.714,0.753
fast_learner,33.3,0.1,0,0,0,2.7,speeding_up,2,0,8.8,7,0,balanced,0.743,0.629,0.814,0.56,0.876
fast_learner,36.5,0.128,0,0,0,2.0,speeding_up,1,0,9.1,7,0,balanced,0.953,0.621,0.87,0.773,0.767
fast_learner,26.8,0.146,1,0,0,3.1,speeding_up,0,1,8.4,7,0,balanced,0.799,0.69,0.712,0.693,0.406
fast_learner,23.5,0.133,0,0,0,2.2,speeding_up,0,0,9.0,7,0,balanced,0.392,0.591,0.835,0.43,0.862
fast_learner,25.8,0.154,0,0,0,2.4,speeding_up,2,0,8.7,7,0,balanced,0.908,0.667,0.956,0.731,0.777
fast_learner,33.2,0.142,0,0,0,2.6,speeding_up,5,0,8.6,7,0,balanced,0.971,0.709,0.831,0.744,0.519
fast_learner,33.4,0.204,0,0,0,2.6,speeding_up,2,0,9.9,7,0,balanced,0.687,0.674,0.857,0.626,0.489
fast_learner,23.7,0.169,0,0,0,2.4,speeding_up,1,1,8.7,7,0,balanced,0.968,0.71,0.744,0.774,0.691
fast_learner,35.7,0.118,0,0,0,0.8,speeding_up,0,0,9.2,7,0,balanced,0.918,0.762,0.814,0.718,0.722
fast_learner,26.1,0.15,1,0,0,2.9,speeding_up,1,0,9.6,7,0,balanced,0.894,0.773,0.953,0.729,0.7
fast_learner,27.3,0.125,1,0,0,1.6,speeding_up,0,1,9.2,7,0,balanced,0.986,0.861,0.967,0.755,0.596
fast_learner,29.0,0.055,1,0,0,2.3,speeding_up,0,1,9.6,7,0,balanced,0.935,0.71,0.862,0.784,0.655
fast_learner,24.6,0.153,0,0,0,3.2,speeding_up,1,1,9.0,7,0,balanced,0.934,0.605,0.519,0.674,0.697
fast_learner,41.0,0.094,0,0,0,3.0,speeding_up,0,0,9.6,7,0,balanced,0.95,0.463,0.83,0.672,0.565
fast_learner,31.7,0.138,0,0,0,2.9,speeding_up,3,0,9.4,7,0,balanced,0.912,0.488,0.821,0.633,0.653
fast_learner,34.0,0.124,1,0,0,2.6,speeding_up,0,0,8.3,7,0,balanced,0.985,0.623,0.648,0.753,0.67
fast_learner,32.2,0.109,0,0,0,3.2,speeding_up,1,1,10.0,7,0,balanced,0.922,0.816,0.958,0.784,0.418
fast_learner,46.5,0.112,2,0,0,2.1,speeding_up,4,0,8.2,7,0,balanced,0.969,0.787,0.834,0.866,0.72
fast_learner,36.5,0.094,1,0,0,1.7,speeding_up,2,0,9.8,7,0,balanced,0.987,0.791,0.767,0.788,0.858
fast_learner,24.7,0.166,0,0,0,2.6,speeding_up,3,2,9.8,7,0,balanced,0.907,0.787,0.814,0.758,0.528
fast_learner,31.5,0.145,0,0,0,2.2,speeding_up,1,0,9.0,7,0,balanced,0.834,0.562,0.953,0.696,0.685
fast_learner,38.7,0.168,1,0,0,3.0,speeding_up,2,1,9.8,7,0,balanced,0.963,0.399,0.834,0.675,0.738
fast_learner,34.6,0.112,0,0,0,2.5,speeding_up,1,1,8.9,7,0,balanced,0.968,0.618,0.977,0.816,0.566
fast_learner,27.6,0.181,0,0,0,2.4,speeding_up,1,0,8.9,7,0,balanced,0.958,0.635,0.843,0.743,0.845
fast_learner,25.7,0.145,0,0,0,1.9,speeding_up,4,0,8.6,7,0,balanced,0.948,0.521,0.766,0.738,0.55
fast_learner,30.1,0.177,1,0,0,2.5,speeding_up,0,1,9.9,7,0,balanced,0.747,0.477,0.936,0.648,0.86
fast_learner,28.5,0.159,0,0,0,1.1,speeding_up,2,0,9.2,7,0,balanced,0.792,0.612,0.746,0.666,0.717
fast_learner,35.6,0.159,0,0,0,2.0,speeding_up,2,0,9.6,7,0,balanced,0.829,0.602,0.675,0.67,0.855
fast_learner,35.2,0.137,1,0,0,3.4,speeding_up,0,0,9.0,7,0,balanced,0.983,0.635,0.863,0.713,0.815
fast_learner,33.0,0.117,0,0,0,3.0,speeding_up,1,1,9.0,7,0,balanced,0.955,0.491,0.708,0.714,0.335
fast_learner,33.8,0.117,1,0,0,2.8,speeding_up,3,0,9.2,7,0,balanced,0.72,0.526,0.895,0.489,0.785
fast_learner,31.8,0.078,0,0,0,2.0,speeding_up,2,1,9.1,7,0,balanced,0.96,0.581,0.929,0.743,0.725
fast_learner,30.1,0.159,0,0,0,3.0,speeding_up,1,1,9.1,7,0,balanced,0.734,0.495,0.915,0.62,0.9
fast_learner,41.5,0.139,1,0,0,2.5,speeding_up,1,1,10.0,7,0,balanced,0.997,0.61,0.731,0.806,0.919
fast_learner,36.1,0.109,0,0,0,3.4,speeding_up,1,0,9.4,7,0,balanced,0.881,0.694,0.742,0.714,0.835
fast_learner,37.8,0.159,0,0,0,2.1,speeding_up,0,2,9.3,7,0,balanced,0.834,0.369,0.93,0.665,0.717
fast_learner,36.2,0.181,1,0,0,2.7,speeding_up,3,1,8.8,7,0,balanced,0.854,0.419,0.716,0.68,0.582
fast_learner,27.1,0.171,1,0,0,2.5,speeding_up,1,0,8.6,7,0,balanced,0.892,0.495,0.951,0.602,0.808
fast_learner,35.7,0.105,1,0,0,3.0,speeding_up,3,0,9.1,7,0,balanced,0.859,0.892,0.626,0.713,0.526
fast_learner,35.1,0.118,0,0,0,2.7,speeding_up,1,0,8.8,7,0,balanced,0.931,0.693,0.648,0.67,0.62
fast_learner,28.1,0.109,1,0,0,2.4,speeding_up,3,0,9.4,7,0,balanced,0.951,0.369,0.875,0.707,0.739
fast_learner,26.4,0.145,0,0,0,2.5,speeding_up,0,1,7.9,7,0,balanced,0.927,0.499,0.943,0.628,0.77
fast_learner,35.5,0.177,0,0,0,1.4,speeding_up,1,1,9.2,7,0,balanced,0.933,0.358,0.874,0.638,0.835
fast_learner,32.3,0.183,0,0,0,2.9,speeding_up,1,0,9.1,7,0,balanced,0.965,0.756,0.793,0.78,0.741
fast_learner,41.6,0.123,0,0,0,2.8,speeding_up,2,0,8.9,7,0,balanced,0.814,0.67,0.871,0.601,0.563
fast_learner,32.1,0.111,0,0,0,3.2,speeding_up,2,0,8.8,7,0,balanced,0.849,0.399,0.731,0.567,0.839
fast_learner,34.1,0.157,0,0,0,2.2,speeding_up,1,0,9.2,7,0,balanced,0.898,0.694,0.819,0.672,0.894
fast_learner,27.1,0.066,1,0,0,2.0,speeding_up,0,0,9.0,7,0,balanced,0.775,0.501,0.917,0.598,0.863
fast_learner,25.1,0.086,0,0,0,3.5,speeding_up,1,1,7.8,7,0,balanced,0.739,0.306,0.954,0.573,0.677
fast_learner,36.0,0.08,0,0,0,2.2,speeding_up,1,0,9.1,7,0,balanced,0.958,0.477,0.7,0.708,0.688
fast_learner,33.3,0.117,0,0,0,3.9,speeding_up,0,0,9.6,7,0,balanced,0.937,0.393,0.828,0.593,0.616
fast_learner,39.8,0.156,0,0,0,1.9,speeding_up,2,0,9.4,7,0,balanced,0.995,0.489,0.915,0.698,0.739
fast_learner,32.3,0.14,0,0,0,2.6,speeding_up,2,0,8.8,7,0,balanced,0.684,0.515,0.646,0.572,0.557
fast_learner,31.5,0.117,0,0,0,2.3,speeding_up,0,0,9.5,7,0,balanced,0.514,0.537,0.698,0.588,0.813
fast_learner,34.1,0.141,0,0,0,3.6,speeding_up,1,0,8.8,7,0,balanced,0.875,0.633,0.836,0.73,0.761
fast_learner,33.1,0.197,0,0,0,2.1,speeding_up,0,0,9.6,7,0,balanced,0.991,0.543,0.831,0.639,0.683
fast_learner,32.5,0.078,0,0,0,2.8,speeding_up,1,0,10.0,7,0,balanced,0.906,0.656,0.839,0.788,0.677
fast_learner,40.2,0.1,0,0,0,3.7,speeding_up,1,0,8.7,7,0,balanced,0.844,0.411,0.623,0.693,0.579
fast_learner,27.9,0.171,0,0,0,2.5,speeding_up,0,0,9.1,7,0,balanced,0.852,0.897,0.657,0.764,0.482
fast_learner,38.7,0.177,1,0,0,2.4,speeding_up,1,0,8.8,7,0,balanced,0.974,0.265,0.713,0.603,0.456
fast_learner,27.0,0.15,0,0,0,3.3,speeding_up,3,0,8.8,7,0,balanced,0.954,0.787,0.519,0.862,0.615
fast_learner,32.2,0.139,2,0,0,3.0,speeding_up,1,1,9.8,7,0,balanced,0.958,0.644,0.902,0.649,0.851
fast_learner,35.1,0.153,1,0,0,2.0,speeding_up,0,0,9.0,7,0,balanced,0.96,0.812,0.927,0.877,0.615
fast_learner,34.4,0.153,1,0,0,2.4,speeding_up,3,0,9.5,7,0,balanced,0.879,0.396,0.905,0.584,0.834
fast_learner,27.1,0.16,0,0,0,3.0,speeding_up,5,2,9.7,7,0,balanced,0.986,0.818,0.615,0.841,0.668
fast_learner,32.0,0.104,0,0,0,2.8,speeding_up,4,0,9.1,7,0,balanced,0.845,0.609,0.674,0.726,0.663
fast_learner,32.1,0.08,2,0,0,1.9,speeding_up,4,0,9.3,7,0,balanced,0.965,0.833,0.798,0.819,0.834
fast_learner,32.6,0.209,0,0,0,2.1,speeding_up,1,0,8.5,7,0,balanced,0.989,0.72,0.767,0.725,0.841
fast_learner,28.5,0.186,0,0,0,2.0,speeding_up,0,0,10.0,7,0,balanced,0.835,0.671,0.876,0.759,0.694
fast_learner,30.1,0.024,0,0,0,3.1,speeding_up,2,1,9.0,7,0,balanced,0.971,0.41,0.841,0.594,0.503
fast_learner,35.9,0.086,0,0,0,3.2,speeding_up,2,0,9.3,7,0,balanced,0.953,0.783,0.809,0.789,0.833
fast_learner,31.8,0.129,0,0,0,1.2,speeding_up,0,0,9.1,7,0,balanced,0.989,0.714,0.909,0.762,0.683
fast_learner,29.5,0.137,0,0,0,0.8,speeding_up,1,0,9.9,7,0,balanced,0.941,0.819,0.682,0.742,0.843
fast_learner,37.2,0.136,0,0,0,2.7,speeding_up,5,0,9.6,7,0,balanced,0.657,0.561,0.497,0.526,0.749
fast_learner,29.7,0.177,0,0,0,3.0,speeding_up,1,0,9.0,7,0,balanced,0.856,0.579,0.814,0.733,0.667
fast_learner,31.7,0.161,1,0,0,2.7,speeding_up,1,1,8.9,7,0,balanced,0.963,0.388,0.688,0.629,0.849
fast_learner,37.4,0.131,0,0,0,2.1,speeding_up,3,0,8.4,7,0,balanced,0.894,0.49,0.829,0.691,0.844
fast_learner,35.4,0.143,1,0,0,1.8,speeding_up,0,1,9.3,7,0,balanced,0.756,0.835,0.913,0.756,0.65
fast_learner,26.8,0.13,2,0,0,2.8,speeding_up,1,0,8.5,7,0,balanced,0.977,0.828,0.864,0.776,0.651
fast_learner,29.2,0.173,0,0,0,1.9,speeding_up,0,0,9.0,7,0,balanced,0.836,0.376,0.662,0.586,0.856
fast_learner,24.5,0.143,0,0,0,2.1,speeding_up,2,0,9.7,7,0,balanced,0.93,0.733,0.934,0.747,0.694
fast_learner,29.7,0.178,0,0,0,2.6,speeding_up,2,0,9.3,7,0,balanced,0.957,0.862,0.824,0.816,0.286
fast_learner,28.0,0.126,0,0,0,1.6,speeding_up,1,0,9.3,7,0,balanced,0.74,0.639,0.696,0.626,0.692
fast_learner,33.4,0.121,0,0,0,1.3,speeding_up,2,0,8.9,7,0,balanced,0.876,0.654,0.687,0.742,0.845
fast_learner,28.2,0.118,0,0,0,2.7,speeding_up,0,0,9.4,7,0,balanced,0.778,0.825,0.739,0.749,0.649
fast_learner,28.4,0.052,0,0,0,1.8,speeding_up,0,0,9.7,7,0,balanced,0.746,0.566,0.703,0.749,0.672
fast_learner,36.9,0.022,0,0,0,3.0,speeding_up,0,0,9.0,7,0,balanced,0.945,0.729,0.748,0.729,0.668
fast_learner,35.3,0.214,1,0,0,2.5,speeding_up,1,1,9.1,7,0,balanced,0.896,0.532,0.884,0.622,0.678
fast_learner,41.8,0.113,1,0,0,2.5,speeding_up,1,1,9.0,7,0,balanced,0.811,0.594,0.808,0.726,0.827
fast_learner,32.2,0.165,1,0,0,2.7,speeding_up,0,0,8.9,7,0,balanced,0.881,0.527,0.527,0.706,0.888
fast_learner,37.3,0.109,1,0,0,2.9,speeding_up,1,0,9.2,7,0,balanced,0.972,0.808,0.799,0.867,0.84
fast_learner,31.7,0.126,0,0,0,3.5,speeding_up,1,1,9.0,7,0,balanced,0.866,0.606,0.643,0.683,0.582
fast_learner,37.9,0.095,1,0,0,2.2,speeding_up,1,1,9.0,7,0,balanced,0.801,0.695,0.787,0.719,0.792
fast_learner,31.4,0.169,1,0,0,2.4,speeding_up,1,0,9.7,7,0,balanced,0.944,0.834,0.876,0.79,0.911
fast_learner,29.6,0.135,0,0,0,2.4,speeding_up,1,0,9.9,7,0,balanced,0.794,0.64,0.89,0.678,0.676
fast_learner,30.7,0.149,1,0,0,2.1,speeding_up,0,0,9.7,7,0,balanced,0.833,0.807,0.862,0.794,0.619
fast_learner,28.0,0.106,0,0,0,2.0,speeding_up,2,0,8.5,7,0,balanced,0.78,0.766,0.871,0.754,0.723
fast_learner,33.1,0.115,2,0,0,2.6,speeding_up,1,1,10.0,7,0,balanced,0.919,0.496,0.629,0.674,0.778
fast_learner,30.2,0.168,0,0,0,3.3,speeding_up,1,1,9.9,7,0,balanced,0.908,0.43,0.698,0.608,0.635
fast_learner,31.5,0.232,0,0,0,3.3,speeding_up,2,1,9.3,7,0,balanced,0.859,0.679,0.922,0.785,0.881
fast_learner,27.1,0.177,2,0,0,1.0,speeding_up,0,0,9.2,7,0,balanced,0.882,0.636,0.883,0.778,0.734
fast_learner,41.4,0.198,2,0,0,2.3,speeding_up,1,3,9.9,7,0,balanced,0.91,0.572,0.787,0.646,0.654
fast_learner,27.9,0.147,0,0,0,2.9,speeding_up,0,0,9.9,7,0,balanced,0.997,0.553,0.655,0.784,0.856
fast_learner,35.5,0.159,0,0,0,1.9,speeding_up,3,1,9.2,7,0,balanced,0.975,0.75,0.93,0.789,0.762
fast_learner,31.2,0.141,1,0,0,2.8,speeding_up,0,0,9.7,7,0,balanced,0.877,0.493,0.538,0.602,0.319
fast_learner,30.4,0.167,0,0,0,3.3,speeding_up,0,0,8.7,7,0,balanced,0.694,0.381,0.98,0.578,0.747
fast_learner,44.4,0.236,2,0,0,2.2,speeding_up,0,0,8.7,7,0,balanced,0.962,0.502,0.855,0.709,0.812
fast_learner,23.7,0.05,1,0,0,3.2,speeding_up,1,1,8.8,7,0,balanced,0.884,0.737,0.861,0.693,0.625
fast_learner,29.1,0.123,0,0,0,3.2,speeding_up,2,0,8.9,7,0,balanced,0.9,0.462,0.809,0.6,0.645
fast_learner,31.8,0.121,0,0,0,1.7,speeding_up,0,1,8.9,7,0,balanced,0.89,0.589,0.845,0.761,0.635
fast_learner,41.1,0.161,0,0,0,1.7,speeding_up,0,1,9.8,7,0,balanced,0.922,0.671,0.844,0.749,0.733
fast_learner,30.5,0.243,1,0,0,2.7,speeding_up,2,1,9.4,7,0,balanced,0.93,0.672,0.922,0.827,0.651
fast_learner,32.0,0.126,0,0,0,1.3,speeding_up,1,0,9.4,7,0,balanced,0.914,0.596,0.591,0.673,0.785
fast_learner,27.5,0.182,2,0,0,3.2,speeding_up,1,0,8.2,7,0,balanced,0.947,0.676,0.438,0.77,0.881
fast_learner,37.0,0.192,1,0,0,2.9,speeding_up,2,0,9.5,7,0,balanced,0.731,0.463,0.546,0.597,0.734
fast_learner,23.9,0.082,0,0,0,1.5,speeding_up,1,0,9.0,7,0,balanced,0.863,0.909,0.66,0.848,0.729
fast_learner,27.3,0.171,0,0,0,2.6,speeding_up,0,0,8.6,7,0,balanced,0.782,0.38,0.857,0.581,0.483
fast_learner,41.5,0.163,0,0,0,2.2,speeding_up,0,1,8.6,7,0,balanced,0.812,0.567,0.924,0.639,0.49
fast_learner,33.0,0.131,0,0,0,2.7,speeding_up,1,1,9.6,7,0,balanced,0.96,0.648,0.86,0.797,0.743
fast_learner,32.0,0.072,0,0,0,3.3,speeding_up,3,1,9.3,7,0,balanced,0.942,0.698,0.8,0.753,0.797
fast_learner,37.0,0.092,1,0,0,3.0,speeding_up,2,0,8.0,7,0,balanced,0.944,0.748,0.785,0.771,0.832
fast_learner,33.0,0.057,0,0,0,1.3,speeding_up,1,0,9.2,7,0,balanced,0.979,0.633,0.923,0.728,0.77
fast_learner,30.0,0.216,1,0,0,2.8,speeding_up,2,0,8.7,7,0,balanced,0.872,0.431,0.945,0.552,0.955
fast_learner,33.9,0.073,0,0,0,3.3,speeding_up,1,1,10.0,7,0,balanced,0.925,0.784,0.811,0.79,0.859
fast_learner,29.7,0.176,0,0,0,2.0,speeding_up,1,0,9.7,7,0,balanced,0.694,0.833,0.494,0.789,0.796
fast_learner,27.0,0.08,0,0,0,2.5,speeding_up,5,1,7.7,7,0,balanced,0.796,0.651,0.939,0.647,0.454
fast_learner,41.2,0.097,0,0,0,2.8,speeding_up,3,1,9.5,7,0,balanced,0.906,0.758,0.855,0.731,0.665
fast_learner,38.3,0.154,0,0,0,3.2,speeding_up,1,0,9.1,7,0,balanced,0.912,0.557,0.779,0.726,0.576
fast_learner,27.6,0.212,3,0,0,2.2,speeding_up,1,0,9.1,7,0,balanced,0.899,0.428,0.99,0.697,0.798
fast_learner,29.4,0.17,1,0,0,2.0,speeding_up,1,0,9.3,7,0,balanced,0.898,0.458,0.665,0.673,0.602
fast_learner,27.7,0.128,1,0,0,2.6,speeding_up,4,1,8.9,7,0,balanced,0.633,0.606,0.65,0.58,0.777
fast_learner,31.1,0.089,0,0,0,3.1,speeding_up,5,0,9.0,7,0,balanced,0.722,0.791,0.856,0.644,0.763
fast_learner,27.5,0.147,0,0,0,1.6,speeding_up,0,1,9.5,7,0,balanced,0.949,0.377,0.592,0.655,0.457
fast_learner,25.4,0.09,0,0,0,3.3,speeding_up,0,0,8.9,7,0,balanced,0.965,0.726,0.672,0.791,0.512
fast_learner,38.3,0.11,1,0,0,2.9,speeding_up,3,0,8.6,7,0,balanced,0.887,0.841,0.742,0.767,0.596
fast_learner,28.6,0.118,1,0,0,2.3,speeding_up,1,0,9.8,7,0,balanced,0.597,0.721,0.893,0.739,0.671
fast_learner,41.0,0.209,0,0,0,2.4,speeding_up,0,1,9.0,7,0,balanced,0.897,0.68,0.893,0.673,0.93
fast_learner,45.2,0.234,0,0,0,2.0,speeding_up,0,1,9.4,7,0,balanced,0.615,0.682,0.548,0.668,0.787
fast_learner,19.4,0.093,0,0,0,1.9,speeding_up,1,0,9.0,7,0,balanced,0.792,0.477,0.908,0.576,0.663
fast_learner,37.5,0.136,0,0,0,2.7,speeding_up,1,1,9.9,7,0,balanced,0.725,0.683,0.985,0.8,0.852
fast_learner,43.0,0.16,0,0,0,2.8,speeding_up,0,1,9.3,7,0,balanced,0.698,0.748,0.933,0.683,0.642
fast_learner,30.7,0.132,0,0,0,2.6,speeding_up,0,0,10.0,7,0,balanced,0.939,0.64,0.95,0.788,0.86
fast_learner,33.2,0.2,0,0,0,2.6,speeding_up,1,0,9.7,7,0,balanced,0.971,0.837,0.526,0.805,0.561
fast_learner,34.5,0.091,2,0,0,2.4,speeding_up,3,0,8.6,7,0,balanced,0.995,0.673,0.833,0.707,0.637
fast_learner,32.1,0.197,0,0,0,1.7,speeding_up,3,0,8.6,7,0,balanced,0.998,0.438,0.945,0.697,0.712
fast_learner,29.0,0.131,1,0,0,2.7,speeding_up,3,0,9.2,7,0,balanced,0.965,0.709,0.783,0.749,0.839
fast_learner,40.6,0.161,0,0,0,2.2,speeding_up,1,0,9.5,7,0,balanced,0.882,0.492,0.576,0.543,0.613
fast_learner,36.8,0.189,0,0,0,2.6,speeding_up,0,0,8.7,7,0,balanced,0.933,0.449,0.913,0.685,0.412
fast_learner,36.7,0.17,0,0,0,1.5,speeding_up,2,1,8.9,7,0,balanced,0.722,0.871,0.799,0.738,0.771
fast_learner,41.6,0.174,1,0,0,2.1,speeding_up,0,0,8.5,7,0,balanced,0.93,0.644,0.944,0.703,0.721
fast_learner,23.8,0.121,0,0,0,2.6,speeding_up,2,0,8.8,7,0,balanced,0.93,0.639,0.731,0.687,0.285
fast_learner,32.3,0.195,1,0,0,2.8,speeding_up,1,0,8.8,7,0,balanced,0.859,0.811,0.793,0.736,0.791
fast_learner,34.3,0.124,0,0,0,2.3,speeding_up,1,0,9.7,7,0,balanced,0.985,0.777,0.934,0.845,0.624
fast_learner,38.8,0.152,0,0,0,2.9,speeding_up,0,1,9.8,7,0,balanced,0.814,0.605,0.935,0.681,0.761
fast_learner,32.3,0.194,1,0,0,3.1,speeding_up,0,1,8.7,7,0,balanced,0.832,0.529,0.726,0.621,0.811
fast_learner,33.0,0.095,2,0,0,3.1,speeding_up,1,0,10.0,7,0,balanced,0.973,0.415,0.886,0.625,0.848
fast_learner,35.5,0.162,1,0,0,2.7,speeding_up,0,0,9.0,7,0,balanced,0.668,0.8,0.877,0.736,0.856
fast_learner,35.8,0.127,0,0,0,2.2,speeding_up,1,0,7.9,7,0,balanced,0.684,0.575,0.712,0.552,0.687
fast_learner,29.3,0.068,0,0,0,2.1,speeding_up,1,1,8.2,7,0,balanced,0.842,0.633,0.893,0.728,0.523
fast_learner,35.5,0.16,0,0,0,1.3,speeding_up,0,0,10.0,7,0,balanced,0.602,0.575,0.854,0.545,0.789
fast_learner,31.6,0.106,0,0,0,1.9,speeding_up,0,0,10.0,7,0,balanced,0.807,0.73,0.964,0.624,0.482
fast_learner,36.0,0.192,0,0,0,3.3,speeding_up,3,1,9.1,7,0,balanced,0.985,0.671,0.835,0.797,0.648
fast_learner,24.1,0.07,1,0,0,2.1,speeding_up,0,0,9.4,7,0,balanced,0.888,0.523,0.897,0.701,0.679
fast_learner,35.6,0.18,1,0,0,3.9,speeding_up,3,1,9.1,7,0,balanced,0.914,0.696,0.507,0.663,0.755
fast_learner,33.1,0.119,1,0,0,2.6,speeding_up,1,0,8.5,7,0,balanced,0.918,0.577,0.626,0.71,0.573
fast_learner,32.7,0.104,1,0,0,2.3,speeding_up,0,0,9.7,7,0,balanced,0.985,0.544,0.898,0.708,0.717
fast_learner,41.8,0.166,0,0,0,2.9,speeding_up,2,0,7.9,7,0,balanced,0.935,0.553,0.697,0.628,0.672
fast_learner,25.6,0.198,1,0,0,2.4,speeding_up,2,0,9.3,7,0,balanced,0.99,0.579,0.88,0.745,0.701
fast_learner,34.8,0.204,1,0,0,2.7,speeding_up,2,0,9.0,7,0,balanced,0.959,0.39,0.832,0.664,0.61
fast_learner,29.4,0.175,1,0,0,3.5,speeding_up,0,0,9.7,7,0,balanced,0.795,0.778,0.824,0.695,0.652
fast_learner,26.8,0.174,0,0,0,2.3,speeding_up,2,1,8.9,7,0,balanced,0.84,0.679,0.883,0.661,0.664
fast_learner,31.8,0.173,0,0,0,2.2,speeding_up,1,1,9.4,7,0,balanced,0.887,0.684,0.798,0.722,0.824
fast_learner,31.7,0.107,0,0,0,3.7,speeding_up,2,1,8.9,7,0,balanced,0.693,0.737,0.84,0.607,0.663
fast_learner,29.7,0.138,0,0,0,1.6,speeding_up,0,0,8.7,7,0,balanced,0.843,0.313,0.872,0.497,0.81
fast_learner,32.6,0.161,0,0,0,2.1,speeding_up,1,0,8.7,7,0,balanced,0.957,0.654,0.916,0.728,0.725
fast_learner,35.1,0.103,1,0,0,2.0,speeding_up,2,0,7.5,7,0,balanced,0.928,0.728,0.8,0.803,0.627
fast_learner,34.7,0.128,0,0,0,3.9,speeding_up,0,2,9.5,7,0,balanced,0.865,0.786,0.752,0.659,0.455
fast_learner,34.0,0.131,1,0,0,3.2,speeding_up,0,1,9.5,7,0,balanced,0.972,0.73,0.597,0.737,0.789
fast_learner,34.1,0.1,0,0,0,3.2,speeding_up,1,0,9.3,7,0,balanced,0.895,0.624,0.768,0.715,0.753
fast_learner,34.1,0.129,0,0,0,0.8,speeding_up,0,0,8.7,7,0,balanced,0.937,0.795,0.919,0.902,0.765
fast_learner,35.1,0.164,0,0,0,3.2,speeding_up,2,0,8.7,7,0,balanced,0.69,0.329,0.749,0.564,0.663
fast_learner,21.8,0.185,0,0,0,2.1,speeding_up,2,0,9.6,7,0,balanced,0.976,0.946,0.668,0.792,0.309
fast_learner,30.8,0.203,0,0,0,2.8,speeding_up,1,1,8.6,7,0,balanced,0.842,0.659,0.877,0.66,0.735
fast_learner,33.3,0.141,0,0,0,3.0,speeding_up,0,1,8.8,7,0,balanced,0.932,0.46,0.839,0.554,0.607
fast_learner,34.9,0.082,2,0,0,2.9,speeding_up,0,0,8.6,7,0,balanced,0.929,0.634,0.881,0.777,0.816
fast_learner,15.7,0.165,0,0,0,3.2,speeding_up,1,1,9.5,7,0,balanced,0.921,0.487,0.784,0.562,0.571
fast_learner,37.0,0.091,0,0,0,2.4,speeding_up,1,0,10.0,7,0,balanced,0.977,0.628,0.669,0.813,0.487
fast_learner,26.9,0.155,2,0,0,2.0,speeding_up,1,0,9.3,7,0,balanced,0.775,0.677,0.819,0.664,0.815
fast_learner,34.5,0.119,1,0,0,3.2,speeding_up,2,1,9.1,7,0,balanced,0.978,0.56,0.941,0.655,0.536
fast_learner,37.6,0.034,0,0,0,1.4,speeding_up,1,0,9.2,7,0,balanced,0.602,0.75,0.829,0.706,0.651
fast_learner,37.0,0.135,0,0,0,2.6,speeding_up,2,0,8.9,7,0,balanced,0.912,0.695,0.637,0.784,0.508
fast_learner,27.2,0.155,0,0,0,2.4,speeding_up,0,0,9.5,7,0,balanced,0.843,0.653,0.867,0.759,0.641
fast_learner,35.3,0.126,0,0,0,2.7,speeding_up,2,0,8.8,7,0,balanced,0.865,0.468,0.675,0.646,0.326
fast_learner,24.3,0.131,0,0,0,1.3,speeding_up,2,0,7.6,7,0,balanced,0.951,0.747,0.786,0.784,0.786
fast_learner,43.7,0.122,2,0,0,2.5,speeding_up,0,0,9.0,7,0,balanced,0.942,0.718,0.641,0.798,0.791
fast_learner,25.5,0.201,1,0,0,0.8,speeding_up,0,0,8.1,7,0,balanced,0.93,0.787,0.86,0.86,0.929
fast_learner,27.7,0.098,1,0,0,1.2,speeding_up,1,1,8.3,7,0,balanced,0.948,0.654,0.583,0.877,0.124
fast_learner,28.3,0.143,1,0,0,3.8,speeding_up,0,0,9.6,7,0,balanced,0.725,0.861,0.97,0.801,0.671
fast_learner,36.7,0.041,0,0,0,3.3,speeding_up,0,0,8.1,7,0,balanced,0.922,0.683,0.885,0.727,0.552
fast_learner,31.3,0.191,0,0,0,2.8,speeding_up,0,0,9.0,7,0,balanced,0.927,0.521,0.817,0.554,0.591
fast_learner,26.0,0.198,1,0,0,3.2,speeding_up,2,0,10.0,7,0,balanced,0.792,0.672,0.755,0.739,0.871
fast_learner,27.2,0.168,0,0,0,3.1,speeding_up,3,1,8.8,7,0,balanced,0.899,0.451,0.936,0.674,0.776
fast_learner,28.5,0.043,0,0,0,2.3,speeding_up,2,0,8.6,7,0,balanced,0.964,0.839,0.836,0.866,0.789
fast_learner,29.6,0.143,1,0,0,1.9,speeding_up,1,0,9.1,7,0,balanced,0.977,0.441,0.679,0.661,0.928
fast_learner,40.3,0.081,0,0,0,2.1,speeding_up,0,0,9.7,7,0,balanced,0.8,0.643,0.92,0.707,0.691
fast_learner,30.4,0.149,1,0,0,3.6,speeding_up,0,1,8.7,7,0,balanced,0.534,0.874,0.797,0.677,0.832
fast_learner,34.4,0.114,0,0,0,1.6,speeding_up,0,0,9.5,7,0,balanced,0.956,0.432,0.815,0.587,0.557
fast_learner,33.8,0.123,1,0,0,1.1,speeding_up,1,0,8.6,7,0,balanced,0.994,0.528,0.897,0.756,0.589
fast_learner,25.7,0.086,1,0,0,2.1,speeding_up,0,0,9.0,7,0,balanced,0.786,0.396,0.762,0.584,0.883
fast_learner,38.9,0.1,1,0,0,2.2,speeding_up,0,0,9.3,7,0,balanced,0.701,0.654,0.858,0.623,0.639
fast_learner,28.8,0.127,1,0,0,2.3,speeding_up,0,0,10.0,7,0,balanced,0.806,0.62,0.897,0.664,0.705
fast_learner,31.8,0.116,1,0,0,2.8,speeding_up,1,1,8.6,7,0,balanced,0.692,0.583,0.823,0.562,0.571
fast_learner,35.7,0.057,0,0,0,2.9,speeding_up,1,0,7.9,7,0,balanced,0.831,0.628,0.875,0.614,0.889
fast_learner,39.0,0.123,1,0,0,3.7,speeding_up,5,1,8.6,7,0,balanced,0.956,0.491,0.705,0.647,0.726
fast_learner,29.7,0.147,0,0,0,3.0,speeding_up,1,0,9.5,7,0,balanced,0.902,0.779,0.854,0.92,0.774
fast_learner,24.5,0.099,0,0,0,2.9,speeding_up,0,0,9.1,7,0,balanced,0.92,0.506,0.665,0.692,0.925
fast_learner,34.2,0.119,1,0,0,3.4,speeding_up,0,0,8.5,7,0,balanced,0.709,0.765,0.853,0.659,0.633
fast_learner,38.9,0.173,2,0,0,1.9,speeding_up,0,0,10.0,7,0,balanced,0.922,0.794,0.963,0.778,0.633
fast_learner,25.4,0.157,1,0,0,1.4,speeding_up,0,1,8.8,7,0,balanced,0.867,0.383,0.886,0.563,0.717
fast_learner,29.5,0.127,0,0,0,2.4,speeding_up,2,1,9.9,7,0,balanced,0.856,0.836,0.876,0.816,0.834
fast_learner,24.1,0.128,1,0,0,2.3,speeding_up,2,1,8.9,7,0,balanced,0.923,0.625,0.674,0.782,0.771
fast_learner,33.5,0.196,0,0,0,3.3,speeding_up,0,1,10.0,7,0,balanced,0.89,0.765,0.885,0.756,0.82
fast_learner,25.3,0.165,0,0,0,3.4,speeding_up,2,0,8.8,7,0,balanced,0.968,0.67,0.676,0.654,0.523
fast_learner,28.2,0.105,2,0,0,1.8,speeding_up,1,0,10.0,7,0,balanced,0.875,0.588,0.592,0.727,0.97
fast_learner,32.7,0.126,0,0,0,2.9,speeding_up,0,1,8.4,7,0,balanced,0.952,0.522,0.912,0.698,0.798
fast_learner,32.2,0.155,0,0,0,2.2,speeding_up,0,0,9.5,7,0,balanced,0.958,0.705,0.887,0.766,0.627
fast_learner,34.6,0.132,0,0,0,3.2,speeding_up,0,0,9.5,7,0,balanced,0.933,0.603,0.872,0.66,0.822
fast_learner,30.5,0.142,2,0,0,1.9,speeding_up,2,0,8.9,7,0,balanced,0.863,0.672,0.769,0.67,0.806
fast_learner,23.9,0.088,0,0,0,2.8,speeding_up,0,0,9.3,7,0,balanced,0.933,0.798,0.861,0.817,0.851
fast_learner,43.6,0.097,0,0,0,0.7,speeding_up,0,2,8.6,7,0,balanced,0.875,0.771,0.773,0.78,0.541
fast_learner,34.5,0.176,1,0,0,2.0,speeding_up,4,0,8.4,7,0,balanced,0.9,0.844,0.759,0.785,0.803
fast_learner,33.7,0.103,2,0,0,2.3,speeding_up,2,0,9.3,7,0,balanced,0.792,0.645,0.66,0.681,0.809
fast_learner,24.0,0.156,0,0,0,3.0,speeding_up,0,1,9.1,7,0,balanced,0.873,0.734,0.768,0.76,0.468
fast_learner,36.1,0.153,0,0,0,2.9,speeding_up,3,0,9.8,7,0,balanced,0.986,0.85,0.864,0.898,0.632
fast_learner,32.5,0.116,1,0,0,2.3,speeding_up,2,0,9.5,7,0,balanced,0.998,0.709,0.736,0.663,0.602
fast_learner,22.7,0.138,0,0,0,3.4,speeding_up,0,1,8.9,7,0,balanced,0.646,0.785,0.83,0.76,0.663
fast_learner,30.3,0.176,1,0,0,3.3,speeding_up,2,1,8.8,7,0,balanced,0.927,0.841,0.845,0.766,0.818
fast_learner,40.5,0.132,0,0,0,2.9,speeding_up,1,0,8.4,7,0,balanced,0.889,0.744,0.766,0.795,0.592
fast_learner,33.7,0.118,0,0,0,2.6,speeding_up,3,0,9.2,7,0,balanced,0.91,0.791,0.903,0.705,0.53
fast_learner,44.7,0.158,1,0,0,2.9,speeding_up,0,2,9.7,7,0,balanced,0.83,0.832,0.58,0.79,0.717
fast_learner,26.4,0.224,1,0,0,2.4,speeding_up,1,0,9.7,7,0,balanced,0.754,0.62,0.671,0.638,0.926
fast_learner,32.4,0.143,1,0,0,2.8,speeding_up,1,0,9.8,7,0,balanced,0.896,0.502,0.796,0.613,0.963
fast_learner,34.2,0.118,0,0,0,1.6,speeding_up,0,1,9.2,7,0,balanced,0.834,0.808,0.92,0.778,0.774
fast_learner,37.8,0.06,0,0,0,1.3,speeding_up,1,0,9.6,7,0,balanced,0.964,0.825,0.838,0.802,0.555
fast_learner,37.8,0.195,0,0,0,2.4,speeding_up,0,0,7.8,7,0,balanced,0.739,0.665,0.889,0.69,0.841
fast_learner,32.2,0.11,0,0,0,3.5,speeding_up,1,0,9.2,7,0,balanced,0.987,0.923,0.882,0.916,0.677
fast_learner,33.7,0.153,1,0,0,3.3,speeding_up,0,0,8.0,7,0,balanced,0.865,0.353,0.686,0.573,0.436
fast_learner,27.4,0.145,1,0,0,2.6,speeding_up,2,1,7.7,7,0,balanced,0.968,0.729,0.949,0.85,0.742
fast_learner,22.0,0.134,2,0,0,2.4,speeding_up,0,0,9.1,7,0,balanced,0.498,0.666,0.885,0.538,0.449
fast_learner,41.3,0.158,0,0,0,2.5,speeding_up,3,0,9.6,7,0,balanced,0.898,0.371,0.901,0.62,0.821
fast_learner,32.7,0.202,0,0,0,2.2,speeding_up,1,1,7.5,7,0,balanced,0.81,0.611,0.936,0.705,0.925
fast_learner,31.2,0.156,2,0,0,3.0,speeding_up,1,0,8.7,7,0,balanced,0.71,0.642,0.84,0.602,0.693
fast_learner,38.2,0.238,0,0,0,2.6,speeding_up,1,1,9.3,7,0,balanced,0.976,0.452,0.765,0.725,0.597
fast_learner,47.1,0.192,0,0,0,2.6,speeding_up,1,0,9.3,7,0,balanced,0.97,0.606,0.82,0.675,0.569
fast_learner,30.2,0.175,1,0,0,3.0,speeding_up,0,0,9.8,7,0,balanced,0.853,0.64,0.959,0.752,0.945
fast_learner,30.4,0.123,0,0,0,4.0,speeding_up,2,0,8.8,7,0,balanced,0.9,0.761,0.511,0.855,0.755
fast_learner,28.4,0.14,1,0,0,3.6,speeding_up,0,0,9.2,7,0,balanced,0.973,0.362,0.937,0.65,0.792
fast_learner,36.4,0.16,1,0,0,1.8,speeding_up,0,0,10.0,7,0,balanced,0.991,0.424,0.821,0.647,0.754
fast_learner,27.4,0.087,1,0,0,2.7,speeding_up,4,0,8.3,7,0,balanced,0.713,0.553,0.764,0.519,0.815
fast_learner,31.3,0.202,0,0,0,2.4,speeding_up,2,0,9.4,7,0,balanced,0.884,0.9,0.907,0.831,0.764
fast_learner,30.0,0.157,0,0,0,2.7,speeding_up,1,0,9.7,7,0,balanced,0.966,0.52,0.812,0.736,0.66
fast_learner,20.3,0.094,0,0,0,2.9,speeding_up,1,1,9.0,7,0,balanced,0.749,0.545,0.525,0.601,0.549
fast_learner,31.8,0.123,1,0,0,2.8,speeding_up,2,0,8.6,7,0,balanced,0.863,0.263,0.814,0.584,0.685
fast_learner,28.2,0.184,1,0,0,2.1,speeding_up,1,0,8.7,7,0,balanced,0.822,0.48,0.97,0.614,0.77
fast_learner,26.8,0.088,2,0,0,2.3,speeding_up,0,1,10.0,7,0,balanced,0.968,0.754,0.758,0.837,0.668
fast_learner,37.6,0.122,0,0,0,1.8,speeding_up,3,0,9.2,7,0,balanced,0.831,0.637,0.791,0.747,0.881
fast_learner,41.1,0.088,2,0,0,1.8,speeding_up,1,1,7.9,7,0,balanced,0.727,0.512,0.58,0.633,0.813
fast_learner,33.0,0.055,0,0,0,2.9,speeding_up,1,0,10.0,7,0,balanced,0.994,0.394,0.866,0.645,0.726
fast_learner,22.1,0.214,0,0,0,2.8,speeding_up,3,1,8.3,7,0,balanced,0.869,0.466,0.826,0.592,0.74
fast_learner,29.8,0.104,0,0,0,2.8,speeding_up,2,0,8.6,7,0,balanced,0.972,0.78,0.863,0.723,0.632
fast_learner,34.7,0.145,1,0,0,2.0,speeding_up,5,0,7.9,7,0,balanced,0.972,0.698,0.82,0.702,0.697
fast_learner,32.2,0.139,0,0,0,2.4,speeding_up,2,0,9.4,7,0,balanced,0.984,0.488,0.878,0.656,0.582
fast_learner,33.6,0.174,0,0,0,1.5,speeding_up,0,0,9.6,7,0,balanced,0.764,0.764,0.793,0.718,0.644
fast_learner,36.3,0.059,1,0,0,2.7,speeding_up,3,0,8.6,7,0,balanced,0.906,0.738,0.881,0.773,0.754
fast_learner,26.0,0.158,1,0,0,1.8,speeding_up,0,0,9.0,7,0,balanced,0.943,0.728,0.711,0.797,0.911
fast_learner,26.3,0.088,1,0,0,3.0,speeding_up,1,0,9.4,7,0,balanced,0.746,0.482,0.981,0.58,0.477
fast_learner,22.9,0.154,1,0,0,2.1,speeding_up,1,0,9.9,7,0,balanced,0.749,0.848,0.828,0.676,0.735
fast_learner,32.6,0.091,2,0,0,3.2,speeding_up,0,0,8.4,7,0,balanced,0.861,0.687,0.695,0.808,0.644
fast_learner,41.7,0.181,0,0,0,2.5,speeding_up,2,0,8.7,7,0,balanced,0.943,0.649,0.96,0.783,0.82
fast_learner,34.0,0.215,3,0,0,3.0,speeding_up,1,0,9.4,7,0,balanced,0.988,0.803,0.853,0.838,0.669
fast_learner,36.3,0.082,0,0,0,1.9,speeding_up,0,0,9.6,7,0,balanced,0.991,0.621,0.6,0.7,0.734
fast_learner,29.4,0.136,1,0,0,1.4,speeding_up,1,0,9.9,7,0,balanced,0.884,0.519,0.857,0.66,0.809
fast_learner,27.4,0.231,0,0,0,2.7,speeding_up,0,0,9.1,7,0,balanced,0.983,0.533,0.747,0.768,0.718
fast_learner,32.8,0.041,1,0,0,3.3,speeding_up,0,1,9.4,7,0,balanced,0.893,0.651,0.826,0.843,0.808
fast_learner,36.7,0.159,0,0,0,2.0,speeding_up,1,0,9.5,7,0,balanced,0.947,0.739,0.658,0.74,0.848
fast_learner,31.6,0.218,1,0,0,2.7,speeding_up,1,0,8.4,7,0,balanced,0.943,0.619,0.835,0.75,0.693
fast_learner,23.6,0.107,1,0,0,2.3,speeding_up,2,0,9.1,7,0,balanced,0.733,0.226,0.689,0.591,0.724
fast_learner,35.4,0.17,0,0,0,1.7,speeding_up,0,1,8.4,7,0,balanced,0.97,0.594,0.902,0.703,0.737
fast_learner,29.5,0.118,0,0,0,2.2,speeding_up,0,0,10.0,7,0,balanced,0.966,0.43,0.856,0.694,0.755
fast_learner,38.5,0.122,0,0,0,2.9,speeding_up,3,0,10.0,7,0,balanced,0.871,0.878,0.762,0.718,0.644
fast_learner,26.8,0.151,2,0,0,2.5,speeding_up,0,0,9.3,7,0,balanced,0.753,0.43,0.936,0.486,0.612
fast_learner,31.9,0.121,1,0,0,2.3,speeding_up,2,0,8.4,7,0,balanced,0.923,0.788,0.897,0.809,0.622
fast_learner,29.5,0.054,0,0,0,2.6,speeding_up,2,0,8.7,7,0,balanced,0.767,0.541,0.865,0.583,0.705
fast_learner,31.7,0.155,0,0,0,3.1,speeding_up,0,0,8.9,7,0,balanced,0.876,0.599,0.799,0.676,0.677
fast_learner,25.3,0.213,1,0,0,2.2,speeding_up,0,0,9.3,7,0,balanced,0.995,0.36,0.894,0.671,0.87
fast_learner,22.3,0.163,2,0,0,2.6,speeding_up,1,0,9.0,7,0,balanced,0.899,0.655,0.969,0.648,0.625
fast_learner,34.7,0.127,0,0,0,1.6,speeding_up,1,1,9.1,7,0,balanced,0.985,0.874,0.547,0.876,0.913
fast_learner,31.1,0.185,0,0,0,2.4,speeding_up,1,0,10.0,7,0,balanced,0.831,0.573,0.913,0.664,0.801
fast_learner,33.1,0.214,0,0,0,3.4,speeding_up,1,0,9.3,7,0,balanced,0.951,0.693,0.885,0.784,0.596
fast_learner,32.8,0.163,0,0,0,2.5,speeding_up,0,0,8.6,7,0,balanced,0.93,0.784,0.663,0.723,0.636
fast_learner,31.0,0.121,1,0,0,3.3,speeding_up,1,0,8.3,7,0,balanced,0.918,0.788,0.713,0.816,0.708
fast_learner,34.4,0.177,1,0,0,2.2,speeding_up,3,0,8.9,7,0,balanced,0.953,0.76,0.875,0.918,0.629
fast_learner,41.1,0.051,0,0,0,1.4,speeding_up,3,1,9.5,7,0,balanced,0.809,0.544,0.93,0.673,0.764
fast_learner,31.1,0.132,0,0,0,2.8,speeding_up,1,1,8.9,7,0,balanced,0.881,0.87,0.937,0.754,0.767
fast_learner,26.9,0.103,0,0,0,3.6,speeding_up,0,0,9.6,7,0,balanced,0.985,0.542,0.615,0.673,0.744
fast_learner,23.7,0.153,1,0,0,2.7,speeding_up,0,0,8.9,7,0,balanced,0.93,0.523,0.949,0.64,0.84
fast_learner,35.0,0.175,0,0,0,2.8,speeding_up,0,1,8.9,7,0,balanced,0.77,0.839,0.972,0.728,0.731
fast_learner,26.8,0.232,0,0,0,2.2,speeding_up,2,0,8.9,7,0,balanced,0.948,0.843,0.802,0.742,0.804
fast_learner,30.7,0.151,0,0,0,2.7,speeding_up,0,1,9.9,7,0,balanced,0.821,0.583,0.781,0.648,0.608
fast_learner,36.9,0.133,0,0,0,2.8,speeding_up,2,0,9.8,7,0,balanced,0.86,0.53,0.849,0.707,0.74
fast_learner,31.4,0.13,0,0,0,3.2,speeding_up,0,1,9.6,7,0,balanced,0.901,0.81,0.727,0.772,0.82
fast_learner,40.9,0.088,1,0,0,2.4,speeding_up,2,0,8.9,7,0,balanced,0.949,0.861,0.85,0.876,0.506
fast_learner,16.3,0.07,1,0,0,1.6,speeding_up,2,1,9.5,7,0,balanced,0.838,0.548,0.741,0.603,0.548
fast_learner,36.7,0.105,0,0,0,2.4,speeding_up,1,0,8.5,7,0,balanced,0.998,0.739,0.588,0.822,0.659
fast_learner,38.5,0.174,0,0,0,3.2,speeding_up,0,1,9.1,7,0,balanced,0.545,0.529,0.757,0.549,0.852
fast_learner,26.7,0.051,1,0,0,3.6,speeding_up,1,0,10.0,7,0,balanced,0.935,0.531,0.804,0.707,0.797
fast_learner,30.2,0.153,0,0,0,2.5,speeding_up,2,1,8.6,7,0,balanced,0.851,0.691,0.96,0.727,0.796
fast_learner,25.1,0.165,1,0,0,2.8,speeding_up,2,0,10.0,7,0,balanced,0.852,0.766,0.691,0.738,0.659
fast_learner,28.2,0.157,0,0,0,3.3,speeding_up,0,0,8.7,7,0,balanced,0.847,0.825,0.768,0.747,0.805
fast_learner,37.8,0.152,0,0,0,2.2,speeding_up,1,0,7.7,7,0,balanced,0.985,0.776,0.78,0.759,0.846
fast_learner,28.1,0.091,1,0,0,1.6,speeding_up,1,0,9.4,7,0,balanced,0.953,0.449,0.853,0.746,0.929
fast_learner,27.8,0.153,1,0,0,2.5,speeding_up,1,0,9.1,7,0,balanced,0.957,0.591,0.764,0.735,0.769
fast_learner,30.6,0.178,0,0,0,1.8,speeding_up,1,0,9.6,7,0,balanced,0.64,0.784,0.908,0.664,0.847
fast_learner,29.8,0.194,1,0,0,2.1,speeding_up,0,0,9.3,7,0,balanced,0.883,0.52,0.945,0.632,0.625
fast_learner,30.1,0.077,1,0,0,2.3,speeding_up,1,1,8.9,7,0,balanced,0.811,0.81,0.872,0.694,0.916
fast_learner,34.6,0.167,0,0,0,2.6,speeding_up,1,0,9.7,7,0,balanced,0.867,0.275,0.914,0.487,0.86
fast_learner,36.8,0.181,0,0,0,2.8,speeding_up,0,0,9.2,7,0,balanced,0.842,0.91,0.906,0.873,0.751
fast_learner,31.6,0.248,1,0,0,2.4,speeding_up,0,1,9.1,7,0,balanced,0.958,0.39,0.764,0.673,0.81
fast_learner,35.6,0.105,0,0,0,1.2,speeding_up,0,0,9.8,7,0,balanced,0.973,0.704,0.731,0.724,0.837
fast_learner,33.6,0.149,0,0,0,3.6,speeding_up,0,1,9.4,7,0,balanced,0.906,0.621,0.81,0.64,0.73
fast_learner,28.6,0.196,0,0,0,2.9,speeding_up,2,2,9.3,7,0,balanced,0.848,0.672,0.724,0.648,0.779
fast_learner,36.9,0.162,0,0,0,1.4,speeding_up,1,1,9.2,7,0,balanced,0.9,0.665,0.991,0.75,0.592
fast_learner,25.8,0.16,1,0,0,3.2,speeding_up,1,2,8.7,7,0,balanced,0.99,0.799,0.855,0.78,0.831
fast_learner,34.3,0.151,0,0,0,2.0,speeding_up,1,0,8.0,7,0,balanced,0.575,0.469,0.852,0.546,0.867
fast_learner,29.5,0.142,2,0,0,3.2,speeding_up,1,0,9.8,7,0,balanced,0.73,0.57,0.769,0.576,0.522
fast_learner,31.3,0.228,0,0,0,2.6,speeding_up,4,0,8.4,7,0,balanced,0.729,0.255,0.766,0.569,0.557
fast_learner,30.2,0.144,2,0,0,2.6,speeding_up,1,1,9.0,7,0,balanced,0.981,0.798,0.614,0.856,0.672
fast_learner,42.6,0.135,1,0,0,3.1,speeding_up,1,1,10.0,7,0,balanced,0.792,0.686,0.628,0.668,0.54
fast_learner,40.4,0.085,2,0,0,1.6,speeding_up,3,0,10.0,7,0,balanced,0.895,0.37,0.862,0.638,0.534
fast_learner,28.0,0.154,1,0,0,2.4,speeding_up,2,0,10.0,7,0,balanced,0.995,0.729,0.817,0.72,0.662
fast_learner,37.1,0.124,0,0,0,3.0,speeding_up,0,0,9.3,7,0,balanced,0.75,0.886,0.925,0.735,0.846
fast_learner,32.0,0.13,0,0,0,3.0,speeding_up,0,0,9.5,7,0,balanced,0.962,0.737,0.934,0.813,0.581
fast_learner,33.4,0.155,0,0,0,2.6,speeding_up,1,0,9.6,7,0,balanced,0.936,0.412,0.981,0.691,0.829
fast_learner,29.5,0.132,0,0,0,2.3,speeding_up,0,0,9.2,7,0,balanced,0.898,0.512,0.912,0.66,0.813
fast_learner,33.1,0.071,0,0,0,3.1,speeding_up,2,0,9.5,7,0,balanced,0.976,0.731,0.902,0.732,0.83
fast_learner,32.2,0.183,0,0,0,2.9,speeding_up,2,0,9.6,7,0,balanced,0.812,0.687,0.835,0.743,0.582
fast_learner,28.0,0.197,1,0,0,1.9,speeding_up,2,0,9.1,7,0,balanced,0.951,0.481,0.945,0.685,0.652
fast_learner,32.2,0.083,0,0,0,2.2,speeding_up,1,0,9.3,7,0,balanced,0.941,0.726,0.482,0.787,0.928
fast_learner,32.3,0.167,1,0,0,2.5,speeding_up,1,1,9.4,7,0,balanced,0.93,0.807,0.81,0.861,0.613
fast_learner,30.7,0.094,0,0,0,2.9,speeding_up,0,1,8.8,7,0,balanced,0.935,0.947,0.776,0.788,0.587
fast_learner,37.5,0.124,0,0,0,3.4,speeding_up,2,0,9.9,7,0,balanced,0.875,0.627,0.95,0.764,0.666
fast_learner,24.0,0.093,1,0,0,2.1,speeding_up,0,0,7.7,7,0,balanced,0.811,0.739,0.76,0.741,0.817
fast_learner,30.9,0.163,0,0,0,2.0,speeding_up,0,0,9.3,7,0,balanced,0.723,0.703,0.91,0.692,0.759
fast_learner,34.4,0.14,1,0,0,2.6,speeding_up,3,1,9.9,7,0,balanced,0.889,0.767,0.806,0.688,0.963
fast_learner,38.3,0.178,0,0,0,3.0,speeding_up,1,0,9.8,7,0,balanced,0.89,0.932,0.899,0.865,0.855
fast_learner,35.6,0.131,0,0,0,2.8,speeding_up,0,0,9.9,7,0,balanced,0.83,0.651,0.885,0.822,0.324
fast_learner,26.8,0.117,2,0,0,2.9,speeding_up,2,2,9.4,7,0,balanced,0.894,0.585,0.933,0.633,0.689
fast_learner,39.4,0.124,0,0,0,2.8,speeding_up,0,3,8.7,7,0,balanced,0.859,0.707,0.927,0.659,0.5
fast_learner,27.1,0.172,0,0,0,2.6,speeding_up,0,2,7.9,7,0,balanced,0.897,0.769,0.765,0.785,0.493
fast_learner,33.1,0.13,1,0,0,1.9,speeding_up,0,0,9.4,7,0,balanced,0.849,0.69,0.617,0.661,0.676
fast_learner,24.1,0.226,0,0,0,1.5,speeding_up,0,0,9.5,7,0,balanced,0.854,0.667,0.824,0.697,0.808
fast_learner,25.5,0.171,0,0,0,2.8,speeding_up,2,0,9.0,7,0,balanced,0.974,0.543,0.685,0.78,0.582
fast_learner,33.4,0.112,2,0,0,3.6,speeding_up,2,1,9.3,7,0,balanced,0.953,0.605,0.805,0.716,0.821
fast_learner,35.0,0.077,1,0,0,2.4,speeding_up,0,0,8.5,7,0,balanced,0.942,0.74,0.864,0.837,0.821
fast_learner,35.6,0.11,1,0,0,2.2,speeding_up,3,0,8.6,7,0,balanced,0.979,0.519,0.976,0.741,0.837
fast_learner,34.3,0.186,2,0,0,2.5,speeding_up,1,0,9.2,7,0,balanced,0.988,0.729,0.727,0.738,0.68
fast_learner,25.3,0.221,0,0,0,2.7,speeding_up,2,0,8.3,7,0,balanced,0.878,0.683,0.909,0.75,0.758
fast_learner,33.0,0.081,0,0,0,1.8,speeding_up,0,0,10.0,7,0,balanced,0.779,0.562,0.922,0.67,0.866
fast_learner,25.5,0.105,0,0,0,2.2,speeding_up,5,0,9.1,7,0,balanced,0.926,0.489,0.668,0.721,0.897
fast_learner,34.0,0.134,0,0,0,3.7,speeding_up,1,0,8.4,7,0,balanced,0.903,0.781,0.762,0.85,0.701
fast_learner,39.9,0.097,0,0,0,2.6,speeding_up,2,0,8.6,7,0,balanced,0.818,0.89,0.648,0.756,0.714
fast_learner,24.3,0.209,0,0,0,2.6,speeding_up,0,0,8.2,7,0,balanced,0.917,0.729,0.858,0.745,0.701
fast_learner,28.4,0.147,0,0,0,2.7,speeding_up,0,0,8.2,7,0,balanced,0.877,0.447,0.748,0.642,0.643
fast_learner,32.3,0.127,0,0,0,1.3,speeding_up,1,0,9.4,7,0,balanced,0.722,0.768,0.897,0.709,0.676
fast_learner,44.3,0.177,3,0,0,3.5,speeding_up,0,0,7.6,7,0,balanced,0.775,0.829,0.756,0.77,0.536
fast_learner,29.8,0.133,0,0,0,1.8,speeding_up,1,0,10.0,7,0,balanced,0.787,0.612,0.873,0.701,0.404
fast_learner,20.6,0.152,0,0,0,2.7,speeding_up,0,0,8.3,7,0,balanced,0.849,0.806,0.91,0.826,0.679
fast_learner,25.2,0.228,0,0,0,2.4,speeding_up,1,0,8.7,7,0,balanced,0.823,0.48,0.466,0.723,0.837
fast_learner,21.9,0.231,0,0,0,2.5,speeding_up,1,0,8.5,7,0,balanced,0.963,0.707,0.657,0.837,0.765
fast_learner,37.5,0.151,0,0,0,2.5,speeding_up,0,1,7.9,7,0,balanced,0.7,0.801,0.923,0.637,0.62
fast_learner,21.1,0.136,0,0,0,1.2,speeding_up,0,0,9.8,7,0,balanced,0.989,0.608,0.772,0.703,0.554
fast_learner,31.3,0.168,2,0,0,2.5,speeding_up,1,0,10.0,7,0,balanced,0.852,0.748,0.964,0.783,0.841
fast_learner,27.0,0.128,1,0,0,2.9,speeding_up,4,0,8.5,7,0,balanced,0.939,0.794,0.749,0.786,0.846
fast_learner,30.6,0.154,0,0,0,2.6,speeding_up,0,0,9.1,7,0,balanced,0.776,0.4,0.867,0.569,0.726
fast_learner,33.2,0.144,0,0,0,2.0,speeding_up,2,0,8.6,7,0,balanced,0.946,0.59,0.884,0.719,0.893
fast_learner,36.5,0.151,1,0,0,2.1,speeding_up,2,2,8.7,7,0,balanced,0.953,0.817,0.94,0.853,0.205
fast_learner,39.1,0.146,0,0,0,3.0,speeding_up,0,0,8.8,7,0,balanced,0.722,0.641,0.9,0.707,0.767
fast_learner,35.4,0.203,1,0,0,2.7,speeding_up,1,2,9.5,7,0,balanced,0.959,0.84,0.8,0.822,0.663
fast_learner,28.7,0.205,0,0,0,2.3,speeding_up,1,1,8.5,7,0,balanced,0.785,0.793,0.786,0.835,0.597
fast_learner,38.0,0.142,2,0,0,2.2,speeding_up,0,0,9.3,7,0,balanced,0.878,0.727,0.968,0.754,0.403
fast_learner,28.1,0.123,0,0,0,2.6,speeding_up,3,0,8.9,7,0,balanced,0.836,0.434,0.844,0.692,0.875
fast_learner,33.0,0.167,2,0,0,4.2,speeding_up,3,0,9.0,7,0,balanced,0.916,0.654,0.766,0.732,0.664
fast_learner,33.3,0.14,0,0,0,2.4,speeding_up,2,1,9.7,7,0,balanced,0.881,0.474,0.814,0.696,0.548
fast_learner,31.1,0.176,1,0,0,1.9,speeding_up,0,1,9.4,7,0,balanced,0.894,0.471,0.92,0.596,0.617
fast_learner,29.1,0.201,1,0,0,2.9,speeding_up,0,1,8.4,7,0,balanced,0.74,0.51,0.939,0.668,0.531
fast_learner,31.8,0.146,2,0,0,2.5,speeding_up,2,0,9.5,7,0,balanced,0.957,0.759,0.689,0.779,0.758
fast_learner,29.1,0.17,0,0,0,1.7,speeding_up,2,0,9.6,7,0,balanced,0.998,0.455,0.882,0.704,0.592
fast_learner,32.2,0.153,2,0,0,2.6,speeding_up,1,1,8.4,7,0,balanced,0.905,0.835,0.849,0.78,0.753
fast_learner,35.7,0.158,2,0,0,3.6,speeding_up,3,0,9.5,7,0,balanced,0.83,0.674,0.777,0.694,0.79
fast_learner,26.6,0.206,1,0,0,1.9,speeding_up,2,0,8.7,7,0,balanced,0.872,0.678,0.513,0.818,0.462
fast_learner,22.8,0.107,0,0,0,3.9,speeding_up,3,0,9.0,7,0,balanced,0.916,0.643,0.509,0.742,0.905
fast_learner,21.4,0.108,0,0,0,2.2,speeding_up,0,1,8.6,7,0,balanced,0.929,0.403,0.82,0.532,0.672
fast_learner,41.9,0.117,0,0,0,2.5,speeding_up,1,0,8.6,7,0,balanced,0.749,0.491,0.872,0.579,0.875
fast_learner,27.1,0.208,0,0,0,2.2,speeding_up,2,1,9.0,7,0,balanced,0.956,0.624,0.918,0.684,0.625
fast_learner,30.5,0.105,0,0,0,2.5,speeding_up,2,0,10.0,7,0,balanced,0.815,0.874,0.927,0.759,0.765
fast_learner,32.9,0.185,1,0,0,2.8,speeding_up,2,0,8.7,7,0,balanced,0.857,0.693,0.944,0.777,0.74
fast_learner,32.3,0.071,1,0,0,2.2,speeding_up,0,0,9.5,7,0,balanced,0.871,0.822,0.939,0.849,0.785
fast_learner,24.2,0.144,0,0,0,2.9,speeding_up,0,1,9.3,7,0,balanced,0.846,0.676,0.901,0.697,0.703
fast_learner,33.2,0.204,0,0,0,3.2,speeding_up,3,0,8.7,7,0,balanced,0.808,0.631,0.658,0.638,0.696
fast_learner,25.3,0.105,1,0,0,2.7,speeding_up,4,0,8.5,7,0,balanced,0.924,0.73,0.867,0.783,0.714
fast_learner,38.1,0.158,1,0,0,2.8,speeding_up,0,1,8.9,7,0,balanced,0.915,0.392,0.95,0.621,0.918
fast_learner,36.2,0.207,0,0,0,2.4,speeding_up,2,1,8.7,7,0,balanced,0.788,0.897,0.87,0.842,0.514
fast_learner,36.8,0.162,1,0,0,2.3,speeding_up,0,1,8.0,7,0,balanced,0.971,0.712,0.945,0.771,0.415
fast_learner,30.4,0.178,2,0,0,2.1,speeding_up,0,0,9.5,7,0,balanced,0.663,0.744,0.758,0.677,0.513
fast_learner,33.8,0.202,1,0,0,2.9,speeding_up,2,3,9.0,7,0,balanced,0.989,0.769,0.618,0.757,0.375
fast_learner,31.3,0.089,0,0,0,2.6,speeding_up,1,1,8.4,7,0,balanced,0.858,0.531,0.86,0.664,0.891
fast_learner,29.2,0.13,0,0,0,1.4,speeding_up,2,0,9.6,7,0,balanced,0.845,0.238,0.941,0.573,0.743
fast_learner,32.3,0.098,0,0,0,2.0,speeding_up,0,0,9.0,7,0,balanced,0.943,0.783,0.794,0.809,0.79
fast_learner,36.5,0.188,0,0,0,3.1,speeding_up,1,1,10.0,7,0,balanced,0.981,0.737,0.905,0.7,0.548
fast_learner,35.5,0.157,0,0,0,1.9,speeding_up,3,2,9.1,7,0,balanced,0.975,0.71,0.947,0.743,0.71
fast_learner,32.7,0.137,0,0,0,3.2,speeding_up,2,0,8.9,7,0,balanced,0.919,0.737,0.957,0.728,0.673
fast_learner,34.3,0.077,0,0,0,2.6,speeding_up,3,0,8.5,7,0,balanced,0.969,0.837,0.695,0.882,0.598
fast_learner,31.3,0.192,0,0,0,2.3,speeding_up,1,1,9.8,7,0,balanced,0.829,0.77,0.884,0.748,0.83
fast_learner,40.6,0.131,0,0,0,2.1,speeding_up,3,0,9.7,7,0,balanced,0.886,0.856,0.966,0.767,0.619
fast_learner,40.5,0.128,1,0,0,2.7,speeding_up,1,1,9.2,7,0,balanced,0.921,0.369,0.845,0.675,0.783
fast_learner,32.5,0.143,0,0,0,2.4,speeding_up,1,0,9.5,7,0,balanced,0.946,0.626,0.816,0.69,0.79
fast_learner,27.9,0.153,1,0,0,2.0,speeding_up,0,2,10.0,7,0,balanced,0.896,0.79,0.825,0.715,0.782
fast_learner,35.6,0.063,0,0,0,2.3,speeding_up,1,1,9.3,7,0,balanced,0.798,0.806,0.711,0.671,0.778
fast_learner,27.6,0.11,1,0,0,2.8,speeding_up,3,0,9.4,7,0,balanced,0.914,0.593,0.852,0.617,0.649
fast_learner,32.2,0.126,0,0,0,1.9,speeding_up,1,1,8.7,7,0,balanced,0.678,0.357,0.85,0.572,0.67
fast_learner,32.2,0.185,0,0,0,2.9,speeding_up,0,1,9.2,7,0,balanced,0.976,0.549,0.85,0.78,0.597
fast_learner,36.3,0.117,1,0,0,3.4,speeding_up,0,0,9.0,7,0,balanced,0.999,0.79,0.715,0.845,0.656
fast_learner,29.3,0.14,0,0,0,2.9,speeding_up,1,0,8.8,7,0,balanced,0.934,0.831,0.911,0.836,0.672
fast_learner,39.7,0.218,0,0,0,2.6,speeding_up,0,1,9.2,7,0,balanced,0.911,0.62,0.903,0.693,0.444
fast_learner,28.9,0.123,1,0,0,1.4,speeding_up,4,0,9.5,7,0,balanced,0.883,0.527,0.843,0.694,0.779
fast_learner,25.1,0.124,3,0,0,2.6,speeding_up,2,0,8.3,7,0,balanced,0.844,0.794,0.954,0.731,0.885
fast_learner,30.8,0.151,1,0,0,1.7,speeding_up,1,0,8.2,7,0,balanced,0.968,0.909,0.86,0.771,0.504
fast_learner,34.3,0.072,0,0,0,2.9,speeding_up,1,0,9.1,7,0,balanced,0.994,0.674,0.93,0.764,0.697
fast_learner,32.8,0.089,1,0,0,2.7,speeding_up,0,0,9.7,7,0,balanced,0.938,0.74,0.869,0.878,0.807
fast_learner,38.5,0.142,0,0,0,1.3,speeding_up,0,1,8.7,7,0,balanced,0.853,0.728,0.803,0.726,0.744
fast_learner,33.2,0.149,2,0,0,1.6,speeding_up,0,0,9.4,7,0,balanced,0.955,0.637,0.828,0.802,0.769
fast_learner,35.8,0.16,1,0,0,1.0,speeding_up,0,0,8.5,7,0,balanced,0.947,0.808,0.754,0.843,0.78
fast_learner,26.8,0.088,0,0,0,2.5,speeding_up,0,0,9.8,7,0,balanced,0.937,0.755,0.722,0.8,0.392
fast_learner,38.6,0.158,0,0,0,1.2,speeding_up,3,1,9.4,7,0,balanced,0.877,0.511,0.763,0.714,0.336
fast_learner,30.0,0.142,0,0,0,2.7,speeding_up,2,1,8.4,7,0,balanced,0.914,0.749,0.885,0.794,0.809
fast_learner,33.8,0.139,0,0,0,2.4,speeding_up,0,1,9.0,7,0,balanced,0.981,0.709,0.77,0.734,0.76
fast_learner,31.9,0.194,0,0,0,2.1,speeding_up,0,0,9.3,7,0,balanced,0.882,0.795,0.535,0.794,0.55
fast_learner,38.0,0.157,0,0,0,2.7,speeding_up,2,0,8.7,7,0,balanced,0.857,0.505,0.764,0.69,0.346
fast_learner,30.9,0.214,0,0,0,2.9,speeding_up,3,0,8.9,7,0,balanced,0.996,0.767,0.692,0.788,0.414
fast_learner,31.5,0.125,0,0,0,1.2,speeding_up,1,0,9.4,7,0,balanced,0.732,0.849,0.574,0.695,0.883
fast_learner,22.5,0.097,1,0,0,2.4,speeding_up,1,0,8.8,7,0,balanced,0.946,0.614,0.938,0.798,0.466
fast_learner,32.5,0.112,0,0,0,0.7,speeding_up,2,0,9.0,7,0,balanced,0.756,0.491,0.897,0.628,0.736
fast_learner,30.7,0.116,1,0,0,1.1,speeding_up,1,0,8.5,7,0,balanced,0.981,0.792,0.823,0.837,0.474
fast_learner,19.6,0.142,0,0,0,3.7,speeding_up,0,3,9.0,7,0,balanced,0.873,0.793,0.946,0.861,0.811
fast_learner,33.7,0.138,1,0,0,2.2,speeding_up,2,0,8.5,7,0,balanced,0.934,0.437,0.904,0.62,0.707
fast_learner,29.7,0.198,1,0,0,2.5,speeding_up,0,1,8.9,7,0,balanced,0.947,0.635,0.788,0.705,0.809
fast_learner,31.1,0.121,0,0,0,2.4,speeding_up,1,0,8.5,7,0,balanced,0.988,0.63,0.853,0.795,0.678
fast_learner,27.3,0.119,0,0,0,3.9,speeding_up,2,1,8.0,7,0,balanced,0.557,0.745,0.883,0.683,0.449
fast_learner,25.1,0.064,1,0,0,3.4,speeding_up,1,0,9.7,7,0,balanced,0.998,0.549,0.537,0.727,0.936
fast_learner,35.8,0.138,0,0,0,1.7,speeding_up,1,0,8.7,7,0,balanced,0.804,0.615,0.864,0.644,0.717
fast_learner,34.4,0.184,1,0,0,1.9,speeding_up,1,0,8.3,7,0,balanced,0.826,0.808,0.8,0.776,0.966
fast_learner,31.3,0.091,0,0,0,2.1,speeding_up,1,0,9.4,7,0,balanced,0.623,0.868,0.819,0.619,0.885
fast_learner,27.2,0.125,0,0,0,2.0,speeding_up,1,1,8.6,7,0,balanced,0.826,0.789,0.801,0.739,0.835
fast_learner,34.2,0.109,0,0,0,2.9,speeding_up,1,3,9.1,7,0,balanced,0.899,0.556,0.958,0.772,0.785
fast_learner,33.3,0.164,1,0,0,3.6,speeding_up,0,0,9.2,7,0,balanced,0.878,0.573,0.792,0.7,0.817
fast_learner,42.3,0.094,0,0,0,1.4,speeding_up,1,2,9.1,7,0,balanced,0.813,0.821,0.903,0.719,0.762
fast_learner,28.1,0.159,2,0,0,2.2,speeding_up,0,0,7.9,7,0,balanced,0.722,0.741,0.42,0.713,0.702
fast_learner,32.1,0.167,0,0,0,1.6,speeding_up,1,1,10.0,7,0,balanced,0.899,0.487,0.773,0.529,0.75
fast_learner,32.8,0.108,0,0,0,2.8,speeding_up,2,0,9.2,7,0,balanced,0.885,0.721,0.737,0.672,0.859
fast_learner,26.1,0.094,0,0,0,2.2,speeding_up,0,0,9.3,7,0,balanced,0.802,0.568,0.761,0.573,0.539
fast_learner,23.2,0.152,0,0,0,3.3,speeding_up,2,0,10.0,7,0,balanced,0.927,0.721,0.651,0.75,0.533
fast_learner,35.4,0.099,0,0,0,2.0,speeding_up,1,0,10.0,7,0,balanced,0.921,0.63,0.722,0.651,0.773
fast_learner,35.8,0.132,2,0,0,1.7,speeding_up,1,0,9.0,7,0,balanced,0.976,0.77,0.886,0.799,0.65
fast_learner,22.7,0.122,0,0,0,2.9,speeding_up,1,0,8.5,7,0,balanced,0.527,0.597,0.869,0.48,0.705
fast_learner,32.0,0.118,1,0,0,2.4,speeding_up,3,0,8.8,7,0,balanced,0.982,0.678,0.959,0.735,0.511
fast_learner,35.7,0.18,0,0,0,2.9,speeding_up,2,0,9.0,7,0,balanced,0.946,0.734,0.926,0.747,0.895
fast_learner,27.7,0.17,0,0,0,2.1,speeding_up,2,0,9.7,7,0,balanced,0.728,0.572,0.891,0.616,0.787
fast_learner,34.8,0.174,0,0,0,3.7,speeding_up,0,0,9.6,7,0,balanced,0.949,0.618,0.707,0.648,0.819
fast_learner,32.6,0.179,1,0,0,3.4,speeding_up,2,1,8.5,7,0,balanced,0.89,0.787,0.946,0.801,0.755
fast_learner,40.3,0.207,2,0,0,3.1,speeding_up,0,1,9.8,7,0,balanced,0.94,0.748,0.95,0.789,0.652
fast_learner,40.1,0.169,0,0,0,3.2,speeding_up,2,0,9.8,7,0,balanced,0.913,0.722,0.713,0.568,0.658
fast_learner,33.9,0.102,1,0,0,2.9,speeding_up,1,0,9.0,7,0,balanced,0.887,0.604,0.904,0.661,0.597
fast_learner,32.2,0.182,0,0,0,2.3,speeding_up,0,0,8.0,7,0,balanced,0.713,0.735,0.665,0.7,0.716
fast_learner,34.7,0.181,0,0,0,2.8,speeding_up,0,0,9.2,7,0,balanced,0.89,0.519,0.885,0.713,0.649
fast_learner,34.7,0.18,1,0,0,1.9,speeding_up,0,0,8.5,7,0,balanced,0.944,0.214,0.97,0.502,0.627
fast_learner,34.0,0.132,0,0,0,2.8,speeding_up,0,0,8.6,7,0,balanced,0.773,0.55,0.458,0.698,0.69
fast_learner,40.4,0.159,1,0,0,2.7,speeding_up,2,1,9.0,7,0,balanced,0.737,0.746,0.619,0.704,0.751
fast_learner,30.2,0.139,1,0,0,1.6,speeding_up,0,0,8.5,7,0,balanced,0.747,0.764,0.638,0.712,0.586
fast_learner,28.7,0.1,1,0,0,2.9,speeding_up,1,0,9.2,7,0,balanced,0.916,0.632,0.795,0.693,0.964
fast_learner,36.0,0.105,1,0,0,3.3,speeding_up,1,0,9.7,7,0,balanced,0.984,0.85,0.801,0.765,0.76
fast_learner,25.8,0.179,0,0,0,2.1,speeding_up,1,0,8.7,7,0,balanced,0.75,0.41,0.769,0.677,0.807
fast_learner,31.3,0.077,1,0,0,2.3,speeding_up,3,0,9.4,7,0,balanced,0.659,0.568,0.878,0.598,0.641
fast_learner,32.4,0.109,0,0,0,1.6,speeding_up,1,0,9.7,7,0,balanced,0.789,0.563,0.806,0.656,0.852
fast_learner,36.7,0.111,0,0,0,2.1,speeding_up,2,2,9.5,7,0,balanced,0.641,0.926,0.766,0.764,0.822
fast_learner,33.1,0.158,1,0,0,3.1,speeding_up,1,0,8.8,7,0,balanced,0.96,0.579,0.918,0.637,0.673
fast_learner,33.1,0.107,0,0,0,1.7,speeding_up,1,1,8.3,7,0,balanced,0.921,0.891,0.916,0.854,0.538
fast_learner,34.5,0.143,1,0,0,2.0,speeding_up,0,0,9.0,7,0,balanced,0.735,0.653,0.817,0.706,0.904
fast_learner,33.7,0.21,0,0,0,2.1,speeding_up,1,1,9.5,7,0,balanced,0.929,0.757,0.816,0.737,0.697
fast_learner,37.9,0.092,1,0,0,1.7,speeding_up,2,0,9.2,7,0,balanced,0.924,0.587,0.795,0.589,0.704
fast_learner,31.8,0.125,0,0,0,2.3,speeding_up,1,0,9.4,7,0,balanced,0.944,0.453,0.856,0.602,0.682
fast_learner,30.3,0.221,0,0,0,1.0,speeding_up,3,1,9.5,7,0,balanced,0.931,0.433,0.7,0.73,0.635
fast_learner,29.1,0.118,0,0,0,2.9,speeding_up,0,0,9.5,7,0,balanced,0.971,0.442,0.729,0.69,0.543
fast_learner,33.7,0.14,1,0,0,1.7,speeding_up,1,2,8.2,7,0,balanced,0.925,0.751,0.801,0.815,0.799
fast_learner,24.5,0.059,0,0,0,2.1,speeding_up,1,0,8.4,7,0,balanced,0.933,0.455,0.826,0.782,0.599
fast_learner,28.7,0.111,1,0,0,3.3,speeding_up,0,0,9.1,7,0,balanced,0.736,0.631,0.815,0.616,0.186
fast_learner,31.1,0.167,0,0,0,2.8,speeding_up,1,0,8.9,7,0,balanced,0.98,0.643,0.987,0.758,0.5
fast_learner,31.5,0.181,0,0,0,3.1,speeding_up,0,0,9.3,7,0,balanced,0.947,0.506,0.892,0.663,0.508
fast_learner,29.4,0.165,2,0,0,3.1,speeding_up,1,0,8.1,7,0,balanced,0.966,0.877,0.774,0.88,0.857
fast_learner,42.5,0.136,1,0,0,2.8,speeding_up,1,1,8.6,7,0,balanced,0.92,0.836,0.881,0.864,0.595
fast_learner,42.0,0.173,0,0,0,2.6,speeding_up,2,0,8.1,7,0,balanced,0.798,0.736,0.92,0.752,0.688
fast_learner,27.9,0.194,2,0,0,3.1,speeding_up,4,0,8.9,7,0,balanced,0.991,0.652,0.82,0.702,0.578
fast_learner,26.1,0.177,1,0,0,3.7,speeding_up,1,0,9.8,7,0,balanced,0.792,0.665,0.919,0.682,0.761
fast_learner,35.3,0.096,0,0,0,1.7,speeding_up,0,0,8.3,7,0,balanced,0.905,0.432,0.773,0.688,0.848
fast_learner,34.4,0.089,0,0,0,2.1,speeding_up,1,1,10.0,7,0,balanced,0.73,0.656,0.832,0.641,0.98
fast_learner,33.5,0.202,0,0,0,2.1,speeding_up,2,2,8.2,7,0,balanced,0.999,0.639,0.873,0.686,0.496
fast_learner,36.7,0.155,0,0,0,3.1,speeding_up,0,0,9.5,7,0,balanced,0.882,0.814,0.859,0.782,0.661
fast_learner,29.9,0.135,1,0,0,3.1,speeding_up,2,0,8.0,7,0,balanced,0.934,0.554,0.664,0.737,0.47
fast_learner,18.9,0.093,1,0,0,3.1,speeding_up,0,1,9.4,7,0,balanced,0.953,0.593,0.893,0.759,0.699
fast_learner,34.2,0.19,3,0,0,1.4,speeding_up,1,0,9.9,7,0,balanced,0.75,0.694,0.716,0.752,0.754
fast_learner,27.9,0.115,0,0,0,3.5,speeding_up,3,1,8.9,7,0,balanced,0.866,0.767,0.657,0.695,0.779
fast_learner,27.2,0.161,0,0,0,3.4,speeding_up,3,1,10.0,7,0,balanced,0.996,0.487,0.881,0.725,0.777
fast_learner,29.2,0.114,0,0,0,2.4,speeding_up,1,0,9.4,7,0,balanced,0.892,0.588,0.544,0.723,0.907
fast_learner,29.3,0.204,0,0,0,3.2,speeding_up,2,0,9.4,7,0,balanced,0.987,0.71,0.93,0.822,0.793
fast_learner,30.1,0.16,0,0,0,3.0,speeding_up,0,0,9.2,7,0,balanced,0.949,0.725,0.875,0.662,0.749
fast_learner,29.3,0.118,0,0,0,2.2,speeding_up,0,0,9.3,7,0,balanced,0.717,0.614,0.836,0.525,0.899
fast_learner,32.7,0.154,1,0,0,1.7,speeding_up,1,1,8.4,7,0,balanced,0.736,0.656,0.628,0.634,0.574
fast_learner,21.3,0.13,1,0,0,2.0,speeding_up,2,0,8.6,7,0,balanced,0.801,0.736,0.82,0.705,0.815
fast_learner,34.3,0.114,0,0,0,3.1,speeding_up,0,0,8.9,7,0,balanced,0.992,0.595,0.85,0.604,0.877
fast_learner,26.1,0.158,0,0,0,2.1,speeding_up,1,0,9.7,7,0,balanced,0.964,0.714,0.636,0.801,0.45
fast_learner,30.3,0.087,0,0,0,2.4,speeding_up,1,0,9.0,7,0,balanced,0.966,0.388,0.687,0.634,0.779
fast_learner,31.8,0.142,2,0,0,1.9,speeding_up,3,0,9.4,7,0,balanced,0.984,0.327,0.785,0.54,0.475
fast_learner,37.1,0.134,0,0,0,2.9,speeding_up,5,0,10.0,7,0,balanced,0.92,0.608,0.913,0.682,0.769
fast_learner,41.9,0.125,0,0,0,2.9,speeding_up,0,1,8.6,7,0,balanced,0.937,0.715,0.567,0.786,0.794
fast_learner,28.6,0.148,1,0,0,2.2,speeding_up,3,0,9.5,7,0,balanced,0.801,0.924,0.911,0.777,0.912
fast_learner,31.5,0.161,1,0,0,2.4,speeding_up,2,1,10.0,7,0,balanced,0.982,0.845,0.964,0.81,0.644
fast_learner,34.5,0.09,0,0,0,2.7,speeding_up,0,1,8.8,7,0,balanced,0.963,0.583,0.844,0.803,0.921
fast_learner,34.6,0.106,0,0,0,3.7,speeding_up,1,0,7.9,7,0,balanced,0.961,0.755,0.703,0.831,0.809
fast_learner,26.7,0.1,0,0,0,2.9,speeding_up,1,0,8.8,7,0,balanced,0.686,0.865,0.861,0.7,0.675
fast_learner,28.3,0.109,0,0,0,3.7,speeding_up,1,0,9.1,7,0,balanced,0.859,0.855,0.907,0.767,0.921
fast_learner,34.5,0.102,0,0,0,2.4,speeding_up,1,2,8.1,7,0,balanced,0.947,0.798,0.931,0.821,0.935
fast_learner,21.8,0.16,1,0,0,1.5,speeding_up,2,0,9.4,7,0,balanced,0.88,0.634,0.771,0.689,0.466
fast_learner,29.1,0.059,1,0,0,2.9,speeding_up,2,0,8.5,7,0,balanced,0.926,0.876,0.645,0.792,0.692
fast_learner,35.9,0.114,0,0,0,2.9,speeding_up,0,0,9.4,7,0,balanced,0.956,0.716,0.966,0.849,0.703
fast_learner,32.5,0.153,0,0,0,2.9,speeding_up,1,2,9.2,7,0,balanced,0.899,0.575,0.792,0.664,0.634
fast_learner,34.0,0.123,2,0,0,2.9,speeding_up,1,0,8.4,7,0,balanced,0.934,0.817,0.709,0.79,0.494
fast_learner,40.7,0.2,1,0,0,1.9,speeding_up,0,1,9.7,7,0,balanced,0.899,0.694,0.844,0.782,0.829
fast_learner,42.8,0.14,0,0,0,2.6,speeding_up,1,0,9.0,7,0,balanced,0.763,0.683,0.962,0.658,0.583
fast_learner,27.7,0.154,0,0,0,2.8,speeding_up,1,0,9.3,7,0,balanced,0.77,0.634,0.805,0.59,0.623
fast_learner,31.0,0.147,2,0,0,2.8,speeding_up,2,0,9.0,7,0,balanced,0.836,0.923,0.908,0.76,0.711
fast_learner,30.3,0.161,0,0,0,2.1,speeding_up,0,0,9.2,7,0,balanced,0.969,0.625,0.896,0.762,0.793
fast_learner,34.4,0.195,0,0,0,2.5,speeding_up,2,0,10.0,7,0,balanced,0.909,0.755,0.823,0.888,0.65
fast_learner,36.2,0.182,0,0,0,2.4,speeding_up,2,1,9.4,7,0,balanced,0.919,0.852,0.76,0.721,0.906
fast_learner,32.7,0.222,0,0,0,1.8,speeding_up,0,1,9.4,7,0,balanced,0.828,0.649,0.801,0.721,0.639
fast_learner,32.9,0.168,0,0,0,3.0,speeding_up,0,0,9.7,7,0,balanced,0.709,0.562,0.826,0.611,0.745
fast_learner,35.7,0.118,1,0,0,2.1,speeding_up,0,1,8.3,7,0,balanced,0.846,0.488,0.58,0.615,0.836
fast_learner,44.7,0.145,0,0,0,2.1,speeding_up,2,0,8.8,7,0,balanced,0.979,0.851,0.858,0.917,0.732
fast_learner,31.1,0.062,1,0,0,2.3,speeding_up,2,1,9.5,7,0,balanced,0.763,0.751,0.721,0.671,0.747
fast_learner,31.2,0.217,0,0,0,3.1,speeding_up,1,1,8.4,7,0,balanced,0.799,0.732,0.7,0.725,0.774
fast_learner,30.9,0.127,2,0,0,2.2,speeding_up,2,1,9.7,7,0,balanced,0.948,0.625,0.712,0.728,0.664
fast_learner,33.3,0.153,0,0,0,2.7,speeding_up,1,1,8.8,7,0,balanced,0.557,0.66,0.724,0.698,0.72
fast_learner,34.5,0.155,1,0,0,2.2,speeding_up,3,1,9.6,7,0,balanced,0.952,0.755,0.629,0.814,0.517
fast_learner,26.6,0.226,0,0,0,3.5,speeding_up,0,1,9.6,7,0,balanced,0.917,0.781,0.714,0.822,0.845
fast_learner,24.7,0.15,1,0,0,2.4,speeding_up,1,0,9.3,7,0,balanced,0.886,0.585,0.567,0.688,0.955
fast_learner,31.8,0.12,0,0,0,2.3,speeding_up,1,0,8.5,7,0,balanced,0.86,0.68,0.92,0.719,0.941
fast_learner,29.7,0.135,1,0,0,2.6,speeding_up,0,0,9.6,7,0,balanced,0.734,0.598,0.892,0.5,0.768
fast_learner,24.4,0.138,2,0,0,2.8,speeding_up,0,0,9.7,7,0,balanced,0.985,0.765,0.722,0.773,0.778
fast_learner,27.2,0.139,1,0,0,1.9,speeding_up,0,1,9.6,7,0,balanced,0.849,0.535,0.935,0.675,0.824
fast_learner,33.5,0.081,0,0,0,1.8,speeding_up,1,0,9.1,7,0,balanced,0.788,0.608,0.698,0.616,0.906
fast_learner,31.3,0.156,4,0,0,2.5,speeding_up,5,0,9.9,7,0,balanced,0.873,0.724,0.489,0.723,0.763
fast_learner,26.6,0.131,1,0,0,2.7,speeding_up,0,0,9.5,7,0,balanced,0.972,0.831,0.817,0.854,0.577
fast_learner,27.1,0.143,2,0,0,2.8,speeding_up,1,2,8.2,7,0,balanced,0.924,0.813,0.752,0.775,0.463
fast_learner,30.1,0.177,0,0,0,2.1,speeding_up,0,0,8.2,7,0,balanced,0.862,0.772,0.796,0.766,0.599
fast_learner,40.7,0.118,2,0,0,2.8,speeding_up,0,0,9.0,7,0,balanced,0.94,0.775,0.795,0.813,0.792
fast_learner,28.7,0.121,0,0,0,2.9,speeding_up,2,1,9.1,7,0,balanced,0.848,0.864,0.928,0.718,0.806
fast_learner,28.2,0.202,0,0,0,3.6,speeding_up,0,0,9.6,7,0,balanced,0.883,0.826,0.721,0.723,0.414
fast_learner,33.6,0.133,0,0,0,2.4,speeding_up,0,2,8.7,7,0,balanced,0.937,0.662,0.794,0.839,0.739
fast_learner,37.4,0.131,1,0,0,3.2,speeding_up,2,0,9.4,7,0,balanced,0.906,0.46,0.498,0.626,0.513
fast_learner,31.6,0.192,1,0,0,2.8,speeding_up,2,1,8.1,7,0,balanced,0.982,0.512,0.912,0.727,0.914
fast_learner,26.0,0.122,0,0,0,2.3,speeding_up,3,0,8.3,7,0,balanced,0.997,0.63,0.885,0.658,0.713
fast_learner,32.1,0.149,0,0,0,3.1,speeding_up,0,0,9.0,7,0,balanced,0.753,0.665,0.97,0.615,0.504
fast_learner,24.9,0.181,0,0,0,2.5,speeding_up,0,1,10.0,7,0,balanced,0.779,0.669,0.496,0.706,0.9
fast_learner,34.2,0.141,0,0,0,2.1,speeding_up,0,0,9.9,7,0,balanced,0.763,0.795,0.904,0.759,0.741
fast_learner,29.5,0.106,0,0,0,3.1,speeding_up,2,1,9.5,7,0,balanced,0.929,0.564,0.885,0.782,0.814
fast_learner,19.6,0.125,0,0,0,1.0,speeding_up,1,0,10.0,7,0,balanced,0.913,0.833,0.554,0.939,0.687
fast_learner,25.9,0.112,1,0,0,2.4,speeding_up,1,1,9.2,7,0,balanced,0.962,0.809,0.912,0.82,0.607
fast_learner,35.7,0.147,2,0,0,2.6,speeding_up,0,0,10.0,7,0,balanced,0.811,0.61,0.863,0.594,0.452
fast_learner,20.9,0.17,2,0,0,2.8,speeding_up,1,0,8.9,7,0,balanced,0.788,0.56,0.835,0.569,0.69
fast_learner,39.5,0.102,0,0,0,3.0,speeding_up,1,0,9.4,7,0,balanced,0.73,0.627,0.669,0.673,0.712
fast_learner,36.8,0.183,0,0,0,2.9,speeding_up,1,2,8.1,7,0,balanced,0.72,0.731,0.952,0.755,0.781
fast_learner,33.1,0.124,0,0,0,1.9,speeding_up,0,2,8.8,7,0,balanced,0.961,0.43,0.893,0.683,0.342
fast_learner,47.1,0.14,0,0,0,2.9,speeding_up,0,2,8.8,7,0,balanced,0.91,0.443,0.654,0.69,0.811
fast_learner,39.4,0.082,0,0,0,2.3,speeding_up,3,0,9.1,7,0,balanced,0.98,0.688,0.851,0.759,0.917
fast_learner,32.7,0.179,0,0,0,2.3,speeding_up,0,1,8.4,7,0,balanced,0.707,0.75,0.876,0.735,0.412
fast_learner,38.7,0.133,0,0,0,3.3,speeding_up,1,0,9.5,7,0,balanced,0.928,0.777,0.947,0.871,0.932
fast_learner,26.2,0.2,0,0,0,2.4,speeding_up,3,1,8.1,7,0,balanced,0.932,0.841,0.793,0.773,0.738
fast_learner,32.4,0.094,0,0,0,3.2,speeding_up,2,1,8.6,7,0,balanced,0.95,0.595,0.782,0.681,0.507
fast_learner,31.7,0.178,0,0,0,2.9,speeding_up,1,1,10.0,7,0,balanced,0.985,0.837,0.755,0.788,0.617
fast_learner,31.2,0.092,0,0,0,1.6,speeding_up,0,1,9.0,7,0,balanced,0.93,0.653,0.429,0.789,0.823
fast_learner,28.1,0.123,0,0,0,2.5,speeding_up,0,0,9.0,7,0,balanced,0.951,0.814,0.861,0.781,0.674
fast_learner,30.8,0.159,0,0,0,2.5,speeding_up,1,0,9.6,7,0,balanced,0.949,0.779,0.807,0.752,0.766
fast_learner,36.8,0.124,0,0,0,1.2,speeding_up,0,0,9.4,7,0,balanced,0.969,0.619,0.903,0.772,0.474
fast_learner,29.6,0.073,0,0,0,3.4,speeding_up,2,1,8.6,7,0,balanced,0.917,0.527,0.724,0.7,0.595
fast_learner,25.2,0.094,1,0,0,3.0,speeding_up,1,0,9.6,7,0,balanced,0.945,0.652,0.859,0.807,0.891
fast_learner,39.3,0.158,0,0,0,2.6,speeding_up,1,1,9.2,7,0,balanced,0.932,0.751,0.815,0.756,0.716
fast_learner,28.8,0.097,2,0,0,3.0,speeding_up,1,1,8.0,7,0,balanced,0.699,0.528,0.634,0.63,0.589
fast_learner,26.5,0.207,1,0,0,1.3,speeding_up,0,0,9.0,7,0,balanced,0.797,0.727,0.962,0.617,0.626
fast_learner,35.4,0.148,1,0,0,2.5,speeding_up,2,0,8.6,7,0,balanced,0.86,0.731,0.764,0.818,0.607
fast_learner,24.6,0.059,0,0,0,3.7,speeding_up,2,0,9.1,7,0,balanced,0.842,0.806,0.858,0.704,0.89
fast_learner,28.4,0.072,0,0,0,3.0,speeding_up,2,1,9.2,7,0,balanced,0.943,0.817,0.598,0.803,0.866
fast_learner,28.0,0.147,1,0,0,2.6,speeding_up,0,0,9.2,7,0,balanced,0.902,0.818,0.517,0.805,0.431
fast_learner,38.7,0.164,0,0,0,2.7,speeding_up,1,1,9.3,7,0,balanced,0.997,0.674,0.605,0.799,0.737
fast_learner,32.5,0.175,0,0,0,2.3,speeding_up,2,0,9.5,7,0,balanced,0.555,0.534,0.822,0.512,0.454
fast_learner,34.9,0.111,0,0,0,2.6,speeding_up,0,1,8.5,7,0,balanced,0.822,0.693,0.91,0.618,0.832
fast_learner,18.8,0.128,0,0,0,1.4,speeding_up,1,1,9.9,7,0,balanced,0.936,0.63,0.739,0.737,0.644
fast_learner,41.0,0.156,0,0,0,2.2,speeding_up,1,1,9.5,7,0,balanced,0.878,0.654,0.744,0.748,0.793
fast_learner,33.2,0.195,0,0,0,2.2,speeding_up,0,1,9.6,7,0,balanced,0.931,0.717,0.901,0.713,0.57
fast_learner,34.5,0.123,0,0,0,3.0,speeding_up,0,0,9.0,7,0,balanced,0.927,0.796,0.777,0.766,0.558
fast_learner,29.2,0.164,0,0,0,2.2,speeding_up,1,3,9.7,7,0,balanced,0.925,0.593,0.888,0.712,0.655
fast_learner,31.7,0.114,0,0,0,3.2,speeding_up,2,0,8.5,7,0,balanced,0.99,0.886,0.644,0.772,0.736
fast_learner,31.1,0.027,0,0,0,2.1,speeding_up,1,1,8.8,7,0,balanced,0.918,0.884,0.843,0.791,0.748
fast_learner,28.3,0.169,0,0,0,2.2,speeding_up,1,1,10.0,7,0,balanced,0.888,0.351,0.768,0.586,0.648
fast_learner,39.2,0.129,0,0,0,2.0,speeding_up,0,0,9.2,7,0,balanced,0.994,0.732,0.864,0.785,0.598
fast_learner,26.0,0.089,0,0,0,2.3,speeding_up,2,0,9.5,7,0,balanced,0.527,0.778,0.804,0.665,0.613
fast_learner,21.8,0.122,1,0,0,3.0,speeding_up,0,0,9.0,7,0,balanced,0.864,0.732,0.878,0.773,0.706
fast_learner,39.6,0.071,1,0,0,2.8,speeding_up,1,0,7.7,7,0,balanced,0.93,0.837,0.804,0.955,0.498
fast_learner,21.3,0.084,0,0,0,3.2,speeding_up,1,1,9.2,7,0,balanced,0.754,0.356,0.521,0.597,0.908
fast_learner,31.0,0.196,2,0,0,2.5,speeding_up,1,0,8.6,7,0,balanced,0.894,0.587,0.775,0.756,0.546
fast_learner,37.6,0.151,0,0,0,2.2,speeding_up,1,0,9.2,7,0,balanced,0.771,0.591,0.689,0.688,0.657
fast_learner,39.8,0.174,0,0,0,3.1,speeding_up,0,0,9.3,7,0,balanced,0.732,0.488,0.961,0.581,0.737
fast_learner,30.2,0.105,0,0,0,2.4,speeding_up,1,0,8.2,7,0,balanced,0.823,0.501,0.579,0.662,0.63
fast_learner,23.9,0.166,1,0,0,2.1,speeding_up,2,0,8.6,7,0,balanced,0.929,0.758,0.884,0.722,0.803
fast_learner,40.8,0.11,1,0,0,2.1,speeding_up,1,1,10.0,7,0,balanced,0.746,0.808,0.877,0.722,0.901
fast_learner,41.5,0.177,0,0,0,1.9,speeding_up,0,0,9.5,7,0,balanced,0.944,0.635,0.776,0.781,0.601
fast_learner,32.2,0.135,0,0,0,1.1,speeding_up,1,1,9.7,7,0,balanced,0.993,0.461,0.604,0.647,0.709
fast_learner,30.7,0.189,0,0,0,2.3,speeding_up,0,0,9.1,7,0,balanced,0.665,0.757,0.623,0.637,0.339
fast_learner,24.7,0.072,0,0,0,3.2,speeding_up,1,0,9.7,7,0,balanced,0.819,0.624,0.557,0.703,0.629
fast_learner,29.7,0.129,1,0,0,2.8,speeding_up,0,0,9.7,7,0,balanced,0.952,0.73,0.984,0.726,0.734
fast_learner,23.6,0.097,0,0,0,2.5,speeding_up,0,1,8.6,7,0,balanced,0.919,0.822,0.87,0.742,0.522
fast_learner,37.8,0.165,0,0,0,3.5,speeding_up,2,1,8.1,7,0,balanced,0.965,0.794,0.953,0.867,0.87
fast_learner,37.6,0.082,0,0,0,2.2,speeding_up,0,1,9.2,7,0,balanced,0.923,0.941,0.829,0.904,0.722
fast_learner,35.8,0.141,0,0,0,3.3,speeding_up,1,1,9.1,7,0,balanced,0.809,0.535,0.828,0.635,0.492
fast_learner,33.0,0.141,0,0,0,2.8,speeding_up,0,0,7.9,7,0,balanced,0.892,0.549,0.927,0.637,0.815
fast_learner,34.2,0.202,0,0,0,2.8,speeding_up,0,0,9.3,7,0,balanced,0.953,0.854,0.801,0.8,0.78
fast_learner,32.7,0.109,0,0,0,2.5,speeding_up,0,0,8.8,7,0,balanced,0.946,0.312,0.668,0.553,0.764
fast_learner,31.7,0.121,0,0,0,1.7,speeding_up,3,0,9.1,7,0,balanced,0.939,0.649,0.796,0.655,0.868
inconsistent_performer,52.5,0.789,2,2,0,5.7,stable,5,4,6.1,7,0,impulsive,0.505,0.604,0.199,0.568,0.442
inconsistent_performer,59.1,0.717,1,4,0,8.0,slowing_down,8,2,4.2,7,0,balanced,0.702,0.294,0.417,0.54,0.252
inconsistent_performer,71.6,0.608,4,5,3,4.4,speeding_up,7,3,6.7,7,0,balanced,0.37,0.67,0.584,0.486,0.435
inconsistent_performer,45.7,0.553,5,3,2,3.3,stable,8,6,5.6,7,0,deliberate,0.738,0.493,0.769,0.581,0.442
inconsistent_performer,72.7,0.569,2,0,2,6.2,speeding_up,5,6,3.9,7,0,balanced,0.416,0.351,0.614,0.401,0.587
inconsistent_performer,53.2,0.594,3,1,2,4.3,stable,10,2,6.5,7,0,deliberate,0.617,0.898,0.715,0.723,0.371
inconsistent_performer,60.5,0.654,5,0,1,2.7,stable,4,5,4.8,7,0,balanced,0.734,0.725,0.643,0.686,0.537
inconsistent_performer,73.0,0.785,3,0,3,5.9,speeding_up,6,4,4.9,7,0,impulsive,0.709,0.318,0.483,0.413,0.403
inconsistent_performer,73.5,0.84,1,2,0,5.8,slowing_down,7,6,4.2,7,0,impulsive,0.424,0.523,0.681,0.467,0.445
inconsistent_performer,51.4,0.576,4,2,2,3.8,stable,6,4,4.3,7,0,impulsive,0.54,0.454,0.477,0.571,0.473
inconsistent_performer,56.4,0.641,2,3,3,3.8,slowing_down,7,4,6.8,7,0,impulsive,0.629,0.688,0.606,0.725,0.586
inconsistent_performer,50.3,0.804,3,1,1,2.8,speeding_up,3,7,8.4,7,0,balanced,0.701,0.153,0.316,0.451,0.452
inconsistent_performer,35.6,0.697,3,0,1,7.2,slowing_down,6,3,3.9,7,0,impulsive,0.632,0.492,0.507,0.554,0.644
inconsistent_performer,62.4,0.757,1,0,1,1.6,speeding_up,4,6,3.1,7,0,impulsive,0.528,0.332,0.456,0.511,0.809
inconsistent_performer,68.8,0.609,4,3,0,6.0,slowing_down,9,8,8.3,7,0,deliberate,0.702,0.527,0.796,0.598,0.442
inconsistent_performer,32.3,0.688,3,2,0,4.7,stable,3,4,4.9,7,0,balanced,0.662,0.498,0.328,0.578,0.478
inconsistent_performer,57.3,0.706,2,2,2,5.1,slowing_down,4,5,4.9,7,0,deliberate,0.568,0.168,0.729,0.415,0.331
inconsistent_performer,61.2,0.724,5,1,2,3.4,speeding_up,8,1,4.5,7,0,impulsive,0.536,0.605,0.512,0.656,0.259
inconsistent_performer,49.5,0.56,0,2,2,6.2,slowing_down,5,4,4.7,7,0,impulsive,0.54,0.298,0.504,0.555,0.443
inconsistent_performer,50.1,0.84,2,1,1,6.3,stable,7,5,6.6,7,0,balanced,0.672,0.446,0.302,0.544,0.669
inconsistent_performer,52.5,0.8,1,0,2,5.1,speeding_up,10,3,4.2,7,0,impulsive,0.411,0.383,0.644,0.382,0.385
inconsistent_performer,57.1,0.655,3,1,2,7.9,speeding_up,2,3,7.2,7,0,balanced,0.617,0.374,0.233,0.416,0.67
inconsistent_performer,44.0,0.715,1,1,3,6.7,slowing_down,3,4,4.6,7,0,deliberate,0.465,0.737,0.337,0.563,0.24
inconsistent_performer,34.2,0.837,3,4,2,7.1,slowing_down,10,4,5.6,7,0,balanced,0.5,0.562,0.38,0.429,0.369
inconsistent_performer,83.4,0.569,6,1,2,3.7,speeding_up,5,3,6.7,7,0,impulsive,0.545,0.284,0.604,0.464,0.602
inconsistent_performer,70.4,0.598,3,0,2,9.1,speeding_up,4,1,6.5,7,0,deliberate,0.667,0.392,0.689,0.559,0.298
inconsistent_performer,61.7,0.583,0,0,0,7.2,stable,7,4,6.6,7,0,impulsive,0.712,0.631,0.792,0.603,0.713
inconsistent_performer,67.9,0.553,1,0,1,5.2,stable,5,6,6.0,7,0,deliberate,0.509,0.628,0.507,0.518,0.421
inconsistent_performer,53.0,0.573,2,1,0,2.7,slowing_down,8,7,5.6,7,0,balanced,0.684,0.176,0.311,0.37,0.793
inconsistent_performer,67.4,0.8,3,0,0,7.3,slowing_down,6,2,6.6,7,0,deliberate,0.558,0.533,0.63,0.546,0.708
inconsistent_performer,34.9,0.656,3,1,1,3.1,stable,2,6,8.1,7,0,impulsive,0.655,0.257,0.405,0.457,0.623
inconsistent_performer,69.5,0.602,5,5,1,5.2,slowing_down,6,3,6.0,7,0,impulsive,0.605,0.504,0.616,0.606,0.204
inconsistent_performer,44.2,0.775,2,2,0,4.4,speeding_up,2,7,7.8,7,0,balanced,0.502,0.323,0.417,0.398,0.262
inconsistent_performer,68.5,0.604,3,2,4,6.7,stable,11,1,4.1,7,0,balanced,0.69,0.373,0.37,0.594,0.469
inconsistent_performer,50.5,0.769,3,1,2,9.8,speeding_up,4,4,4.6,7,0,impulsive,0.536,0.66,0.452,0.657,0.593
inconsistent_performer,67.8,0.805,0,1,2,5.8,slowing_down,4,4,3.6,7,0,deliberate,0.667,0.78,0.351,0.756,0.243
inconsistent_performer,61.1,0.659,3,2,1,3.1,slowing_down,2,2,6.3,7,0,impulsive,0.716,0.552,0.3,0.617,0.528
inconsistent_performer,40.6,0.633,5,1,1,5.2,speeding_up,9,3,6.8,7,0,deliberate,0.691,0.442,0.35,0.582,0.698
inconsistent_performer,56.1,0.712,2,0,1,9.1,slowing_down,5,1,4.8,7,0,balanced,0.431,0.448,0.42,0.458,0.672
inconsistent_performer,82.8,0.591,1,3,0,6.7,stable,3,1,6.3,7,0,balanced,0.73,0.383,0.527,0.561,0.657
inconsistent_performer,49.6,0.806,0,1,1,6.9,stable,3,1,6.4,7,0,balanced,0.549,0.448,0.736,0.562,0.583
inconsistent_performer,85.2,0.789,1,2,2,2.3,slowing_down,5,3,3.8,7,0,impulsive,0.666,0.382,0.467,0.57,0.576
inconsistent_performer,47.6,0.847,1,2,2,7.7,slowing_down,6,7,6.2,7,0,deliberate,0.423,0.365,0.443,0.464,0.39
inconsistent_performer,87.4,0.73,0,1,0,8.3,stable,7,2,4.1,7,0,deliberate,0.587,0.5,0.505,0.504,0.804
inconsistent_performer,51.1,0.827,1,4,1,3.6,speeding_up,4,2,4.3,7,0,deliberate,0.519,0.371,0.694,0.363,0.775
inconsistent_performer,48.3,0.584,4,1,2,5.7,slowing_down,8,3,7.4,7,0,deliberate,0.654,0.507,0.822,0.557,0.286
inconsistent_performer,47.7,0.761,0,0,1,6.2,speeding_up,3,4,6.5,7,0,balanced,0.719,0.317,0.619,0.509,0.552
inconsistent_performer,64.2,0.696,3,2,1,2.2,speeding_up,3,5,6.4,7,0,deliberate,0.408,0.5,0.273,0.448,0.523
inconsistent_performer,66.5,0.804,1,2,0,6.2,slowing_down,5,2,4.8,7,0,deliberate,0.735,0.254,0.498,0.461,0.616
inconsistent_performer,79.6,0.746,4,3,1,6.9,speeding_up,9,1,4.7,7,0,balanced,0.394,0.59,0.24,0.459,0.382
inconsistent_performer,49.5,0.637,0,1,1,6.1,speeding_up,3,4,7.3,7,0,balanced,0.417,0.48,0.574,0.471,0.75
inconsistent_performer,60.1,0.576,3,1,1,5.6,slowing_down,6,1,5.4,7,0,balanced,0.532,0.68,0.387,0.629,0.407
inconsistent_performer,45.6,0.632,4,2,1,6.5,slowing_down,8,3,8.1,7,0,deliberate,0.62,0.597,0.481,0.595,0.807
inconsistent_performer,49.6,0.723,4,1,0,7.0,stable,8,2,4.5,7,0,balanced,0.52,0.76,0.242,0.6,0.579
inconsistent_performer,42.1,0.848,2,0,1,9.1,stable,5,7,5.6,7,0,impulsive,0.361,0.246,0.296,0.403,0.239
inconsistent_performer,53.9,0.719,7,0,2,3.8,stable,6,2,6.0,7,0,balanced,0.591,0.545,0.182,0.465,0.769
inconsistent_performer,77.2,0.666,2,1,2,6.3,speeding_up,6,3,6.7,7,0,impulsive,0.386,0.737,0.456,0.533,0.155
inconsistent_performer,59.3,0.766,3,3,5,7.4,stable,0,3,4.7,7,0,impulsive,0.599,0.595,0.421,0.532,0.476
inconsistent_performer,53.5,0.698,4,1,3,7.4,stable,5,3,3.2,7,0,balanced,0.43,0.463,0.689,0.407,0.564
inconsistent_performer,49.5,0.553,3,3,0,11.4,stable,8,7,7.5,7,0,deliberate,0.386,0.232,0.455,0.332,0.45
inconsistent_performer,70.8,0.849,1,0,0,5.8,stable,10,3,6.7,7,0,deliberate,0.487,0.481,0.741,0.409,0.236
inconsistent_performer,80.5,0.685,2,2,0,5.4,slowing_down,5,7,4.6,7,0,deliberate,0.435,0.314,0.606,0.339,0.261
inconsistent_performer,82.7,0.668,2,1,3,9.0,slowing_down,6,3,4.3,7,0,impulsive,0.442,0.371,0.47,0.455,0.539
inconsistent_performer,43.5,0.793,4,3,0,5.8,slowing_down,8,1,6.4,7,0,impulsive,0.743,0.351,0.61,0.532,0.744
inconsistent_performer,49.7,0.779,1,0,3,4.8,stable,4,6,3.9,7,0,impulsive,0.597,0.291,0.135,0.453,0.261
inconsistent_performer,58.8,0.62,4,0,0,4.0,speeding_up,3,5,2.6,7,0,balanced,0.365,0.715,0.194,0.48,0.359
inconsistent_performer,79.1,0.59,1,5,2,6.9,speeding_up,6,4,6.0,7,0,balanced,0.482,0.525,0.253,0.572,0.349
inconsistent_performer,44.2,0.643,4,3,0,3.0,stable,5,0,5.9,7,0,balanced,0.356,0.696,0.452,0.491,0.323
inconsistent_performer,70.1,0.748,1,1,4,1.6,stable,6,4,5.1,7,0,balanced,0.36,0.355,0.71,0.463,0.502
inconsistent_performer,42.5,0.692,2,0,2,5.8,speeding_up,6,4,5.1,7,0,impulsive,0.405,0.341,0.209,0.439,0.709
inconsistent_performer,58.1,0.808,3,3,3,0.3,speeding_up,6,5,5.9,7,0,impulsive,0.477,0.742,0.392,0.656,0.259
inconsistent_performer,59.5,0.696,1,5,0,8.3,speeding_up,5,6,4.7,7,0,balanced,0.638,0.74,0.275,0.547,0.636
inconsistent_performer,48.1,0.767,7,3,2,4.8,speeding_up,7,1,5.0,7,0,balanced,0.61,0.373,0.673,0.483,0.769
inconsistent_performer,52.6,0.712,0,1,1,6.5,slowing_down,6,3,7.2,7,0,balanced,0.57,0.539,0.53,0.582,0.663
inconsistent_performer,70.9,0.699,1,0,2,6.6,stable,8,3,4.6,7,0,balanced,0.466,0.408,0.587,0.385,0.517
inconsistent_performer,55.4,0.672,0,0,2,6.7,stable,1,7,5.3,7,0,deliberate,0.352,0.666,0.537,0.581,0.251
inconsistent_performer,65.8,0.586,2,1,1,6.5,slowing_down,5,4,5.0,7,0,impulsive,0.648,0.589,0.78,0.604,0.711
inconsistent_performer,69.3,0.818,1,0,3,7.2,speeding_up,5,5,7.9,7,0,balanced,0.396,0.439,0.775,0.413,0.493
inconsistent_performer,59.0,0.669,3,3,1,2.9,slowing_down,3,4,6.6,7,0,impulsive,0.547,0.345,0.369,0.504,0.528
inconsistent_performer,69.2,0.685,1,1,2,6.8,stable,6,5,5.9,7,0,balanced,0.667,0.316,0.846,0.445,0.595
inconsistent_performer,76.1,0.562,2,4,1,6.5,slowing_down,3,1,5.2,7,0,balanced,0.557,0.741,0.807,0.592,0.377
inconsistent_performer,58.6,0.561,1,1,2,7.2,slowing_down,5,3,5.6,7,0,deliberate,0.482,0.466,0.121,0.57,0.701
inconsistent_performer,73.1,0.741,1,1,1,4.4,slowing_down,10,2,6.4,7,0,impulsive,0.358,0.438,0.514,0.398,0.567
inconsistent_performer,68.0,0.634,3,2,2,2.8,slowing_down,3,6,7.4,7,0,impulsive,0.717,0.813,0.778,0.698,0.743
inconsistent_performer,51.3,0.748,2,2,2,4.5,slowing_down,2,10,5.5,7,0,impulsive,0.738,0.656,0.356,0.72,0.56
inconsistent_performer,64.3,0.638,2,1,1,4.8,stable,9,2,6.5,7,0,impulsive,0.603,0.441,0.213,0.419,0.726
inconsistent_performer,53.5,0.767,3,5,1,7.1,stable,10,2,6.3,7,0,impulsive,0.479,0.424,0.45,0.513,0.564
inconsistent_performer,51.1,0.625,2,1,3,6.2,speeding_up,10,6,6.4,7,0,deliberate,0.689,0.663,0.247,0.665,0.743
inconsistent_performer,66.6,0.587,1,0,0,8.4,stable,4,1,3.5,7,0,impulsive,0.374,0.487,0.705,0.512,0.513
inconsistent_performer,46.8,0.673,2,1,1,7.3,speeding_up,3,3,7.0,7,0,balanced,0.736,0.487,0.538,0.511,0.535
inconsistent_performer,64.7,0.782,2,4,2,5.2,slowing_down,7,3,5.9,7,0,balanced,0.606,0.764,0.708,0.69,0.485
inconsistent_performer,53.6,0.552,2,2,1,6.9,slowing_down,1,6,4.1,7,0,impulsive,0.605,0.875,0.384,0.672,0.358
inconsistent_performer,84.2,0.624,2,3,3,3.9,speeding_up,6,1,5.7,7,0,impulsive,0.568,0.34,0.585,0.521,0.38
inconsistent_performer,46.3,0.629,2,1,1,7.7,stable,3,2,6.7,7,0,impulsive,0.536,0.509,0.579,0.445,0.6
inconsistent_performer,51.8,0.647,2,2,2,4.9,stable,8,3,4.3,7,0,impulsive,0.709,0.446,0.444,0.487,0.466
inconsistent_performer,45.7,0.697,2,0,1,7.7,speeding_up,9,5,3.8,7,0,impulsive,0.646,0.342,0.543,0.535,0.35
inconsistent_performer,51.5,0.811,1,1,1,7.4,speeding_up,7,4,6.1,7,0,balanced,0.483,0.433,0.455,0.44,0.363
inconsistent_performer,42.2,0.778,1,3,0,4.4,stable,6,7,5.1,7,0,deliberate,0.533,0.308,0.286,0.44,0.523
inconsistent_performer,56.4,0.695,2,3,3,7.9,stable,6,3,6.8,7,0,deliberate,0.58,0.64,0.499,0.627,0.921
inconsistent_performer,68.1,0.563,0,3,0,3.4,stable,6,5,5.2,7,0,balanced,0.61,0.326,0.489,0.549,0.753
inconsistent_performer,61.3,0.719,2,1,3,4.8,slowing_down,9,3,5.9,7,0,impulsive,0.681,0.156,0.751,0.51,0.552
inconsistent_performer,59.7,0.766,1,3,1,4.6,slowing_down,10,2,6.6,7,0,deliberate,0.544,0.356,0.568,0.45,0.397
inconsistent_performer,53.4,0.704,1,1,1,3.5,speeding_up,8,4,7.2,7,0,impulsive,0.672,0.821,0.733,0.76,0.557
inconsistent_performer,47.1,0.682,1,2,1,7.5,stable,10,4,4.8,7,0,deliberate,0.585,0.258,0.646,0.429,0.721
inconsistent_performer,55.7,0.722,2,2,1,6.7,speeding_up,3,7,7.7,7,0,impulsive,0.532,0.335,0.779,0.473,0.324
inconsistent_performer,59.5,0.792,3,2,0,8.0,stable,1,7,5.1,7,0,impulsive,0.533,0.6,0.242,0.582,0.652
inconsistent_performer,57.0,0.803,2,2,1,7.3,speeding_up,3,4,6.1,7,0,deliberate,0.607,0.534,0.491,0.527,0.409
inconsistent_performer,38.9,0.848,2,2,1,3.9,stable,8,2,6.6,7,0,deliberate,0.722,0.85,0.468,0.739,0.532
inconsistent_performer,68.4,0.74,2,2,1,5.3,stable,4,4,6.1,7,0,balanced,0.658,0.591,0.504,0.607,0.608
inconsistent_performer,38.2,0.838,4,0,2,9.6,speeding_up,7,3,6.0,7,0,deliberate,0.627,0.674,0.457,0.602,0.49
inconsistent_performer,43.4,0.798,3,3,2,4.5,slowing_down,6,2,3.1,7,0,deliberate,0.548,0.298,0.74,0.463,0.287
inconsistent_performer,33.3,0.73,3,5,2,6.3,slowing_down,8,3,5.8,7,0,deliberate,0.383,0.593,0.395,0.494,0.569
inconsistent_performer,45.9,0.589,1,0,2,5.7,speeding_up,7,6,6.6,7,0,balanced,0.719,0.577,0.524,0.578,0.408
inconsistent_performer,55.3,0.843,2,0,2,5.9,slowing_down,5,1,6.3,7,0,impulsive,0.592,0.332,0.717,0.403,0.185
inconsistent_performer,71.0,0.813,5,3,1,3.8,speeding_up,7,3,5.8,7,0,deliberate,0.567,0.665,0.229,0.591,0.521
inconsistent_performer,75.1,0.704,5,2,3,7.2,speeding_up,5,2,5.7,7,0,deliberate,0.545,0.355,0.401,0.419,0.363
inconsistent_performer,72.0,0.569,4,1,1,5.3,speeding_up,2,5,3.9,7,0,deliberate,0.661,0.257,0.473,0.503,0.534
inconsistent_performer,53.9,0.595,2,2,0,4.3,slowing_down,9,2,6.7,7,0,balanced,0.387,0.368,0.303,0.356,0.488
inconsistent_performer,55.4,0.721,1,1,1,4.5,speeding_up,5,5,7.9,7,0,balanced,0.516,0.569,0.641,0.485,0.579
inconsistent_performer,57.3,0.793,1,1,2,6.2,slowing_down,8,2,3.6,7,0,impulsive,0.563,0.64,0.693,0.477,0.552
inconsistent_performer,47.9,0.844,3,2,0,8.9,stable,5,5,5.3,7,0,impulsive,0.534,0.62,0.629,0.55,0.59
inconsistent_performer,72.0,0.783,3,1,2,10.2,slowing_down,5,6,7.2,7,0,balanced,0.585,0.316,0.213,0.4,0.536
inconsistent_performer,51.0,0.787,1,0,0,6.8,stable,4,3,4.4,7,0,impulsive,0.54,0.223,0.414,0.477,0.454
inconsistent_performer,51.3,0.78,1,1,2,3.8,stable,4,2,7.7,7,0,impulsive,0.49,0.403,0.531,0.476,0.566
inconsistent_performer,55.6,0.749,5,2,1,7.4,speeding_up,8,6,5.7,7,0,impulsive,0.536,0.451,0.735,0.55,0.369
inconsistent_performer,46.8,0.699,3,1,1,7.7,slowing_down,5,2,5.7,7,0,deliberate,0.73,0.537,0.301,0.647,0.697
inconsistent_performer,55.7,0.578,4,5,1,3.9,speeding_up,6,2,5.8,7,0,impulsive,0.475,0.618,0.589,0.5,0.507
inconsistent_performer,50.4,0.841,1,4,0,8.5,speeding_up,9,2,6.7,7,0,balanced,0.624,0.559,0.533,0.54,0.534
inconsistent_performer,34.1,0.748,0,1,0,2.5,speeding_up,6,5,5.3,7,0,deliberate,0.645,0.648,0.463,0.56,0.651
inconsistent_performer,71.9,0.607,1,1,2,6.5,slowing_down,6,6,6.0,7,0,balanced,0.452,0.442,0.396,0.474,0.641
inconsistent_performer,76.8,0.668,0,1,2,5.3,speeding_up,2,4,3.3,7,0,impulsive,0.368,0.287,0.459,0.425,0.551
inconsistent_performer,52.1,0.7,3,1,0,3.6,speeding_up,11,5,5.6,7,0,deliberate,0.655,0.584,0.368,0.574,0.625
inconsistent_performer,70.9,0.829,4,2,2,6.2,slowing_down,6,3,7.0,7,0,balanced,0.47,0.49,0.501,0.463,0.315
inconsistent_performer,53.4,0.637,3,0,3,7.4,speeding_up,2,7,5.4,7,0,balanced,0.526,0.715,0.29,0.608,0.521
inconsistent_performer,57.0,0.818,1,3,1,7.3,slowing_down,7,5,3.2,7,0,balanced,0.53,0.747,0.622,0.662,0.483
inconsistent_performer,58.3,0.662,1,3,1,8.2,slowing_down,3,4,5.0,7,0,deliberate,0.405,0.53,0.514,0.461,0.498
inconsistent_performer,57.9,0.816,2,1,2,6.8,slowing_down,5,6,4.5,7,0,impulsive,0.59,0.552,0.429,0.594,0.473
inconsistent_performer,41.4,0.601,3,2,5,3.4,stable,2,8,4.6,7,0,balanced,0.412,0.631,0.589,0.423,0.364
inconsistent_performer,81.7,0.595,3,1,1,8.3,slowing_down,5,4,5.1,7,0,deliberate,0.592,0.715,0.521,0.665,0.7
inconsistent_performer,63.5,0.557,1,1,0,4.5,speeding_up,5,2,5.6,7,0,balanced,0.453,0.556,0.581,0.457,0.363
inconsistent_performer,69.2,0.685,4,0,0,7.4,stable,7,1,4.9,7,0,impulsive,0.473,0.425,0.514,0.454,0.649
inconsistent_performer,68.8,0.704,3,2,0,2.1,stable,6,4,4.0,7,0,impulsive,0.454,0.383,0.485,0.382,0.566
inconsistent_performer,52.9,0.708,2,1,0,5.9,slowing_down,7,0,3.5,7,0,impulsive,0.463,0.33,0.388,0.482,0.599
inconsistent_performer,50.2,0.599,2,4,3,5.2,slowing_down,8,4,5.4,7,0,balanced,0.439,0.326,0.43,0.51,0.568
inconsistent_performer,50.7,0.559,1,0,2,7.1,slowing_down,6,3,7.7,7,0,impulsive,0.435,0.56,0.612,0.524,0.735
inconsistent_performer,43.1,0.764,5,0,1,11.2,speeding_up,4,1,6.6,7,0,impulsive,0.488,0.645,0.469,0.484,0.542
inconsistent_performer,51.4,0.735,2,2,5,5.0,stable,5,8,4.4,7,0,balanced,0.448,0.432,0.778,0.452,0.591
inconsistent_performer,67.0,0.636,2,1,2,3.9,speeding_up,4,3,4.7,7,0,impulsive,0.671,0.418,0.655,0.523,0.446
inconsistent_performer,85.7,0.607,2,2,1,3.0,speeding_up,9,6,7.6,7,0,balanced,0.477,0.357,0.486,0.419,0.098
inconsistent_performer,67.2,0.614,2,1,1,8.1,speeding_up,5,4,7.8,7,0,deliberate,0.595,0.127,0.777,0.387,0.264
inconsistent_performer,64.9,0.611,0,3,0,5.3,slowing_down,2,6,7.0,7,0,deliberate,0.598,0.428,0.481,0.46,0.293
inconsistent_performer,50.4,0.61,2,2,0,5.4,speeding_up,7,9,7.2,7,0,deliberate,0.553,0.815,0.194,0.581,0.36
inconsistent_performer,45.4,0.639,2,2,0,4.2,speeding_up,7,6,7.1,7,0,balanced,0.549,0.269,0.486,0.37,0.582
inconsistent_performer,59.6,0.606,0,1,5,3.6,slowing_down,12,2,5.2,7,0,deliberate,0.477,0.533,0.785,0.526,0.171
inconsistent_performer,67.6,0.569,4,1,3,5.7,speeding_up,4,4,5.5,7,0,deliberate,0.515,0.585,0.636,0.559,0.346
inconsistent_performer,36.8,0.846,4,3,2,7.5,speeding_up,8,5,2.2,7,0,impulsive,0.709,0.238,0.208,0.47,0.409
inconsistent_performer,53.3,0.732,2,0,3,8.6,stable,4,6,6.3,7,0,deliberate,0.446,0.286,0.418,0.426,0.539
inconsistent_performer,51.9,0.685,5,3,3,5.2,speeding_up,10,2,6.3,7,0,impulsive,0.724,0.762,0.597,0.738,0.277
inconsistent_performer,56.7,0.824,4,0,3,4.7,speeding_up,4,6,4.9,7,0,deliberate,0.519,0.618,0.395,0.525,0.292
inconsistent_performer,53.8,0.806,2,1,2,3.7,slowing_down,7,6,4.4,7,0,balanced,0.521,0.779,0.584,0.621,0.544
inconsistent_performer,61.3,0.706,2,0,1,7.6,stable,9,3,4.3,7,0,impulsive,0.699,0.515,0.526,0.571,0.447
inconsistent_performer,74.4,0.571,3,1,2,3.1,speeding_up,4,3,7.2,7,0,deliberate,0.416,0.511,0.751,0.498,0.267
inconsistent_performer,57.7,0.837,0,1,2,4.8,stable,4,7,6.6,7,0,deliberate,0.616,0.479,0.794,0.6,0.275
inconsistent_performer,35.5,0.801,3,1,0,6.7,speeding_up,7,5,5.5,7,0,deliberate,0.38,0.837,0.213,0.515,0.538
inconsistent_performer,45.6,0.587,4,5,3,6.0,stable,4,2,7.0,7,0,balanced,0.388,0.425,0.246,0.327,0.788
inconsistent_performer,62.3,0.742,3,0,1,3.5,stable,8,1,5.9,7,0,deliberate,0.577,0.279,0.399,0.449,0.341
inconsistent_performer,65.8,0.674,4,1,1,4.3,slowing_down,4,4,3.6,7,0,deliberate,0.574,0.582,0.345,0.552,0.734
inconsistent_performer,68.1,0.793,0,1,3,9.1,slowing_down,3,3,3.8,7,0,deliberate,0.694,0.578,0.535,0.595,0.455
inconsistent_performer,53.0,0.729,2,1,3,7.0,stable,5,5,4.9,7,0,deliberate,0.372,0.383,0.608,0.432,0.31
inconsistent_performer,73.6,0.819,1,2,1,7.5,speeding_up,11,3,6.1,7,0,impulsive,0.723,0.652,0.323,0.727,0.483
inconsistent_performer,50.1,0.609,0,2,0,5.1,stable,4,5,6.5,7,0,deliberate,0.717,0.478,0.413,0.544,0.601
inconsistent_performer,55.2,0.631,1,1,2,3.6,slowing_down,4,4,6.2,7,0,impulsive,0.597,0.632,0.531,0.579,0.415
inconsistent_performer,55.3,0.64,1,1,1,6.9,slowing_down,7,1,5.1,7,0,balanced,0.549,0.493,0.642,0.474,0.44
inconsistent_performer,68.6,0.58,7,1,1,4.2,speeding_up,2,3,4.3,7,0,balanced,0.68,0.754,0.448,0.723,0.488
inconsistent_performer,63.1,0.7,5,4,2,5.7,stable,7,2,6.2,7,0,deliberate,0.459,0.48,0.244,0.421,0.622
inconsistent_performer,66.0,0.825,2,2,1,4.7,stable,2,5,7.6,7,0,impulsive,0.695,0.646,0.697,0.606,0.739
inconsistent_performer,57.7,0.615,3,3,0,2.6,slowing_down,4,5,5.3,7,0,deliberate,0.498,0.65,0.478,0.565,0.283
inconsistent_performer,82.8,0.62,3,0,2,5.7,stable,11,5,7.5,7,0,impulsive,0.4,0.668,0.365,0.476,0.516
inconsistent_performer,41.3,0.679,0,1,2,3.9,slowing_down,8,5,6.3,7,0,deliberate,0.368,0.557,0.546,0.455,0.295
inconsistent_performer,51.0,0.813,3,1,0,7.0,slowing_down,2,3,3.6,7,0,balanced,0.425,0.796,0.593,0.576,0.563
inconsistent_performer,64.8,0.714,2,3,1,8.0,slowing_down,3,4,6.3,7,0,deliberate,0.679,0.531,0.351,0.516,0.635
inconsistent_performer,70.8,0.589,2,1,2,5.6,speeding_up,2,3,6.4,7,0,impulsive,0.569,0.65,0.548,0.498,0.434
inconsistent_performer,50.7,0.553,4,2,3,8.1,speeding_up,7,6,5.1,7,0,deliberate,0.7,0.472,0.469,0.581,0.556
inconsistent_performer,58.9,0.613,2,1,5,6.3,speeding_up,3,2,4.8,7,0,impulsive,0.643,0.332,0.537,0.476,0.769
inconsistent_performer,67.1,0.67,2,1,1,5.4,slowing_down,5,4,5.4,7,0,deliberate,0.69,0.38,0.504,0.525,0.698
inconsistent_performer,66.5,0.773,1,1,0,5.9,slowing_down,5,2,4.2,7,0,deliberate,0.459,0.592,0.228,0.589,0.544
inconsistent_performer,75.7,0.805,2,2,1,5.4,stable,7,7,5.8,7,0,balanced,0.531,0.513,0.39,0.526,0.384
inconsistent_performer,57.2,0.624,3,0,1,6.3,slowing_down,2,5,6.5,7,0,deliberate,0.604,0.58,0.198,0.599,0.675
inconsistent_performer,74.5,0.829,1,2,2,4.1,speeding_up,5,6,5.4,7,0,impulsive,0.644,0.409,0.581,0.511,0.293
inconsistent_performer,69.4,0.724,3,4,1,1.8,slowing_down,3,2,7.3,7,0,deliberate,0.504,0.588,0.656,0.526,0.628
inconsistent_performer,66.6,0.633,0,3,2,7.5,slowing_down,7,5,6.4,7,0,impulsive,0.731,0.581,0.443,0.618,0.325
inconsistent_performer,69.6,0.673,1,3,2,6.1,stable,6,5,3.9,7,0,impulsive,0.699,0.748,0.608,0.765,0.568
inconsistent_performer,51.4,0.603,2,0,1,5.8,speeding_up,3,8,6.0,7,0,balanced,0.459,0.404,0.641,0.393,0.117
inconsistent_performer,58.0,0.646,2,1,2,9.1,slowing_down,8,4,5.2,7,0,deliberate,0.689,0.498,0.459,0.637,0.19
inconsistent_performer,34.7,0.807,6,1,3,5.9,speeding_up,7,2,6.7,7,0,balanced,0.419,0.582,0.589,0.356,0.281
inconsistent_performer,73.1,0.819,3,4,0,6.6,speeding_up,7,1,4.6,7,0,deliberate,0.598,0.714,0.302,0.664,0.624
inconsistent_performer,38.9,0.694,4,2,2,5.7,stable,5,3,6.5,7,0,balanced,0.7,0.239,0.826,0.467,0.642
inconsistent_performer,77.3,0.807,2,0,4,2.4,stable,5,4,4.7,7,0,deliberate,0.444,0.596,0.611,0.511,0.442
inconsistent_performer,57.6,0.562,6,5,2,4.7,stable,2,4,7.4,7,0,impulsive,0.437,0.537,0.296,0.447,0.546
inconsistent_performer,74.7,0.736,1,1,1,3.2,slowing_down,5,6,4.7,7,0,balanced,0.38,0.615,0.531,0.564,0.389
inconsistent_performer,47.6,0.657,3,1,1,4.5,speeding_up,5,5,5.7,7,0,deliberate,0.566,0.828,0.445,0.644,0.518
inconsistent_performer,67.7,0.608,0,4,3,4.7,speeding_up,4,4,6.9,7,0,balanced,0.655,0.386,0.527,0.536,0.323
inconsistent_performer,60.4,0.717,3,2,1,5.9,slowing_down,3,3,5.1,7,0,balanced,0.526,0.846,0.25,0.685,0.233
inconsistent_performer,41.5,0.624,1,1,3,7.8,slowing_down,7,5,6.1,7,0,balanced,0.684,0.16,0.617,0.428,0.666
inconsistent_performer,64.1,0.599,2,1,1,6.3,slowing_down,3,4,3.9,7,0,deliberate,0.418,0.229,0.413,0.376,0.319
inconsistent_performer,60.9,0.744,2,2,1,5.6,slowing_down,10,2,4.8,7,0,deliberate,0.362,0.753,0.648,0.591,0.335
inconsistent_performer,61.5,0.645,1,1,2,7.2,slowing_down,6,1,8.3,7,0,balanced,0.738,0.62,0.326,0.656,0.825
inconsistent_performer,82.0,0.751,2,1,4,6.5,stable,8,3,6.0,7,0,balanced,0.426,0.318,0.274,0.459,0.544
inconsistent_performer,68.8,0.734,3,0,0,4.4,slowing_down,8,6,6.8,7,0,impulsive,0.47,0.863,0.75,0.655,0.144
inconsistent_performer,50.8,0.838,4,0,0,2.7,stable,7,1,5.7,7,0,balanced,0.477,0.518,0.627,0.532,0.427
inconsistent_performer,71.4,0.834,3,2,1,5.1,slowing_down,4,2,5.1,7,0,impulsive,0.717,0.367,0.516,0.55,0.233
inconsistent_performer,53.4,0.742,1,1,2,9.4,stable,3,4,5.8,7,0,deliberate,0.713,0.365,0.724,0.49,0.454
inconsistent_performer,72.5,0.632,2,0,0,5.8,slowing_down,4,2,4.8,7,0,deliberate,0.423,0.852,0.687,0.702,0.673
inconsistent_performer,47.4,0.665,3,1,4,8.3,stable,11,3,4.2,7,0,deliberate,0.745,0.458,0.479,0.598,0.629
inconsistent_performer,54.0,0.835,2,2,1,7.6,stable,3,3,3.5,7,0,impulsive,0.573,0.633,0.665,0.587,0.264
inconsistent_performer,47.1,0.704,0,1,1,11.3,speeding_up,8,6,6.4,7,0,impulsive,0.696,0.332,0.249,0.482,0.566
inconsistent_performer,23.9,0.84,1,0,2,6.0,slowing_down,3,2,4.2,7,0,deliberate,0.497,0.712,0.482,0.611,0.447
inconsistent_performer,73.9,0.848,0,1,1,4.7,slowing_down,15,2,5.4,7,0,deliberate,0.523,0.436,0.335,0.455,0.418
inconsistent_performer,43.8,0.554,2,3,0,7.4,slowing_down,4,1,5.3,7,0,deliberate,0.557,0.58,0.396,0.564,0.808
inconsistent_performer,72.3,0.577,0,5,1,5.2,stable,3,5,4.2,7,0,deliberate,0.677,0.72,0.637,0.504,0.459
inconsistent_performer,48.2,0.789,0,3,2,7.2,stable,5,4,5.4,7,0,impulsive,0.549,0.57,0.399,0.632,0.573
inconsistent_performer,64.7,0.582,3,1,5,6.6,stable,6,3,5.2,7,0,deliberate,0.659,0.511,0.529,0.635,0.686
inconsistent_performer,56.8,0.581,2,1,3,6.1,speeding_up,5,3,5.4,7,0,balanced,0.61,0.676,0.444,0.615,0.509
inconsistent_performer,80.6,0.639,1,0,2,4.8,slowing_down,1,4,8.2,7,0,balanced,0.573,0.57,0.477,0.571,0.552
inconsistent_performer,61.9,0.799,0,1,2,5.9,stable,7,3,5.3,7,0,impulsive,0.733,0.3,0.403,0.462,0.256
inconsistent_performer,57.9,0.811,4,2,1,2.8,stable,4,1,5.9,7,0,balanced,0.416,0.51,0.745,0.427,0.61
inconsistent_performer,59.3,0.639,2,3,2,8.5,slowing_down,4,3,5.4,7,0,deliberate,0.614,0.609,0.402,0.628,0.461
inconsistent_performer,63.8,0.561,5,1,2,9.8,slowing_down,9,3,4.5,7,0,deliberate,0.374,0.569,0.732,0.408,0.837
inconsistent_performer,51.4,0.675,1,1,3,5.5,slowing_down,4,4,7.5,7,0,deliberate,0.484,0.435,0.65,0.574,0.371
inconsistent_performer,56.7,0.569,3,2,0,5.6,stable,6,4,4.7,7,0,impulsive,0.642,0.353,0.882,0.453,0.202
inconsistent_performer,79.2,0.644,2,1,2,8.3,stable,4,0,3.9,7,0,balanced,0.496,0.587,0.472,0.54,0.677
inconsistent_performer,53.9,0.671,3,3,1,5.1,stable,7,3,3.9,7,0,impulsive,0.493,0.546,0.351,0.512,0.181
inconsistent_performer,48.3,0.843,2,3,0,7.0,speeding_up,10,3,5.5,7,0,deliberate,0.453,0.561,0.471,0.555,0.431
inconsistent_performer,56.9,0.674,3,2,0,4.9,slowing_down,6,3,5.0,7,0,deliberate,0.393,0.213,0.415,0.373,0.515
inconsistent_performer,85.8,0.612,2,2,0,5.5,stable,3,5,2.3,7,0,deliberate,0.55,0.77,0.304,0.59,0.21
inconsistent_performer,54.4,0.694,5,4,3,11.0,stable,6,2,7.0,7,0,impulsive,0.553,0.329,0.724,0.473,0.398
inconsistent_performer,61.4,0.625,1,4,0,6.1,slowing_down,3,2,3.9,7,0,deliberate,0.517,0.417,0.817,0.49,0.311
inconsistent_performer,59.7,0.751,2,3,2,8.0,slowing_down,5,5,5.3,7,0,impulsive,0.474,0.478,0.276,0.382,0.53
inconsistent_performer,73.3,0.787,1,4,2,6.0,slowing_down,5,5,4.5,7,0,deliberate,0.573,0.467,0.692,0.508,0.26
inconsistent_performer,70.0,0.791,1,2,1,4.5,slowing_down,4,3,4.8,7,0,balanced,0.469,0.821,0.324,0.626,0.809
inconsistent_performer,65.4,0.61,4,2,4,6.8,speeding_up,8,3,4.0,7,0,deliberate,0.59,0.247,0.426,0.433,0.83
inconsistent_performer,49.7,0.772,1,2,2,8.3,speeding_up,7,1,6.3,7,0,impulsive,0.667,0.552,0.374,0.656,0.227
inconsistent_performer,47.6,0.791,3,0,1,8.7,speeding_up,7,6,3.4,7,0,balanced,0.38,0.761,0.585,0.584,0.511
inconsistent_performer,80.1,0.682,4,1,2,4.1,stable,5,1,6.8,7,0,deliberate,0.742,0.856,0.508,0.789,0.471
inconsistent_performer,60.2,0.675,5,4,1,8.0,stable,7,6,5.0,7,0,impulsive,0.438,0.471,0.571,0.455,0.51
inconsistent_performer,49.1,0.779,2,4,3,5.4,slowing_down,5,4,3.5,7,0,impulsive,0.575,0.611,0.573,0.586,0.344
inconsistent_performer,51.5,0.571,4,2,1,7.0,speeding_up,8,4,6.1,7,0,impulsive,0.451,0.551,0.652,0.479,0.843
inconsistent_performer,32.6,0.646,3,5,3,4.3,stable,4,5,5.4,7,0,balanced,0.658,0.3,0.304,0.332,0.693
inconsistent_performer,45.2,0.687,0,2,1,5.7,stable,8,6,6.0,7,0,impulsive,0.659,0.415,0.638,0.5,0.636
inconsistent_performer,80.8,0.678,0,2,0,7.0,speeding_up,4,6,4.3,7,0,balanced,0.591,0.716,0.273,0.609,0.274
inconsistent_performer,75.0,0.636,4,2,1,5.6,speeding_up,3,3,3.6,7,0,deliberate,0.521,0.558,0.376,0.486,0.54
inconsistent_performer,29.9,0.571,0,2,2,7.1,speeding_up,5,5,5.4,7,0,balanced,0.706,0.864,0.561,0.637,0.381
inconsistent_performer,65.5,0.711,0,1,1,2.3,speeding_up,6,2,4.8,7,0,balanced,0.411,0.315,0.658,0.405,0.723
inconsistent_performer,72.3,0.572,2,0,0,6.0,slowing_down,3,10,5.2,7,0,deliberate,0.575,0.606,0.409,0.518,0.776
inconsistent_performer,51.0,0.56,2,0,2,5.7,slowing_down,3,1,4.8,7,0,deliberate,0.607,0.728,0.638,0.649,0.308
inconsistent_performer,55.5,0.6,1,4,1,3.1,slowing_down,4,2,7.2,7,0,balanced,0.406,0.415,0.355,0.427,0.385
inconsistent_performer,66.1,0.616,1,1,2,7.1,speeding_up,4,4,4.9,7,0,impulsive,0.436,0.318,0.546,0.321,0.69
inconsistent_performer,79.7,0.561,5,1,0,9.8,slowing_down,9,1,5.4,7,0,impulsive,0.504,0.543,0.413,0.519,0.487
inconsistent_performer,63.6,0.804,1,0,1,4.4,stable,3,1,4.7,7,0,balanced,0.356,0.658,0.525,0.508,0.705
inconsistent_performer,53.9,0.685,3,2,1,3.0,stable,3,2,4.3,7,0,impulsive,0.52,0.164,0.537,0.37,0.329
inconsistent_performer,61.4,0.58,0,2,1,4.3,speeding_up,4,5,7.1,7,0,deliberate,0.412,0.546,0.569,0.498,0.627
inconsistent_performer,56.4,0.83,0,2,1,7.4,stable,7,4,5.7,7,0,deliberate,0.619,0.689,0.53,0.701,0.447
inconsistent_performer,59.3,0.636,2,0,2,8.9,stable,5,3,6.6,7,0,impulsive,0.516,0.424,0.764,0.409,0.592
inconsistent_performer,56.8,0.844,3,2,2,4.5,speeding_up,5,2,5.5,7,0,balanced,0.741,0.677,0.686,0.599,0.381
inconsistent_performer,36.4,0.572,0,2,1,5.6,stable,4,4,4.6,7,0,deliberate,0.671,0.313,0.376,0.506,0.664
inconsistent_performer,68.9,0.778,2,2,3,6.5,speeding_up,2,3,8.4,7,0,deliberate,0.441,0.57,0.374,0.471,0.263
inconsistent_performer,49.0,0.795,1,4,2,4.7,slowing_down,3,8,3.3,7,0,balanced,0.549,0.547,0.477,0.534,0.425
inconsistent_performer,67.9,0.586,4,1,1,3.2,slowing_down,4,2,6.0,7,0,deliberate,0.725,0.457,0.354,0.609,0.55
inconsistent_performer,49.6,0.686,2,0,1,6.2,speeding_up,9,3,5.5,7,0,impulsive,0.552,0.49,0.344,0.452,0.474
inconsistent_performer,64.6,0.662,2,3,0,6.9,stable,9,2,5.5,7,0,balanced,0.414,0.398,0.395,0.511,0.29
inconsistent_performer,76.1,0.675,0,1,2,5.7,slowing_down,7,3,5.1,7,0,balanced,0.49,0.536,0.494,0.513,0.241
inconsistent_performer,58.9,0.793,1,0,1,8.1,slowing_down,3,5,7.0,7,0,balanced,0.419,0.441,0.724,0.455,0.617
inconsistent_performer,57.1,0.722,4,2,0,7.3,stable,7,3,6.2,7,0,impulsive,0.677,0.327,0.799,0.456,0.518
inconsistent_performer,73.8,0.617,0,1,2,3.9,speeding_up,8,6,5.1,7,0,balanced,0.688,0.428,0.4,0.573,0.491
inconsistent_performer,39.2,0.792,3,1,3,5.4,stable,3,5,5.2,7,0,impulsive,0.382,0.512,0.575,0.434,0.301
inconsistent_performer,43.0,0.734,0,0,1,6.5,slowing_down,8,10,5.6,7,0,impulsive,0.734,0.216,0.326,0.446,0.293
inconsistent_performer,65.8,0.598,1,3,0,10.6,slowing_down,7,4,4.5,7,0,balanced,0.704,0.57,0.508,0.55,0.332
inconsistent_performer,64.5,0.617,4,3,0,4.9,slowing_down,9,3,4.6,7,0,balanced,0.578,0.559,0.414,0.53,0.403
inconsistent_performer,53.7,0.563,1,0,1,6.4,slowing_down,4,2,6.1,7,0,impulsive,0.561,0.635,0.228,0.566,0.632
inconsistent_performer,59.5,0.608,1,3,0,9.1,stable,4,3,3.7,7,0,balanced,0.429,0.663,0.69,0.596,0.2
inconsistent_performer,55.0,0.733,2,3,1,6.5,speeding_up,10,6,4.3,7,0,balanced,0.749,0.455,0.695,0.524,0.239
inconsistent_performer,67.5,0.716,1,5,2,8.4,slowing_down,2,8,5.0,7,0,balanced,0.458,0.461,0.421,0.396,0.474
inconsistent_performer,44.1,0.704,5,1,0,3.7,stable,7,6,6.2,7,0,impulsive,0.625,0.496,0.367,0.578,0.26
inconsistent_performer,67.6,0.682,0,5,0,6.4,slowing_down,6,4,3.5,7,0,deliberate,0.672,0.369,0.611,0.601,0.566
inconsistent_performer,51.8,0.759,1,2,2,10.2,slowing_down,4,3,6.1,7,0,deliberate,0.67,0.79,0.539,0.707,0.398
inconsistent_performer,41.1,0.82,3,4,2,5.4,slowing_down,2,7,6.5,7,0,balanced,0.457,0.469,0.542,0.34,0.657
inconsistent_performer,38.7,0.831,1,1,3,3.8,stable,8,4,5.8,7,0,deliberate,0.598,0.422,0.572,0.468,0.407
inconsistent_performer,73.0,0.778,1,1,2,3.7,stable,9,3,4.5,7,0,deliberate,0.396,0.607,0.274,0.476,0.419
inconsistent_performer,56.2,0.79,3,2,0,4.9,speeding_up,5,2,3.9,7,0,deliberate,0.429,0.571,0.353,0.534,0.411
inconsistent_performer,51.5,0.646,1,0,1,2.7,stable,2,1,5.9,7,0,deliberate,0.681,0.428,0.449,0.481,0.717
inconsistent_performer,50.9,0.599,2,1,2,3.0,stable,9,4,5.2,7,0,impulsive,0.582,0.199,0.635,0.447,0.515
inconsistent_performer,63.5,0.683,3,0,1,4.3,stable,5,2,5.5,7,0,balanced,0.531,0.585,0.622,0.507,0.613
inconsistent_performer,59.1,0.722,2,1,0,8.7,slowing_down,4,5,4.5,7,0,deliberate,0.446,0.374,0.6,0.421,0.75
inconsistent_performer,40.4,0.812,0,4,2,5.3,speeding_up,10,4,6.1,7,0,balanced,0.48,0.458,0.673,0.453,0.625
inconsistent_performer,65.7,0.825,3,2,1,3.9,slowing_down,3,1,6.8,7,0,impulsive,0.382,0.307,0.518,0.333,0.257
inconsistent_performer,52.5,0.755,6,1,1,4.0,stable,7,2,5.5,7,0,impulsive,0.519,0.581,0.595,0.543,0.551
inconsistent_performer,75.2,0.585,1,2,2,4.7,slowing_down,4,4,6.7,7,0,balanced,0.412,0.403,0.416,0.486,0.272
inconsistent_performer,57.3,0.655,2,1,1,6.1,stable,7,2,5.0,7,0,impulsive,0.42,0.525,0.506,0.435,0.502
inconsistent_performer,78.6,0.572,2,1,3,7.9,stable,3,4,5.9,7,0,impulsive,0.433,0.298,0.57,0.38,0.444
inconsistent_performer,48.6,0.791,3,4,0,5.1,speeding_up,6,2,5.5,7,0,impulsive,0.659,0.35,0.657,0.528,0.382
inconsistent_performer,37.9,0.76,4,1,0,5.9,speeding_up,5,4,6.1,7,0,deliberate,0.745,0.653,0.211,0.631,0.576
inconsistent_performer,31.6,0.742,0,1,0,7.7,slowing_down,7,2,5.2,7,0,balanced,0.502,0.47,0.661,0.421,0.462
inconsistent_performer,47.1,0.583,1,2,2,5.1,speeding_up,3,4,4.7,7,0,deliberate,0.436,0.434,0.569,0.467,0.356
inconsistent_performer,56.7,0.731,2,0,2,6.6,stable,10,4,4.7,7,0,deliberate,0.718,0.316,0.415,0.507,0.831
inconsistent_performer,57.0,0.554,0,0,2,7.2,stable,5,3,4.7,7,0,impulsive,0.586,0.73,0.511,0.588,0.477
inconsistent_performer,75.0,0.587,0,3,1,3.3,stable,9,7,6.2,7,0,balanced,0.434,0.536,0.622,0.469,0.365
inconsistent_performer,27.0,0.687,0,3,2,8.7,stable,8,3,5.1,7,0,deliberate,0.636,0.16,0.71,0.364,0.816
inconsistent_performer,63.2,0.647,3,3,1,7.3,speeding_up,6,3,5.8,7,0,impulsive,0.725,0.483,0.712,0.528,0.651
inconsistent_performer,63.5,0.643,1,0,1,5.9,speeding_up,4,3,5.3,7,0,impulsive,0.659,0.317,0.497,0.504,0.238
inconsistent_performer,65.4,0.693,2,1,4,4.8,speeding_up,9,4,4.0,7,0,balanced,0.695,0.686,0.416,0.696,0.231
inconsistent_performer,74.1,0.776,3,1,3,4.7,slowing_down,8,5,4.9,7,0,impulsive,0.385,0.54,0.404,0.408,0.819
inconsistent_performer,76.7,0.685,2,2,3,6.4,slowing_down,7,3,5.7,7,0,balanced,0.6,0.764,0.419,0.601,0.593
inconsistent_performer,61.4,0.733,3,3,1,5.2,speeding_up,6,3,4.6,7,0,balanced,0.437,0.168,0.647,0.377,0.399
inconsistent_performer,63.6,0.782,2,1,0,3.5,speeding_up,5,4,6.4,7,0,balanced,0.703,0.35,0.725,0.542,0.419
inconsistent_performer,38.6,0.782,4,2,0,5.8,speeding_up,11,0,4.2,7,0,balanced,0.467,0.242,0.806,0.457,0.43
inconsistent_performer,68.2,0.699,3,0,1,5.2,slowing_down,4,4,5.3,7,0,deliberate,0.58,0.418,0.684,0.529,0.652
inconsistent_performer,52.1,0.706,5,4,2,5.9,stable,4,3,4.4,7,0,balanced,0.529,0.324,0.521,0.48,0.749
inconsistent_performer,41.9,0.832,4,1,1,5.5,speeding_up,5,2,5.2,7,0,impulsive,0.703,0.606,0.621,0.635,0.42
inconsistent_performer,69.3,0.808,3,4,1,5.7,stable,5,1,6.8,7,0,balanced,0.563,0.452,0.581,0.473,0.694
inconsistent_performer,78.1,0.678,4,3,2,3.4,stable,12,4,5.1,7,0,impulsive,0.411,0.616,0.351,0.565,0.415
inconsistent_performer,71.0,0.838,2,2,0,9.5,speeding_up,6,4,7.1,7,0,impulsive,0.368,0.552,0.665,0.579,0.276
inconsistent_performer,59.5,0.657,0,1,1,7.2,slowing_down,5,5,6.6,7,0,deliberate,0.567,0.489,0.825,0.494,0.445
inconsistent_performer,52.4,0.791,2,2,0,1.3,speeding_up,5,1,6.3,7,0,impulsive,0.493,0.495,0.333,0.546,0.533
inconsistent_performer,45.4,0.562,5,3,0,4.1,stable,4,5,4.8,7,0,balanced,0.58,0.788,0.607,0.621,0.374
inconsistent_performer,47.2,0.754,2,5,1,6.8,speeding_up,7,5,6.2,7,0,deliberate,0.607,0.476,0.281,0.582,0.402
inconsistent_performer,54.3,0.587,0,3,1,3.6,stable,8,5,5.2,7,0,impulsive,0.709,0.561,0.696,0.602,0.686
inconsistent_performer,67.4,0.693,4,4,1,4.5,stable,6,3,4.5,7,0,deliberate,0.386,0.346,0.623,0.395,0.516
inconsistent_performer,58.1,0.626,1,1,1,3.3,stable,2,3,7.0,7,0,impulsive,0.613,0.734,0.708,0.675,0.233
inconsistent_performer,47.2,0.658,4,3,4,4.5,slowing_down,6,6,6.7,7,0,balanced,0.728,0.55,0.522,0.743,0.512
inconsistent_performer,40.9,0.787,3,0,2,1.7,speeding_up,3,4,3.9,7,0,deliberate,0.717,0.584,0.193,0.655,0.601
inconsistent_performer,48.3,0.754,1,2,2,4.5,speeding_up,7,5,6.3,7,0,balanced,0.669,0.781,0.731,0.628,0.682
inconsistent_performer,84.7,0.8,2,1,2,5.8,stable,10,3,6.2,7,0,impulsive,0.379,0.166,0.29,0.265,0.558
inconsistent_performer,69.1,0.617,2,3,2,5.7,speeding_up,5,2,5.4,7,0,balanced,0.417,0.649,0.49,0.589,0.718
inconsistent_performer,32.2,0.848,3,1,0,6.5,stable,6,5,5.2,7,0,balanced,0.388,0.625,0.464,0.542,0.248
inconsistent_performer,63.6,0.652,3,4,0,4.2,slowing_down,6,0,6.8,7,0,deliberate,0.502,0.367,0.621,0.433,0.508
inconsistent_performer,44.0,0.76,1,2,1,7.6,slowing_down,2,3,6.0,7,0,balanced,0.557,0.471,0.719,0.536,0.566
inconsistent_performer,74.4,0.642,3,4,2,8.5,slowing_down,5,7,7.4,7,0,deliberate,0.75,0.308,0.385,0.467,0.657
inconsistent_performer,74.2,0.71,1,0,2,6.3,slowing_down,2,4,5.6,7,0,deliberate,0.722,0.507,0.35,0.626,0.571
inconsistent_performer,68.6,0.613,0,2,2,6.1,slowing_down,1,4,5.7,7,0,deliberate,0.364,0.326,0.838,0.375,0.378
inconsistent_performer,88.6,0.634,2,1,3,6.2,slowing_down,7,6,5.5,7,0,deliberate,0.384,0.35,0.595,0.391,0.246
inconsistent_performer,53.8,0.558,3,0,0,6.3,slowing_down,5,3,7.2,7,0,impulsive,0.438,0.456,0.726,0.426,0.642
inconsistent_performer,67.9,0.838,4,4,2,7.2,slowing_down,12,1,6.0,7,0,deliberate,0.51,0.488,0.236,0.524,0.431
inconsistent_performer,64.4,0.672,4,3,2,7.1,stable,4,5,4.3,7,0,deliberate,0.68,0.765,0.899,0.663,0.263
inconsistent_performer,70.0,0.796,0,2,1,5.2,speeding_up,4,5,5.0,7,0,balanced,0.682,0.453,0.35,0.493,0.819
inconsistent_performer,60.6,0.648,1,2,1,3.7,slowing_down,8,7,3.7,7,0,impulsive,0.61,0.444,0.427,0.555,0.432
inconsistent_performer,84.1,0.646,3,1,3,7.9,stable,5,4,5.6,7,0,deliberate,0.38,0.451,0.461,0.425,0.51
inconsistent_performer,69.9,0.588,5,1,1,5.0,stable,5,3,2.5,7,0,deliberate,0.483,0.627,0.862,0.641,0.566
inconsistent_performer,47.1,0.636,1,2,1,0.2,slowing_down,3,3,4.9,7,0,impulsive,0.594,0.487,0.507,0.523,0.388
inconsistent_performer,44.3,0.681,0,2,3,6.2,speeding_up,8,4,5.7,7,0,impulsive,0.426,0.474,0.787,0.421,0.265
inconsistent_performer,57.6,0.651,1,3,1,5.4,speeding_up,8,1,6.4,7,0,deliberate,0.418,0.459,0.611,0.5,0.658
inconsistent_performer,51.9,0.738,3,1,1,7.0,stable,4,4,4.7,7,0,deliberate,0.478,0.338,0.531,0.476,0.561
inconsistent_performer,44.8,0.694,1,1,0,5.7,slowing_down,7,2,5.1,7,0,deliberate,0.524,0.692,0.72,0.607,0.659
inconsistent_performer,64.6,0.605,3,4,0,6.7,slowing_down,5,4,6.3,7,0,impulsive,0.583,0.425,0.402,0.541,0.697
inconsistent_performer,65.6,0.83,1,3,1,2.6,stable,3,3,5.6,7,0,impulsive,0.449,0.784,0.454,0.735,0.497
inconsistent_performer,74.6,0.647,0,2,1,7.7,slowing_down,5,4,3.9,7,0,balanced,0.611,0.718,0.431,0.714,0.86
inconsistent_performer,44.7,0.741,4,0,3,4.7,speeding_up,4,5,6.6,7,0,impulsive,0.432,0.48,0.89,0.438,0.531
inconsistent_performer,69.3,0.759,0,2,1,4.5,speeding_up,7,3,6.8,7,0,deliberate,0.415,0.408,0.778,0.386,0.476
inconsistent_performer,76.5,0.752,2,3,0,4.9,stable,5,4,6.5,7,0,deliberate,0.422,0.491,0.346,0.47,0.472
inconsistent_performer,62.4,0.806,3,2,0,7.9,slowing_down,8,3,6.7,7,0,deliberate,0.631,0.431,0.447,0.493,0.754
inconsistent_performer,57.7,0.637,0,1,4,2.1,stable,3,4,5.2,7,0,impulsive,0.521,0.418,0.344,0.447,0.354
inconsistent_performer,65.2,0.602,0,1,2,10.2,slowing_down,6,6,7.3,7,0,impulsive,0.492,0.623,0.552,0.543,0.568
inconsistent_performer,67.6,0.72,3,1,3,5.2,slowing_down,6,6,5.3,7,0,deliberate,0.544,0.546,0.391,0.597,0.681
inconsistent_performer,63.2,0.58,4,1,3,6.1,stable,4,7,5.0,7,0,balanced,0.598,0.533,0.451,0.632,0.323
inconsistent_performer,66.5,0.748,3,3,0,8.1,stable,5,2,4.8,7,0,impulsive,0.623,0.43,0.54,0.61,0.758
inconsistent_performer,48.6,0.757,5,1,1,3.4,slowing_down,4,4,6.0,7,0,balanced,0.48,0.406,0.605,0.466,0.62
inconsistent_performer,48.6,0.564,0,3,1,6.1,stable,5,6,7.0,7,0,deliberate,0.434,0.539,0.175,0.617,0.489
inconsistent_performer,63.3,0.747,1,2,1,4.6,stable,4,4,5.3,7,0,impulsive,0.369,0.454,0.631,0.36,0.423
inconsistent_performer,52.7,0.733,1,0,0,3.6,speeding_up,5,3,7.3,7,0,balanced,0.624,0.746,0.268,0.617,0.558
inconsistent_performer,53.3,0.753,5,0,3,4.7,slowing_down,5,6,5.8,7,0,impulsive,0.562,0.59,0.615,0.528,0.342
inconsistent_performer,54.0,0.61,1,2,3,6.3,speeding_up,5,3,5.8,7,0,balanced,0.606,0.5,0.636,0.599,0.268
inconsistent_performer,62.3,0.688,2,2,3,3.6,stable,4,3,5.2,7,0,impulsive,0.613,0.489,0.629,0.622,0.534
inconsistent_performer,52.1,0.795,1,6,2,6.1,speeding_up,8,2,5.2,7,0,deliberate,0.586,0.385,0.471,0.41,0.516
inconsistent_performer,79.0,0.646,4,2,1,4.4,slowing_down,5,1,6.3,7,0,balanced,0.413,0.417,0.325,0.403,0.742
inconsistent_performer,60.4,0.811,1,3,1,6.7,speeding_up,6,2,5.1,7,0,balanced,0.503,0.658,0.145,0.523,0.467
inconsistent_performer,58.8,0.555,1,1,0,4.3,slowing_down,9,5,6.0,7,0,balanced,0.395,0.681,0.671,0.543,0.596
inconsistent_performer,51.3,0.849,1,1,0,7.3,slowing_down,5,5,5.5,7,0,balanced,0.536,0.581,0.501,0.517,0.517
inconsistent_performer,69.1,0.775,2,0,1,3.5,slowing_down,10,2,3.7,7,0,impulsive,0.518,0.703,0.534,0.639,0.436
inconsistent_performer,64.0,0.731,6,3,2,7.4,speeding_up,7,4,4.3,7,0,impulsive,0.403,0.849,0.696,0.545,0.577
inconsistent_performer,78.9,0.582,2,2,2,5.7,slowing_down,4,4,5.3,7,0,deliberate,0.468,0.666,0.58,0.557,0.412
inconsistent_performer,61.7,0.708,0,0,2,6.5,slowing_down,6,3,6.1,7,0,impulsive,0.516,0.407,0.644,0.466,0.712
inconsistent_performer,47.1,0.754,1,2,1,7.7,speeding_up,7,2,4.7,7,0,balanced,0.694,0.312,0.704,0.505,0.691
inconsistent_performer,71.4,0.572,2,2,2,9.8,stable,3,6,5.2,7,0,deliberate,0.444,0.633,0.653,0.511,0.387
inconsistent_performer,47.3,0.647,0,2,1,6.5,stable,10,3,6.0,7,0,deliberate,0.665,0.268,0.549,0.5,0.602
inconsistent_performer,72.1,0.805,1,2,0,5.4,stable,9,3,6.0,7,0,balanced,0.395,0.207,0.308,0.411,0.422
inconsistent_performer,49.5,0.758,3,2,2,4.0,slowing_down,5,3,6.2,7,0,impulsive,0.705,0.683,0.318,0.615,0.623
inconsistent_performer,41.9,0.774,2,4,0,6.0,stable,6,6,6.8,7,0,deliberate,0.665,0.366,0.465,0.547,0.641
inconsistent_performer,43.5,0.669,1,2,1,4.8,stable,9,5,5.3,7,0,balanced,0.737,0.478,0.238,0.583,0.212
inconsistent_performer,59.1,0.6,1,0,2,5.9,stable,8,1,4.7,7,0,balanced,0.708,0.328,0.343,0.504,0.484
inconsistent_performer,66.2,0.78,1,1,1,5.4,speeding_up,6,3,3.5,7,0,balanced,0.526,0.516,0.424,0.548,0.75
inconsistent_performer,59.9,0.636,4,2,3,3.7,slowing_down,7,7,7.3,7,0,impulsive,0.416,0.488,0.402,0.425,0.41
inconsistent_performer,44.0,0.678,1,0,3,6.3,speeding_up,8,2,6.3,7,0,deliberate,0.558,0.143,0.6,0.292,0.294
inconsistent_performer,61.4,0.73,3,2,2,6.9,stable,4,3,3.8,7,0,balanced,0.488,0.294,0.466,0.418,0.495
inconsistent_performer,41.3,0.612,1,2,4,6.9,slowing_down,5,1,6.8,7,0,deliberate,0.489,0.43,0.306,0.509,0.521
inconsistent_performer,52.4,0.743,5,2,3,6.9,stable,3,5,5.4,7,0,deliberate,0.352,0.531,0.554,0.502,0.574
inconsistent_performer,56.7,0.583,1,3,1,10.0,slowing_down,5,3,5.0,7,0,balanced,0.523,0.54,0.468,0.653,0.287
inconsistent_performer,50.6,0.597,1,2,2,4.4,speeding_up,3,2,4.2,7,0,deliberate,0.579,0.359,0.698,0.445,0.246
inconsistent_performer,86.8,0.685,2,2,4,6.7,slowing_down,2,3,5.7,7,0,impulsive,0.593,0.773,0.462,0.648,0.571
inconsistent_performer,61.6,0.646,1,1,2,5.1,slowing_down,12,1,4.6,7,0,deliberate,0.722,0.485,0.461,0.563,0.619
inconsistent_performer,52.9,0.555,4,2,3,6.6,stable,5,3,3.3,7,0,impulsive,0.648,0.417,0.481,0.533,0.511
inconsistent_performer,61.2,0.604,1,2,0,1.4,slowing_down,10,4,4.6,7,0,impulsive,0.598,0.765,0.658,0.586,0.729
inconsistent_performer,66.0,0.646,4,2,2,1.8,stable,3,4,6.0,7,0,balanced,0.431,0.53,0.636,0.492,0.822
inconsistent_performer,51.4,0.711,2,5,1,5.8,stable,9,5,5.2,7,0,deliberate,0.539,0.728,0.587,0.6,0.089
inconsistent_performer,44.9,0.66,4,2,1,7.5,slowing_down,3,3,6.1,7,0,deliberate,0.536,0.504,0.559,0.547,0.3
inconsistent_performer,59.0,0.58,0,3,1,7.2,stable,4,3,4.0,7,0,impulsive,0.727,0.496,0.446,0.566,0.673
inconsistent_performer,40.7,0.699,2,1,1,5.0,stable,11,3,5.1,7,0,impulsive,0.491,0.557,0.419,0.456,0.495
inconsistent_performer,56.8,0.818,2,2,3,6.6,speeding_up,8,1,3.9,7,0,impulsive,0.414,0.536,0.345,0.379,0.563
inconsistent_performer,46.5,0.744,4,2,1,4.3,speeding_up,5,6,4.3,7,0,impulsive,0.548,0.753,0.478,0.548,0.194
inconsistent_performer,64.3,0.809,3,2,2,2.1,stable,6,3,4.3,7,0,balanced,0.729,0.643,0.683,0.627,0.801
inconsistent_performer,53.9,0.81,1,1,0,8.2,stable,5,2,6.4,7,0,balanced,0.71,0.366,0.43,0.47,0.474
inconsistent_performer,53.3,0.787,1,2,1,5.7,slowing_down,6,2,6.8,7,0,impulsive,0.431,0.682,0.45,0.582,0.774
inconsistent_performer,45.0,0.84,0,2,1,8.9,stable,5,2,7.4,7,0,balanced,0.411,0.46,0.453,0.453,0.453
inconsistent_performer,83.8,0.755,2,0,2,3.2,speeding_up,4,4,6.2,7,0,impulsive,0.356,0.23,0.373,0.312,0.386
inconsistent_performer,69.6,0.783,1,2,0,8.7,slowing_down,5,3,5.3,7,0,balanced,0.522,0.61,0.657,0.537,0.621
inconsistent_performer,61.8,0.769,6,2,0,4.8,slowing_down,4,4,6.8,7,0,balanced,0.651,0.349,0.608,0.489,0.157
inconsistent_performer,58.3,0.651,2,1,3,5.9,speeding_up,6,5,4.7,7,0,deliberate,0.532,0.823,0.446,0.566,0.787
inconsistent_performer,69.0,0.603,2,1,3,8.0,slowing_down,10,0,7.1,7,0,balanced,0.36,0.415,0.64,0.432,0.516
inconsistent_performer,58.7,0.744,5,2,4,7.1,slowing_down,9,3,3.4,7,0,deliberate,0.385,0.214,0.562,0.288,0.473
inconsistent_performer,34.9,0.728,2,2,1,6.7,slowing_down,6,0,5.3,7,0,impulsive,0.474,0.747,0.28,0.613,0.608
inconsistent_performer,74.8,0.718,1,0,2,7.2,speeding_up,5,4,6.2,7,0,deliberate,0.596,0.479,0.319,0.519,0.544
inconsistent_performer,69.5,0.825,3,3,0,3.6,stable,11,3,6.9,7,0,impulsive,0.693,0.593,0.55,0.713,0.386
inconsistent_performer,47.8,0.57,0,4,1,8.7,speeding_up,7,7,3.8,7,0,impulsive,0.606,0.809,0.574,0.643,0.752
inconsistent_performer,54.9,0.837,1,3,2,4.6,speeding_up,10,3,6.3,7,0,deliberate,0.56,0.531,0.59,0.603,0.613
inconsistent_performer,58.5,0.749,1,0,2,4.7,speeding_up,2,2,5.7,7,0,impulsive,0.686,0.683,0.542,0.726,0.346
inconsistent_performer,49.1,0.652,2,3,3,5.2,slowing_down,7,4,6.5,7,0,impulsive,0.371,0.232,0.368,0.315,0.394
inconsistent_performer,79.2,0.796,3,4,1,0.5,stable,4,5,7.9,7,0,balanced,0.717,0.233,0.516,0.453,0.345
inconsistent_performer,55.1,0.599,3,1,2,3.5,speeding_up,5,1,6.9,7,0,impulsive,0.54,0.29,0.498,0.426,0.67
inconsistent_performer,55.8,0.672,2,0,1,3.2,slowing_down,5,6,4.7,7,0,balanced,0.451,0.535,0.553,0.547,0.413
inconsistent_performer,53.4,0.579,2,1,2,7.7,slowing_down,7,6,5.7,7,0,impulsive,0.63,0.279,0.62,0.492,0.42
inconsistent_performer,56.7,0.744,1,3,2,8.1,slowing_down,6,3,4.3,7,0,balanced,0.405,0.304,0.368,0.272,0.626
inconsistent_performer,56.2,0.609,1,0,1,4.5,slowing_down,3,5,5.7,7,0,deliberate,0.722,0.616,0.835,0.646,0.625
inconsistent_performer,59.0,0.846,2,4,1,7.0,stable,4,5,5.8,7,0,impulsive,0.563,0.639,0.437,0.589,0.704
inconsistent_performer,57.2,0.763,2,1,3,7.7,stable,2,4,6.4,7,0,deliberate,0.636,0.676,0.628,0.584,0.486
inconsistent_performer,65.9,0.758,1,2,1,5.3,speeding_up,2,4,4.1,7,0,impulsive,0.669,0.427,0.652,0.511,0.391
inconsistent_performer,51.1,0.804,1,2,1,7.6,speeding_up,8,4,3.5,7,0,balanced,0.444,0.462,0.607,0.413,0.665
inconsistent_performer,60.4,0.654,1,4,1,5.3,slowing_down,5,4,4.8,7,0,balanced,0.514,0.361,0.834,0.371,0.783
inconsistent_performer,56.8,0.706,3,1,0,4.5,slowing_down,11,7,5.8,7,0,balanced,0.445,0.687,0.347,0.61,0.442
inconsistent_performer,54.9,0.761,2,2,0,5.5,stable,8,9,4.9,7,0,impulsive,0.441,0.445,0.296,0.347,0.519
inconsistent_performer,64.4,0.826,2,3,1,9.5,stable,5,3,6.6,7,0,deliberate,0.581,0.185,0.271,0.361,0.446
inconsistent_performer,47.5,0.609,2,1,2,6.5,stable,5,1,5.4,7,0,impulsive,0.746,0.276,0.631,0.515,0.201
inconsistent_performer,55.0,0.626,4,2,6,3.8,stable,7,4,5.8,7,0,deliberate,0.695,0.579,0.446,0.67,0.65
inconsistent_performer,52.2,0.6,1,1,4,5.4,slowing_down,3,3,4.0,7,0,deliberate,0.618,0.767,0.334,0.687,0.707
inconsistent_performer,60.7,0.72,4,1,1,5.1,speeding_up,2,4,6.0,7,0,impulsive,0.611,0.539,0.339,0.544,0.533
inconsistent_performer,50.7,0.692,2,0,1,3.2,speeding_up,4,3,5.8,7,0,balanced,0.5,0.481,0.565,0.5,0.552
inconsistent_performer,49.8,0.722,0,3,0,9.4,stable,2,2,6.3,7,0,balanced,0.653,0.198,0.495,0.434,0.419
inconsistent_performer,69.9,0.788,3,2,3,5.6,speeding_up,6,3,3.6,7,0,deliberate,0.442,0.567,0.361,0.482,0.317
inconsistent_performer,67.2,0.57,2,1,0,8.6,speeding_up,8,3,5.1,7,0,balanced,0.587,0.441,0.217,0.513,0.235
inconsistent_performer,55.4,0.729,5,4,1,8.7,speeding_up,11,2,4.8,7,0,deliberate,0.572,0.609,0.497,0.55,0.603
inconsistent_performer,81.1,0.617,5,3,1,9.5,stable,8,1,4.9,7,0,deliberate,0.355,0.716,0.767,0.467,0.357
inconsistent_performer,71.6,0.8,6,1,0,2.7,speeding_up,7,4,4.9,7,0,balanced,0.367,0.571,0.393,0.514,0.586
inconsistent_performer,58.1,0.801,1,0,2,6.2,stable,5,4,6.3,7,0,balanced,0.65,0.159,0.565,0.345,0.415
inconsistent_performer,59.7,0.813,5,1,1,5.1,stable,10,3,5.6,7,0,deliberate,0.627,0.415,0.874,0.452,0.551
inconsistent_performer,59.7,0.655,3,0,1,7.4,stable,7,2,5.0,7,0,deliberate,0.543,0.77,0.662,0.653,0.594
inconsistent_performer,65.2,0.692,5,3,0,2.1,stable,5,2,6.7,7,0,impulsive,0.483,0.444,0.453,0.428,0.406
inconsistent_performer,46.4,0.781,2,2,3,6.1,stable,7,1,6.0,7,0,deliberate,0.438,0.422,0.736,0.547,0.464
inconsistent_performer,47.3,0.786,3,2,0,5.2,speeding_up,4,1,5.8,7,0,balanced,0.63,0.665,0.439,0.685,0.632
inconsistent_performer,63.3,0.641,2,3,5,4.7,stable,3,4,6.0,7,0,balanced,0.452,0.755,0.469,0.613,0.44
inconsistent_performer,49.6,0.697,3,3,0,5.8,stable,9,2,3.1,7,0,deliberate,0.549,0.594,0.383,0.511,0.417
inconsistent_performer,65.7,0.786,0,1,2,4.2,stable,2,2,4.1,7,0,impulsive,0.581,0.48,0.576,0.615,0.466
inconsistent_performer,60.0,0.661,3,3,1,5.8,stable,3,2,5.1,7,0,impulsive,0.465,0.423,0.595,0.389,0.411
inconsistent_performer,75.8,0.634,1,2,2,5.1,slowing_down,8,1,5.3,7,0,balanced,0.656,0.719,0.323,0.721,0.49
inconsistent_performer,51.9,0.765,2,3,1,4.3,speeding_up,3,5,5.9,7,0,deliberate,0.71,0.29,0.559,0.46,0.777
inconsistent_performer,63.6,0.631,2,2,2,7.0,slowing_down,4,2,5.5,7,0,deliberate,0.592,0.376,0.459,0.47,0.436
inconsistent_performer,64.9,0.645,6,2,0,5.7,speeding_up,4,4,6.2,7,0,impulsive,0.748,0.514,0.642,0.567,0.491
inconsistent_performer,57.3,0.828,2,1,3,5.9,speeding_up,1,6,5.5,7,0,deliberate,0.438,0.549,0.303,0.466,0.333
inconsistent_performer,61.0,0.84,1,1,2,2.9,slowing_down,6,1,7.4,7,0,impulsive,0.749,0.812,0.342,0.702,0.804
inconsistent_performer,58.8,0.75,2,2,2,10.7,stable,4,6,2.3,7,0,impulsive,0.444,0.38,0.248,0.443,0.578
inconsistent_performer,49.4,0.803,2,0,3,5.6,stable,8,2,6.8,7,0,impulsive,0.448,0.625,0.419,0.548,0.308
inconsistent_performer,58.1,0.7,3,2,1,8.6,slowing_down,7,5,4.9,7,0,deliberate,0.565,0.284,0.554,0.371,0.502
inconsistent_performer,48.2,0.659,3,1,2,5.5,stable,6,7,7.8,7,0,deliberate,0.731,0.307,0.608,0.482,0.314
inconsistent_performer,60.8,0.731,3,2,5,4.5,speeding_up,2,4,6.1,7,0,impulsive,0.535,0.65,0.224,0.555,0.953
inconsistent_performer,60.9,0.837,2,4,6,5.5,stable,5,7,4.3,7,0,deliberate,0.413,0.536,0.699,0.494,0.636
inconsistent_performer,40.2,0.666,5,2,2,6.4,speeding_up,8,5,3.7,7,0,impulsive,0.49,0.497,0.388,0.481,0.473
inconsistent_performer,55.6,0.603,0,4,1,7.3,stable,4,3,5.2,7,0,balanced,0.385,0.459,0.446,0.485,0.421
inconsistent_performer,53.3,0.775,2,1,1,5.6,speeding_up,5,3,4.9,7,0,deliberate,0.729,0.228,0.497,0.532,0.258
inconsistent_performer,50.6,0.576,3,1,1,5.3,slowing_down,4,3,4.4,7,0,balanced,0.61,0.719,0.418,0.644,0.553
inconsistent_performer,65.7,0.814,3,1,1,8.2,speeding_up,4,6,7.7,7,0,balanced,0.53,0.412,0.666,0.479,0.648
inconsistent_performer,56.8,0.554,2,3,1,2.3,speeding_up,4,6,5.0,7,0,impulsive,0.542,0.529,0.618,0.569,0.516
inconsistent_performer,40.6,0.821,4,3,1,8.8,speeding_up,4,3,3.2,7,0,balanced,0.536,0.171,0.423,0.343,0.48
inconsistent_performer,48.8,0.656,1,1,2,6.7,slowing_down,7,4,5.9,7,0,impulsive,0.364,0.252,0.559,0.361,0.226
inconsistent_performer,67.6,0.837,4,6,2,2.2,speeding_up,7,5,3.9,7,0,balanced,0.585,0.707,0.456,0.542,0.201
inconsistent_performer,36.5,0.72,5,2,3,3.8,stable,8,4,5.5,7,0,deliberate,0.744,0.546,0.48,0.585,0.63
inconsistent_performer,54.5,0.563,3,1,3,4.1,speeding_up,2,2,6.0,7,0,impulsive,0.739,0.49,0.832,0.741,0.339
inconsistent_performer,46.9,0.692,2,1,0,4.7,speeding_up,5,6,5.4,7,0,balanced,0.652,0.467,0.343,0.603,0.585
inconsistent_performer,62.0,0.736,3,2,0,4.4,speeding_up,5,6,6.6,7,0,impulsive,0.701,0.347,0.327,0.576,0.454
inconsistent_performer,60.7,0.762,4,0,2,9.7,stable,4,3,4.4,7,0,impulsive,0.748,0.641,0.312,0.661,0.421
inconsistent_performer,55.2,0.812,3,3,4,7.8,speeding_up,8,3,6.1,7,0,deliberate,0.402,0.521,0.267,0.497,0.254
inconsistent_performer,63.4,0.796,2,5,1,7.0,speeding_up,5,4,4.5,7,0,impulsive,0.578,0.163,0.346,0.424,0.581
inconsistent_performer,56.5,0.712,7,2,3,4.2,stable,8,2,3.8,7,0,deliberate,0.697,0.534,0.136,0.56,0.559
inconsistent_performer,74.8,0.697,3,1,2,5.0,stable,6,1,6.8,7,0,impulsive,0.37,0.435,0.409,0.364,0.31
inconsistent_performer,51.7,0.814,2,2,1,6.1,slowing_down,8,5,3.1,7,0,impulsive,0.358,0.487,0.695,0.443,0.561
inconsistent_performer,37.7,0.709,1,1,0,8.3,slowing_down,4,4,7.3,7,0,balanced,0.628,0.791,0.506,0.589,0.33
inconsistent_performer,54.8,0.799,0,1,1,5.5,speeding_up,8,3,5.9,7,0,deliberate,0.606,0.537,0.308,0.531,0.461
inconsistent_performer,55.6,0.84,3,3,4,5.1,speeding_up,2,4,3.1,7,0,balanced,0.72,0.75,0.254,0.768,0.488
inconsistent_performer,60.1,0.662,1,3,2,2.7,speeding_up,5,0,4.5,7,0,balanced,0.746,0.358,0.553,0.571,0.512
inconsistent_performer,65.7,0.563,3,3,5,6.7,stable,8,4,5.9,7,0,impulsive,0.357,0.482,0.531,0.385,0.537
inconsistent_performer,56.2,0.677,3,1,1,10.6,slowing_down,7,3,4.4,7,0,deliberate,0.434,0.516,0.631,0.555,0.748
inconsistent_performer,63.1,0.566,3,3,3,4.0,speeding_up,7,5,6.0,7,0,impulsive,0.744,0.239,0.533,0.469,0.838
inconsistent_performer,56.9,0.801,5,0,1,7.2,speeding_up,8,3,5.0,7,0,balanced,0.61,0.444,0.407,0.534,0.706
inconsistent_performer,62.6,0.684,2,0,1,3.3,slowing_down,8,9,5.6,7,0,deliberate,0.596,0.528,0.443,0.506,0.551
inconsistent_performer,40.2,0.836,1,1,0,1.6,stable,7,3,4.0,7,0,impulsive,0.701,0.777,0.22,0.691,0.41
inconsistent_performer,60.9,0.616,0,4,2,4.1,stable,2,5,3.7,7,0,deliberate,0.73,0.519,0.469,0.553,0.746
inconsistent_performer,52.4,0.803,0,1,1,6.7,stable,5,5,6.4,7,0,balanced,0.61,0.588,0.758,0.556,0.588
inconsistent_performer,86.2,0.849,4,3,1,2.4,slowing_down,6,4,4.6,7,0,deliberate,0.522,0.311,0.116,0.442,0.352
inconsistent_performer,64.3,0.656,1,3,0,6.5,slowing_down,5,3,5.7,7,0,deliberate,0.384,0.218,0.675,0.232,0.563
inconsistent_performer,56.6,0.615,2,2,2,5.1,speeding_up,6,1,7.0,7,0,impulsive,0.391,0.671,0.413,0.577,0.349
inconsistent_performer,57.0,0.78,2,0,3,4.8,stable,8,2,5.1,7,0,impulsive,0.584,0.443,0.376,0.514,0.57
inconsistent_performer,67.4,0.564,2,1,2,5.7,stable,3,1,5.0,7,0,deliberate,0.363,0.721,0.568,0.52,0.61
inconsistent_performer,86.4,0.729,2,1,1,11.6,slowing_down,9,1,6.5,7,0,deliberate,0.509,0.637,0.878,0.575,0.39
inconsistent_performer,54.7,0.644,0,2,5,6.2,speeding_up,5,1,3.4,7,0,deliberate,0.718,0.591,0.48,0.547,0.392
inconsistent_performer,57.8,0.566,3,1,3,4.9,stable,7,5,7.3,7,0,deliberate,0.655,0.5,0.734,0.575,0.435
inconsistent_performer,47.9,0.645,4,0,0,8.8,stable,3,6,5.6,7,0,deliberate,0.429,0.4,0.396,0.361,0.46
inconsistent_performer,58.7,0.823,1,0,1,5.8,stable,2,5,6.7,7,0,deliberate,0.493,0.857,0.246,0.616,0.705
inconsistent_performer,62.2,0.651,4,0,2,9.6,stable,6,4,6.3,7,0,impulsive,0.734,0.524,0.391,0.615,0.306
inconsistent_performer,51.0,0.816,1,6,0,9.4,stable,5,1,5.0,7,0,balanced,0.603,0.268,0.463,0.395,0.558
inconsistent_performer,31.2,0.805,4,1,5,5.6,slowing_down,5,1,5.9,7,0,deliberate,0.499,0.545,0.609,0.578,0.716
inconsistent_performer,51.3,0.623,6,3,0,5.5,speeding_up,4,3,2.8,7,0,deliberate,0.472,0.238,0.483,0.415,0.619
inconsistent_performer,59.0,0.557,2,2,2,6.5,slowing_down,6,1,4.2,7,0,deliberate,0.683,0.652,0.654,0.511,0.465
inconsistent_performer,78.4,0.824,3,1,2,10.5,stable,4,9,7.2,7,0,deliberate,0.385,0.713,0.283,0.518,0.574
inconsistent_performer,48.6,0.779,4,3,2,6.9,stable,5,3,3.7,7,0,impulsive,0.63,0.595,0.102,0.494,0.648
inconsistent_performer,64.4,0.691,2,0,0,7.8,slowing_down,7,1,4.6,7,0,deliberate,0.427,0.396,0.275,0.509,0.465
inconsistent_performer,36.7,0.709,3,3,4,8.3,speeding_up,7,3,7.5,7,0,impulsive,0.567,0.752,0.641,0.645,0.845
inconsistent_performer,56.6,0.7,1,3,1,5.2,stable,3,1,5.0,7,0,deliberate,0.66,0.475,0.497,0.58,0.609
inconsistent_performer,58.0,0.745,5,0,0,5.6,slowing_down,5,3,2.2,7,0,impulsive,0.502,0.45,0.5,0.536,0.557
inconsistent_performer,65.4,0.586,1,1,2,7.5,speeding_up,10,4,5.0,7,0,impulsive,0.44,0.712,0.48,0.658,0.263
inconsistent_performer,45.6,0.648,4,4,1,8.0,stable,8,8,4.2,7,0,balanced,0.628,0.574,0.584,0.604,0.283
inconsistent_performer,54.6,0.732,0,2,1,5.8,speeding_up,6,5,4.2,7,0,impulsive,0.74,0.458,0.626,0.561,0.285
inconsistent_performer,71.7,0.569,2,0,1,9.9,stable,4,2,4.9,7,0,deliberate,0.65,0.497,0.888,0.546,0.534
inconsistent_performer,45.0,0.561,1,1,1,5.1,stable,5,5,3.8,7,0,impulsive,0.664,0.653,0.825,0.599,0.344
inconsistent_performer,75.4,0.712,1,1,0,3.7,slowing_down,9,5,3.4,7,0,balanced,0.428,0.583,0.194,0.491,0.666
inconsistent_performer,33.0,0.674,4,1,2,6.9,slowing_down,4,1,5.4,7,0,impulsive,0.414,0.865,0.736,0.585,0.299
inconsistent_performer,31.3,0.846,4,3,1,7.5,slowing_down,11,8,7.5,7,0,balanced,0.601,0.386,0.815,0.546,0.289
inconsistent_performer,69.6,0.574,1,4,2,8.0,stable,3,3,4.8,7,0,deliberate,0.521,0.763,0.631,0.566,0.186
inconsistent_performer,53.6,0.554,3,3,0,7.1,stable,2,4,4.3,7,0,deliberate,0.627,0.535,0.821,0.5,0.946
inconsistent_performer,76.5,0.732,1,2,2,10.4,slowing_down,5,5,6.4,7,0,impulsive,0.394,0.77,0.448,0.567,0.713
inconsistent_performer,53.2,0.553,2,4,3,2.6,speeding_up,8,1,3.4,7,0,deliberate,0.54,0.398,0.729,0.522,0.687
inconsistent_performer,57.1,0.701,2,1,3,9.0,stable,12,7,7.7,7,0,balanced,0.708,0.478,0.389,0.54,0.781
inconsistent_performer,54.7,0.654,2,3,1,6.2,stable,3,1,5.3,7,0,impulsive,0.722,0.396,0.373,0.496,0.196
inconsistent_performer,60.8,0.841,3,2,1,5.5,speeding_up,7,6,5.1,7,0,balanced,0.55,0.622,0.47,0.571,0.689
inconsistent_performer,58.1,0.744,3,3,3,3.7,slowing_down,3,5,6.0,7,0,balanced,0.561,0.383,0.416,0.418,0.581
inconsistent_performer,68.8,0.601,0,0,3,5.1,speeding_up,5,1,5.9,7,0,impulsive,0.657,0.327,0.441,0.465,0.387
inconsistent_performer,51.2,0.745,4,3,3,4.2,stable,8,5,6.0,7,0,deliberate,0.684,0.459,0.366,0.623,0.307
inconsistent_performer,73.6,0.753,2,1,1,8.2,speeding_up,8,6,6.5,7,0,deliberate,0.459,0.359,0.518,0.371,0.547
inconsistent_performer,54.8,0.652,2,0,3,7.1,slowing_down,8,3,4.8,7,0,balanced,0.599,0.673,0.291,0.581,0.527
inconsistent_performer,38.7,0.59,1,2,1,5.1,slowing_down,6,3,6.3,7,0,balanced,0.5,0.413,0.302,0.35,0.408
inconsistent_performer,64.5,0.784,4,2,1,10.3,stable,8,0,5.7,7,0,impulsive,0.371,0.152,0.583,0.309,0.548
inconsistent_performer,61.3,0.8,1,4,1,6.6,slowing_down,5,6,6.5,7,0,impulsive,0.38,0.498,0.161,0.363,0.549
inconsistent_performer,87.2,0.56,4,4,2,3.7,slowing_down,3,5,4.6,7,0,deliberate,0.523,0.47,0.311,0.367,0.535
inconsistent_performer,54.0,0.559,2,0,2,7.3,stable,5,5,4.9,7,0,deliberate,0.447,0.389,0.549,0.482,0.409
inconsistent_performer,39.0,0.553,2,1,1,6.2,stable,7,8,7.2,7,0,deliberate,0.642,0.471,0.579,0.546,0.422
inconsistent_performer,60.1,0.7,0,1,3,3.3,slowing_down,3,3,5.8,7,0,deliberate,0.57,0.514,0.487,0.475,0.369
inconsistent_performer,64.9,0.676,1,7,0,4.9,stable,5,3,6.5,7,0,deliberate,0.584,0.438,0.538,0.496,0.537
inconsistent_performer,60.5,0.744,2,0,2,4.1,stable,8,6,7.6,7,0,impulsive,0.475,0.608,0.703,0.623,0.357
inconsistent_performer,50.5,0.691,3,0,1,9.1,speeding_up,7,4,4.4,7,0,deliberate,0.587,0.456,0.724,0.482,0.182
inconsistent_performer,72.7,0.627,0,1,1,5.1,speeding_up,6,4,5.9,7,0,deliberate,0.409,0.747,0.709,0.572,0.252
inconsistent_performer,48.9,0.759,4,2,3,8.1,speeding_up,5,4,5.8,7,0,balanced,0.402,0.491,0.335,0.38,0.369
inconsistent_performer,62.4,0.622,5,0,4,6.9,slowing_down,4,2,2.7,7,0,deliberate,0.591,0.536,0.414,0.482,0.47
inconsistent_performer,73.7,0.774,4,1,1,4.5,speeding_up,8,5,3.3,7,0,balanced,0.467,0.356,0.359,0.442,0.53
inconsistent_performer,68.9,0.619,0,4,1,2.9,slowing_down,5,1,5.7,7,0,deliberate,0.378,0.655,0.659,0.538,0.296
inconsistent_performer,62.0,0.575,3,4,0,3.5,speeding_up,5,9,4.9,7,0,balanced,0.683,0.399,0.471,0.497,0.502
inconsistent_performer,75.4,0.6,1,2,0,4.8,slowing_down,2,8,3.7,7,0,deliberate,0.487,0.393,0.549,0.391,0.208
inconsistent_performer,62.5,0.709,1,4,0,5.9,speeding_up,9,2,6.5,7,0,deliberate,0.384,0.7,0.457,0.604,0.778
inconsistent_performer,78.3,0.623,0,1,1,8.5,speeding_up,6,3,4.9,7,0,impulsive,0.433,0.582,0.284,0.596,0.483
inconsistent_performer,55.0,0.833,1,4,1,4.8,speeding_up,5,1,5.7,7,0,balanced,0.353,0.632,0.679,0.528,0.798
inconsistent_performer,57.4,0.803,0,0,1,8.7,slowing_down,6,3,4.4,7,0,balanced,0.512,0.442,0.344,0.463,0.579
inconsistent_performer,61.5,0.719,3,0,0,9.3,stable,8,5,4.3,7,0,deliberate,0.409,0.856,0.369,0.568,0.566
inconsistent_performer,57.9,0.657,4,2,0,9.2,slowing_down,5,2,7.1,7,0,balanced,0.377,0.746,0.5,0.574,0.212
inconsistent_performer,52.4,0.825,1,1,0,4.5,stable,5,5,4.7,7,0,impulsive,0.681,0.612,0.231,0.678,0.388
inconsistent_performer,65.8,0.644,5,3,2,5.7,stable,2,6,5.8,7,0,deliberate,0.436,0.681,0.423,0.551,0.534
inconsistent_performer,55.9,0.828,2,5,1,7.3,slowing_down,2,1,6.9,7,0,impulsive,0.399,0.63,0.225,0.527,0.294
inconsistent_performer,58.8,0.635,0,1,0,9.0,speeding_up,5,1,5.9,7,0,balanced,0.688,0.28,0.283,0.539,0.425
inconsistent_performer,64.3,0.777,0,4,2,7.0,stable,5,8,5.0,7,0,impulsive,0.482,0.73,0.461,0.537,0.453
inconsistent_performer,85.6,0.731,3,2,1,4.2,stable,4,3,6.1,7,0,deliberate,0.655,0.352,0.854,0.571,0.389
inconsistent_performer,33.0,0.71,1,3,1,2.6,speeding_up,7,8,6.4,7,0,balanced,0.397,0.687,0.551,0.544,0.427
inconsistent_performer,72.0,0.662,3,0,1,2.5,stable,6,1,5.5,7,0,deliberate,0.618,0.54,0.622,0.564,0.288
inconsistent_performer,72.6,0.675,1,1,2,6.0,stable,1,3,5.0,7,0,balanced,0.43,0.552,0.71,0.513,0.542
inconsistent_performer,54.5,0.555,3,3,0,4.8,stable,4,1,5.2,7,0,balanced,0.593,0.67,0.401,0.573,0.426
inconsistent_performer,20.5,0.568,4,2,3,6.1,slowing_down,9,3,6.5,7,0,deliberate,0.701,0.391,0.626,0.524,0.41
inconsistent_performer,52.7,0.76,1,1,1,2.3,speeding_up,6,2,5.8,7,0,balanced,0.399,0.788,0.417,0.536,0.483
inconsistent_performer,70.7,0.817,3,1,0,3.9,stable,6,8,4.8,7,0,deliberate,0.407,0.237,0.466,0.298,0.753
inconsistent_performer,59.5,0.743,2,3,0,7.0,slowing_down,7,4,5.8,7,0,impulsive,0.402,0.733,0.745,0.553,0.705
inconsistent_performer,63.1,0.778,1,1,2,3.4,slowing_down,8,4,4.2,7,0,deliberate,0.604,0.413,0.572,0.567,0.558
inconsistent_performer,53.9,0.596,2,2,0,6.7,stable,2,3,4.7,7,0,balanced,0.724,0.596,0.352,0.636,0.809
inconsistent_performer,67.7,0.604,1,1,3,6.4,speeding_up,5,4,4.7,7,0,balanced,0.728,0.647,0.452,0.612,0.531
inconsistent_performer,70.0,0.781,3,4,0,3.4,speeding_up,4,6,4.8,7,0,balanced,0.677,0.486,0.437,0.543,0.532
inconsistent_performer,48.2,0.66,3,1,1,3.8,stable,7,2,4.8,7,0,deliberate,0.49,0.533,0.492,0.487,0.104
inconsistent_performer,70.2,0.561,1,2,1,5.3,stable,5,6,4.6,7,0,deliberate,0.43,0.728,0.485,0.56,0.792
inconsistent_performer,42.7,0.595,0,1,3,7.4,stable,10,3,4.0,7,0,impulsive,0.547,0.655,0.42,0.551,0.595
inconsistent_performer,62.0,0.78,1,1,1,4.8,stable,6,7,4.4,7,0,balanced,0.55,0.468,0.387,0.505,0.258
inconsistent_performer,39.3,0.765,2,0,0,7.3,slowing_down,7,1,6.9,7,0,impulsive,0.699,0.551,0.713,0.539,0.785
inconsistent_performer,49.3,0.573,2,0,1,4.8,slowing_down,7,1,7.1,7,0,deliberate,0.604,0.216,0.549,0.423,0.395
inconsistent_performer,63.8,0.693,3,2,2,2.4,stable,8,6,5.8,7,0,deliberate,0.372,0.378,0.397,0.407,0.391
inconsistent_performer,44.4,0.731,3,3,3,8.5,stable,10,4,6.3,7,0,balanced,0.519,0.41,0.615,0.475,0.604
inconsistent_performer,55.9,0.772,0,2,1,3.6,slowing_down,7,3,6.8,7,0,deliberate,0.54,0.472,0.733,0.576,0.462
inconsistent_performer,57.1,0.756,2,1,1,4.9,stable,7,3,6.4,7,0,deliberate,0.426,0.623,0.736,0.465,0.711
inconsistent_performer,55.1,0.799,4,0,1,5.9,speeding_up,8,6,6.3,7,0,balanced,0.558,0.343,0.213,0.544,0.503
inconsistent_performer,70.9,0.662,1,2,1,5.4,speeding_up,4,3,6.3,7,0,deliberate,0.471,0.754,0.454,0.591,0.431
inconsistent_performer,48.0,0.749,2,1,2,4.8,stable,7,5,4.7,7,0,deliberate,0.57,0.363,0.606,0.472,0.515
inconsistent_performer,39.6,0.605,1,3,1,6.5,stable,9,3,5.1,7,0,impulsive,0.434,0.799,0.519,0.587,0.566
inconsistent_performer,72.2,0.691,3,2,0,6.3,stable,6,4,2.9,7,0,deliberate,0.715,0.131,0.413,0.484,0.596
inconsistent_performer,52.2,0.75,6,2,3,4.1,speeding_up,6,4,5.7,7,0,deliberate,0.647,0.202,0.38,0.352,0.482
inconsistent_performer,59.2,0.617,4,1,2,4.2,stable,7,6,6.6,7,0,balanced,0.565,0.409,0.526,0.479,0.215
inconsistent_performer,48.3,0.665,5,2,3,4.5,slowing_down,8,6,7.3,7,0,balanced,0.511,0.644,0.77,0.567,0.508
inconsistent_performer,63.1,0.602,1,5,1,3.0,stable,4,5,6.6,7,0,balanced,0.595,0.352,0.406,0.502,0.634
inconsistent_performer,56.5,0.667,0,3,1,4.2,slowing_down,2,6,5.5,7,0,deliberate,0.494,0.601,0.417,0.556,0.467
inconsistent_performer,48.8,0.828,4,1,3,7.4,stable,2,4,7.5,7,0,balanced,0.738,0.582,0.617,0.591,0.535
inconsistent_performer,57.6,0.825,2,4,0,6.3,speeding_up,6,3,6.3,7,0,impulsive,0.461,0.478,0.337,0.543,0.324
inconsistent_performer,80.1,0.605,1,3,3,6.7,stable,4,6,3.8,7,0,deliberate,0.674,0.239,0.583,0.396,0.154
inconsistent_performer,53.5,0.712,3,0,3,2.9,slowing_down,4,1,7.1,7,0,balanced,0.38,0.413,0.57,0.406,0.524
inconsistent_performer,63.4,0.551,3,3,0,2.9,stable,2,7,4.7,7,0,impulsive,0.734,0.643,0.45,0.655,0.289
inconsistent_performer,69.9,0.767,3,0,1,10.2,stable,9,2,3.7,7,0,impulsive,0.732,0.429,0.628,0.482,0.487
inconsistent_performer,61.3,0.631,2,1,2,2.9,slowing_down,5,1,5.4,7,0,deliberate,0.48,0.187,0.466,0.408,0.757
inconsistent_performer,66.9,0.706,0,1,2,0.5,slowing_down,5,3,1.9,7,0,balanced,0.528,0.648,0.815,0.617,0.597
inconsistent_performer,55.5,0.682,6,2,0,6.5,speeding_up,9,2,3.0,7,0,impulsive,0.463,0.415,0.619,0.443,0.528
inconsistent_performer,71.6,0.594,3,1,3,3.8,speeding_up,8,4,4.5,7,0,impulsive,0.532,0.335,0.556,0.409,0.311
inconsistent_performer,45.3,0.832,5,1,0,7.1,stable,5,1,4.7,7,0,impulsive,0.455,0.484,0.456,0.43,0.615
inconsistent_performer,63.9,0.791,1,0,1,3.1,slowing_down,9,5,4.0,7,0,deliberate,0.382,0.582,0.742,0.535,0.451
inconsistent_performer,47.4,0.789,3,1,0,6.7,slowing_down,5,4,6.8,7,0,deliberate,0.495,0.75,0.396,0.664,0.797
inconsistent_performer,70.9,0.681,0,1,2,6.4,stable,8,2,6.9,7,0,impulsive,0.53,0.564,0.393,0.545,0.567
inconsistent_performer,63.0,0.799,3,0,1,3.4,slowing_down,6,3,6.4,7,0,deliberate,0.712,0.837,0.646,0.795,0.801
inconsistent_performer,62.4,0.713,3,0,2,5.3,stable,10,2,5.9,7,0,impulsive,0.613,0.317,0.474,0.512,0.767
inconsistent_performer,50.4,0.814,4,4,1,7.0,speeding_up,10,2,6.2,7,0,balanced,0.603,0.511,0.394,0.559,0.455
inconsistent_performer,68.4,0.692,1,4,1,3.9,stable,3,7,4.0,7,0,deliberate,0.576,0.546,0.291,0.561,0.688
inconsistent_performer,71.5,0.747,0,0,1,4.0,slowing_down,6,3,4.4,7,0,deliberate,0.669,0.715,0.878,0.626,0.528
inconsistent_performer,42.7,0.815,2,2,0,5.4,speeding_up,4,5,7.0,7,0,deliberate,0.485,0.406,0.428,0.528,0.5
inconsistent_performer,34.4,0.683,1,4,3,3.9,slowing_down,6,8,3.8,7,0,deliberate,0.452,0.705,0.418,0.546,0.716
inconsistent_performer,80.8,0.794,3,0,3,5.9,slowing_down,4,10,6.9,7,0,deliberate,0.356,0.39,0.443,0.444,0.61
inconsistent_performer,63.8,0.759,1,0,2,8.5,speeding_up,9,5,7.4,7,0,impulsive,0.41,0.761,0.394,0.539,0.506
inconsistent_performer,57.8,0.629,3,0,0,7.4,stable,5,7,4.1,7,0,deliberate,0.684,0.185,0.562,0.446,0.248
inconsistent_performer,36.5,0.581,2,1,1,5.0,stable,9,1,5.2,7,0,deliberate,0.421,0.328,0.383,0.373,0.618
inconsistent_performer,76.1,0.751,0,1,0,5.5,speeding_up,9,3,5.3,7,0,balanced,0.66,0.42,0.471,0.499,0.488
inconsistent_performer,47.5,0.571,1,1,1,10.0,slowing_down,5,3,3.1,7,0,impulsive,0.541,0.821,0.363,0.664,0.536
inconsistent_performer,49.7,0.792,3,2,1,9.2,stable,5,2,6.1,7,0,balanced,0.352,0.575,0.606,0.477,0.426
inconsistent_performer,54.6,0.596,0,4,2,8.2,speeding_up,7,1,5.2,7,0,impulsive,0.44,0.698,0.549,0.583,0.414
inconsistent_performer,79.0,0.761,0,1,5,1.2,stable,6,3,5.2,7,0,impulsive,0.517,0.684,0.281,0.611,0.386
inconsistent_performer,50.5,0.59,0,1,3,8.7,slowing_down,10,4,7.3,7,0,impulsive,0.411,0.458,0.518,0.435,0.586
inconsistent_performer,44.9,0.748,2,1,1,7.6,stable,3,0,3.7,7,0,deliberate,0.646,0.609,0.667,0.59,0.567
inconsistent_performer,57.3,0.811,2,2,1,6.4,speeding_up,8,4,4.8,7,0,impulsive,0.36,0.677,0.658,0.619,0.475
inconsistent_performer,69.6,0.588,1,0,2,4.5,stable,6,8,4.1,7,0,balanced,0.509,0.355,0.303,0.416,0.428
inconsistent_performer,60.0,0.822,3,0,1,8.0,slowing_down,5,4,4.3,7,0,balanced,0.735,0.43,0.622,0.571,0.643
inconsistent_performer,59.1,0.646,3,2,0,4.5,slowing_down,8,6,4.8,7,0,deliberate,0.624,0.309,0.573,0.501,0.54
inconsistent_performer,59.2,0.556,1,2,2,3.0,stable,4,3,3.9,7,0,impulsive,0.551,0.287,0.637,0.467,0.757
inconsistent_performer,51.9,0.707,1,1,1,6.9,speeding_up,3,3,5.1,7,0,impulsive,0.445,0.546,0.48,0.46,0.648
inconsistent_performer,76.8,0.66,2,1,1,5.2,speeding_up,4,5,5.6,7,0,deliberate,0.738,0.698,0.275,0.685,0.631
inconsistent_performer,60.5,0.725,2,1,1,5.4,stable,5,4,4.9,7,0,impulsive,0.658,0.538,0.29,0.627,0.6
inconsistent_performer,51.0,0.556,3,1,0,5.2,stable,8,3,5.2,7,0,deliberate,0.597,0.441,0.527,0.564,0.395
inconsistent_performer,51.1,0.663,4,2,0,7.5,speeding_up,7,4,4.4,7,0,deliberate,0.608,0.749,0.274,0.695,0.463
inconsistent_performer,64.2,0.637,1,0,1,7.1,stable,8,3,7.1,7,0,balanced,0.454,0.549,0.308,0.45,0.395
inconsistent_performer,54.1,0.835,3,3,2,6.1,speeding_up,6,3,6.3,7,0,impulsive,0.488,0.575,0.416,0.555,0.516
inconsistent_performer,49.5,0.735,3,1,1,5.9,slowing_down,5,3,5.3,7,0,impulsive,0.395,0.404,0.326,0.427,0.655
inconsistent_performer,66.9,0.843,5,2,1,3.2,slowing_down,10,3,5.9,7,0,balanced,0.381,0.435,0.597,0.389,0.584
inconsistent_performer,52.8,0.669,3,1,3,2.7,speeding_up,8,3,5.4,7,0,balanced,0.587,0.272,0.262,0.504,0.375
inconsistent_performer,59.9,0.79,2,2,1,6.8,speeding_up,10,6,5.4,7,0,impulsive,0.679,0.429,0.471,0.548,0.358
inconsistent_performer,59.6,0.792,4,1,1,1.7,slowing_down,3,2,4.3,7,0,balanced,0.734,0.49,0.544,0.634,0.66
inconsistent_performer,52.0,0.636,1,2,1,2.3,stable,6,1,7.1,7,0,impulsive,0.606,0.464,0.428,0.582,0.475
inconsistent_performer,46.6,0.748,2,1,0,5.5,slowing_down,10,2,5.5,7,0,impulsive,0.585,0.284,0.597,0.44,0.708
inconsistent_performer,64.9,0.585,1,4,1,2.8,stable,8,8,5.6,7,0,balanced,0.595,0.814,0.529,0.725,0.61
inconsistent_performer,61.4,0.817,3,2,3,4.5,slowing_down,7,5,4.8,7,0,balanced,0.44,0.447,0.88,0.454,0.331
inconsistent_performer,58.6,0.771,2,1,1,4.6,stable,2,5,6.2,7,0,balanced,0.572,0.544,0.44,0.537,0.344
inconsistent_performer,65.4,0.67,0,2,1,8.7,stable,3,4,7.6,7,0,deliberate,0.564,0.61,0.45,0.614,0.637
inconsistent_performer,55.9,0.742,2,0,1,3.0,slowing_down,5,2,6.4,7,0,deliberate,0.382,0.518,0.405,0.423,0.536
inconsistent_performer,67.8,0.642,4,0,0,10.6,speeding_up,3,4,4.3,7,0,balanced,0.585,0.555,0.825,0.444,0.556
inconsistent_performer,53.7,0.598,3,3,1,6.1,stable,3,2,4.5,7,0,impulsive,0.682,0.331,0.4,0.511,0.697
inconsistent_performer,55.6,0.736,0,0,1,8.4,stable,8,7,4.7,7,0,deliberate,0.654,0.441,0.522,0.548,0.847
inconsistent_performer,41.1,0.689,6,1,3,8.1,stable,3,2,6.3,7,0,balanced,0.539,0.172,0.684,0.356,0.716
inconsistent_performer,81.2,0.593,3,1,0,3.8,stable,8,4,1.2,7,0,deliberate,0.687,0.614,0.701,0.68,0.444
inconsistent_performer,64.7,0.834,3,4,0,5.8,stable,6,4,5.1,7,0,balanced,0.639,0.564,0.584,0.577,0.511
inconsistent_performer,53.2,0.822,2,2,0,7.7,slowing_down,7,2,5.3,7,0,deliberate,0.467,0.489,0.502,0.51,0.625
inconsistent_performer,71.5,0.832,1,1,1,0.1,stable,5,2,6.2,7,0,balanced,0.494,0.596,0.653,0.642,0.457
inconsistent_performer,71.1,0.57,2,2,0,6.5,stable,5,2,6.9,7,0,balanced,0.463,0.615,0.466,0.451,0.707
inconsistent_performer,37.3,0.578,1,4,3,5.3,stable,3,9,3.9,7,0,deliberate,0.427,0.224,0.537,0.393,0.877
inconsistent_performer,64.2,0.717,3,1,4,4.2,stable,5,5,5.9,7,0,impulsive,0.708,0.465,0.702,0.656,0.342
inconsistent_performer,53.0,0.694,4,1,1,7.1,speeding_up,3,6,3.1,7,0,deliberate,0.578,0.582,0.315,0.655,0.411
inconsistent_performer,28.7,0.599,2,3,2,4.2,slowing_down,6,2,3.4,7,0,deliberate,0.625,0.369,0.773,0.482,0.533
inconsistent_performer,62.5,0.601,4,3,2,6.4,speeding_up,6,2,6.2,7,0,impulsive,0.489,0.641,0.778,0.545,0.399
inconsistent_performer,79.0,0.658,2,2,0,3.2,stable,6,3,7.5,7,0,deliberate,0.721,0.488,0.325,0.649,0.251
inconsistent_performer,66.5,0.821,3,2,2,5.0,stable,9,4,3.7,7,0,impulsive,0.375,0.471,0.29,0.421,0.577
inconsistent_performer,42.2,0.634,1,0,1,6.2,speeding_up,6,2,5.9,7,0,impulsive,0.413,0.592,0.716,0.553,0.415
inconsistent_performer,55.6,0.664,2,3,2,4.1,slowing_down,4,3,6.6,7,0,impulsive,0.386,0.15,0.773,0.27,0.753
inconsistent_performer,75.3,0.736,1,1,1,6.3,speeding_up,3,6,5.2,7,0,deliberate,0.51,0.505,0.276,0.537,0.247
inconsistent_performer,37.8,0.626,1,3,2,6.4,slowing_down,5,4,5.0,7,0,impulsive,0.509,0.404,0.583,0.501,0.711
inconsistent_performer,69.9,0.693,1,3,1,5.6,speeding_up,6,4,5.4,7,0,deliberate,0.507,0.495,0.433,0.393,0.309
inconsistent_performer,47.7,0.723,3,2,0,5.0,speeding_up,6,3,3.0,7,0,impulsive,0.653,0.324,0.616,0.47,0.393
inconsistent_performer,75.8,0.813,4,1,2,5.2,speeding_up,7,3,7.3,7,0,balanced,0.572,0.794,0.556,0.641,0.595
inconsistent_performer,48.9,0.764,2,1,0,5.6,stable,4,1,5.9,7,0,balanced,0.688,0.538,0.433,0.573,0.264
inconsistent_performer,52.1,0.711,5,0,1,8.6,speeding_up,4,4,6.8,7,0,deliberate,0.446,0.377,0.51,0.295,0.545
inconsistent_performer,76.5,0.832,1,4,1,3.2,stable,5,3,5.5,7,0,impulsive,0.388,0.663,0.241,0.594,0.499
inconsistent_performer,47.3,0.65,4,0,5,7.6,speeding_up,7,7,7.3,7,0,balanced,0.708,0.502,0.51,0.585,0.612
inconsistent_performer,46.6,0.709,0,1,2,1.0,slowing_down,5,2,4.7,7,0,deliberate,0.384,0.451,0.844,0.409,0.486
inconsistent_performer,44.9,0.633,1,0,2,6.4,slowing_down,5,4,5.6,7,0,deliberate,0.6,0.343,0.684,0.494,0.451
inconsistent_performer,61.4,0.741,2,0,3,4.5,stable,4,3,4.7,7,0,impulsive,0.374,0.454,0.555,0.349,0.441
inconsistent_performer,43.4,0.833,4,2,2,6.8,slowing_down,4,4,6.3,7,0,impulsive,0.51,0.504,0.544,0.47,0.607
inconsistent_performer,68.9,0.721,3,4,0,8.5,speeding_up,1,7,5.3,7,0,impulsive,0.46,0.509,0.609,0.504,0.901
inconsistent_performer,63.8,0.83,1,1,1,7.1,stable,4,3,6.6,7,0,impulsive,0.745,0.516,0.607,0.573,0.7
inconsistent_performer,74.1,0.587,3,2,3,4.7,slowing_down,10,5,6.5,7,0,impulsive,0.637,0.349,0.617,0.491,0.441
inconsistent_performer,41.5,0.649,2,0,2,5.3,speeding_up,4,1,4.6,7,0,deliberate,0.717,0.693,0.541,0.635,0.796
inconsistent_performer,56.6,0.699,2,2,1,5.6,slowing_down,7,3,2.7,7,0,impulsive,0.571,0.424,0.383,0.587,0.478
inconsistent_performer,60.7,0.754,1,1,1,3.5,stable,8,2,5.2,7,0,impulsive,0.398,0.457,0.418,0.461,0.595
inconsistent_performer,63.0,0.803,0,3,0,4.7,slowing_down,2,6,6.7,7,0,impulsive,0.728,0.786,0.525,0.733,0.747
inconsistent_performer,72.4,0.69,2,0,1,6.4,speeding_up,7,5,5.6,7,0,deliberate,0.428,0.351,0.568,0.408,0.345
inconsistent_performer,62.8,0.815,0,3,3,8.2,slowing_down,1,8,5.6,7,0,impulsive,0.374,0.344,0.643,0.409,0.738
steady_achiever,71.9,0.238,0,0,1,3.7,stable,0,1,7.4,7,0,balanced,0.753,0.776,0.542,0.685,0.353
steady_achiever,59.0,0.139,0,0,1,6.4,stable,0,1,7.2,7,0,balanced,0.951,0.859,0.843,0.78,0.456
steady_achiever,60.2,0.191,0,0,0,5.6,stable,2,2,8.0,7,0,balanced,0.662,0.499,0.313,0.577,0.452
steady_achiever,66.5,0.122,0,0,0,4.7,stable,2,0,6.9,7,0,balanced,0.574,0.682,0.825,0.615,0.711
steady_achiever,66.5,0.225,0,0,0,4.8,stable,2,0,6.9,7,0,balanced,0.743,0.657,0.336,0.576,0.581
steady_achiever,56.7,0.219,0,0,0,4.6,stable,3,0,6.3,7,0,balanced,0.737,0.611,0.716,0.659,0.506
steady_achiever,59.4,0.15,0,0,0,5.4,stable,0,0,8.3,7,0,balanced,0.574,0.689,0.627,0.628,0.427
steady_achiever,65.5,0.178,1,0,0,6.2,stable,2,0,6.6,7,0,balanced,0.672,0.699,0.398,0.662,0.652
steady_achiever,55.8,0.169,0,0,0,4.5,stable,0,3,7.6,7,0,balanced,0.521,0.857,0.598,0.631,0.545
steady_achiever,60.3,0.051,0,0,0,4.7,stable,0,1,7.0,7,0,balanced,0.925,0.83,0.797,0.783,0.665
steady_achiever,64.4,0.168,0,0,0,4.0,stable,1,0,7.4,7,0,balanced,0.808,0.616,0.468,0.666,0.599
steady_achiever,68.5,0.109,0,0,0,4.9,stable,1,0,6.8,7,0,balanced,0.767,0.621,0.908,0.693,0.642
steady_achiever,61.3,0.168,1,0,1,6.0,stable,2,1,6.4,7,0,balanced,0.398,0.715,0.753,0.543,0.707
steady_achiever,64.0,0.165,0,0,0,4.9,stable,0,1,6.3,7,0,balanced,0.692,0.904,0.713,0.73,0.629
steady_achiever,63.1,0.16,0,0,0,5.8,stable,0,0,7.6,7,0,balanced,0.559,0.505,0.197,0.652,0.537
steady_achiever,71.6,0.221,0,0,0,4.9,stable,3,0,6.6,7,0,balanced,0.798,0.51,0.557,0.648,0.488
steady_achiever,58.8,0.236,0,0,0,5.3,stable,3,1,7.1,7,0,balanced,0.373,0.827,0.795,0.682,0.638
steady_achiever,46.9,0.164,1,0,1,3.4,stable,2,1,7.8,7,0,balanced,0.773,0.852,0.587,0.759,0.65
steady_achiever,51.9,0.175,1,0,0,5.2,stable,5,1,7.3,7,0,balanced,0.779,0.692,0.937,0.757,0.669
steady_achiever,67.9,0.136,0,0,0,4.7,stable,2,1,6.3,7,0,balanced,0.609,0.743,0.656,0.59,0.562
steady_achiever,52.7,0.13,0,0,0,5.1,stable,2,1,7.1,7,0,balanced,0.457,0.749,0.471,0.59,0.704
steady_achiever,64.8,0.087,1,0,0,5.1,stable,1,0,6.7,7,0,balanced,0.889,0.458,0.765,0.573,0.364
steady_achiever,63.7,0.13,0,0,1,5.0,stable,1,1,7.1,7,0,balanced,0.672,0.668,0.699,0.653,0.747
steady_achiever,49.2,0.123,0,0,0,4.6,stable,2,0,7.4,7,0,balanced,0.799,0.56,0.67,0.637,0.348
steady_achiever,55.3,0.177,0,0,0,4.5,stable,1,1,7.7,7,0,balanced,0.634,0.639,0.485,0.622,0.453
steady_achiever,66.1,0.168,0,0,0,5.7,stable,3,1,6.5,7,0,balanced,0.875,0.848,0.679,0.779,0.465
steady_achiever,60.8,0.176,0,0,0,5.9,stable,1,3,5.9,7,0,balanced,0.741,0.485,0.807,0.6,0.586
steady_achiever,69.4,0.139,0,0,0,5.0,stable,2,0,6.4,7,0,balanced,0.772,0.661,0.664,0.681,0.572
steady_achiever,67.5,0.123,0,0,0,4.7,stable,3,0,7.0,7,0,balanced,0.512,0.209,0.496,0.365,0.563
steady_achiever,60.9,0.202,0,0,0,6.0,stable,1,2,6.0,7,0,balanced,0.773,0.492,0.424,0.527,0.465
steady_achiever,57.8,0.209,0,0,0,6.1,stable,1,0,6.7,7,0,balanced,0.858,0.496,0.528,0.536,0.634
steady_achiever,50.8,0.159,0,0,0,4.5,stable,0,0,7.2,7,0,balanced,0.428,0.574,0.799,0.5,0.778
steady_achiever,67.5,0.232,0,0,1,5.9,stable,3,2,7.3,7,0,balanced,0.623,0.488,0.824,0.495,0.497
steady_achiever,64.1,0.173,0,0,0,6.1,stable,0,0,7.2,7,0,balanced,0.823,0.775,0.485,0.723,0.522
steady_achiever,61.2,0.049,0,0,0,5.1,stable,1,0,7.4,7,0,balanced,0.955,0.77,0.543,0.771,0.647
steady_achiever,65.9,0.147,1,0,0,4.2,stable,2,0,7.3,7,0,balanced,0.709,0.35,0.417,0.55,0.363
steady_achiever,61.8,0.189,0,0,0,5.8,stable,2,0,7.4,7,0,balanced,0.75,0.199,0.881,0.508,0.771
steady_achiever,59.7,0.256,0,0,0,5.8,stable,1,2,7.3,7,0,balanced,0.592,0.696,0.592,0.573,0.459
steady_achiever,67.6,0.147,0,0,0,4.7,stable,3,2,7.2,7,0,balanced,0.737,0.744,0.728,0.71,0.506
steady_achiever,71.0,0.152,0,0,0,4.9,stable,1,2,7.3,7,0,balanced,0.608,0.643,0.753,0.624,0.696
steady_achiever,65.8,0.205,0,0,0,5.2,stable,0,2,7.5,7,0,balanced,0.742,0.669,0.492,0.647,0.597
steady_achiever,59.1,0.135,0,0,0,6.0,stable,2,1,6.6,7,0,balanced,0.631,0.658,0.573,0.599,0.621
steady_achiever,58.2,0.126,0,0,0,4.9,stable,0,2,7.5,7,0,balanced,0.779,0.856,0.811,0.817,0.901
steady_achiever,62.4,0.139,0,0,0,6.1,stable,1,1,7.6,7,0,balanced,0.503,0.487,0.778,0.438,0.728
steady_achiever,63.1,0.251,0,0,0,3.2,stable,3,1,6.5,7,0,balanced,0.777,0.684,0.641,0.7,0.395
steady_achiever,62.9,0.193,0,0,0,4.4,stable,3,1,7.2,7,0,balanced,0.605,0.304,0.786,0.439,0.848
steady_achiever,57.8,0.184,1,0,0,4.4,stable,3,1,6.3,7,0,balanced,0.716,0.906,0.608,0.816,0.738
steady_achiever,68.7,0.192,0,0,0,4.4,stable,1,0,6.2,7,0,balanced,0.688,0.563,0.717,0.678,0.455
steady_achiever,69.3,0.2,0,0,0,5.9,stable,4,0,6.9,7,0,balanced,0.758,0.862,0.688,0.693,0.636
steady_achiever,65.7,0.139,0,0,0,6.2,stable,2,1,6.9,7,0,balanced,0.795,0.71,0.657,0.632,0.756
steady_achiever,62.5,0.077,0,0,0,4.0,stable,2,2,7.3,7,0,balanced,0.498,0.627,0.533,0.533,0.211
steady_achiever,57.6,0.186,0,0,0,6.1,stable,1,0,6.6,7,0,balanced,0.728,0.663,0.678,0.809,0.752
steady_achiever,72.3,0.198,0,0,0,6.2,stable,3,3,6.4,7,0,balanced,0.479,0.734,0.653,0.536,0.641
steady_achiever,76.4,0.222,0,0,0,4.6,stable,2,0,6.8,7,0,balanced,0.605,0.746,0.674,0.678,0.698
steady_achiever,54.4,0.166,0,0,0,4.9,stable,4,1,7.0,7,0,balanced,0.772,0.758,0.622,0.73,0.588
steady_achiever,50.0,0.159,1,0,0,6.5,stable,3,2,6.3,7,0,balanced,0.642,0.579,0.616,0.593,0.772
steady_achiever,56.2,0.099,0,0,0,6.0,stable,1,2,8.4,7,0,balanced,0.727,0.659,0.644,0.699,0.561
steady_achiever,56.8,0.237,0,0,0,4.0,stable,2,4,7.7,7,0,balanced,0.843,0.52,0.344,0.537,0.321
steady_achiever,64.9,0.135,0,0,0,4.7,stable,1,2,7.5,7,0,balanced,0.829,0.68,0.459,0.657,0.819
steady_achiever,54.5,0.108,0,0,0,6.1,stable,1,2,6.5,7,0,balanced,0.723,0.801,0.333,0.756,0.793
steady_achiever,63.6,0.192,0,0,0,4.7,stable,1,1,7.6,7,0,balanced,0.596,0.66,0.599,0.688,0.601
steady_achiever,49.5,0.143,0,0,0,6.1,stable,3,2,7.1,7,0,balanced,0.528,0.76,0.789,0.551,0.554
steady_achiever,72.9,0.162,0,0,0,5.1,stable,1,1,6.9,7,0,balanced,0.398,0.894,0.564,0.584,0.422
steady_achiever,57.8,0.151,0,0,0,5.6,stable,1,0,7.6,7,0,balanced,0.806,0.755,0.674,0.666,0.817
steady_achiever,60.6,0.106,0,0,0,3.8,stable,1,1,7.0,7,0,balanced,0.51,0.583,0.842,0.476,0.76
steady_achiever,49.5,0.145,0,0,0,4.8,stable,4,1,7.8,7,0,balanced,0.496,0.697,0.606,0.528,0.676
steady_achiever,57.4,0.129,0,0,0,4.5,stable,2,2,7.5,7,0,balanced,0.736,0.882,0.511,0.792,0.72
steady_achiever,56.3,0.152,1,0,0,4.1,stable,2,0,6.9,7,0,balanced,0.854,0.381,0.835,0.652,0.711
steady_achiever,63.7,0.172,0,0,0,5.1,stable,3,0,7.8,7,0,balanced,0.863,0.74,0.554,0.791,0.52
steady_achiever,56.4,0.116,0,0,0,3.9,stable,5,1,7.0,7,0,balanced,0.602,0.613,0.617,0.55,0.605
steady_achiever,60.4,0.135,0,0,0,6.2,stable,2,1,8.2,7,0,balanced,0.899,0.888,0.625,0.851,0.776
steady_achiever,62.8,0.165,1,0,0,5.6,stable,0,0,6.4,7,0,balanced,0.847,0.787,0.902,0.749,0.569
steady_achiever,56.6,0.22,0,0,0,5.8,stable,1,0,6.9,7,0,balanced,0.701,0.654,0.702,0.706,0.735
steady_achiever,70.8,0.118,0,0,0,4.5,stable,0,0,7.5,7,0,balanced,0.662,0.603,0.625,0.586,0.37
steady_achiever,65.1,0.169,0,0,0,4.3,stable,4,1,5.9,7,0,balanced,0.585,0.75,0.666,0.706,0.297
steady_achiever,63.3,0.143,0,0,0,5.0,stable,3,1,6.8,7,0,balanced,0.697,0.876,0.878,0.789,0.447
steady_achiever,59.1,0.185,1,0,0,6.4,stable,4,1,7.5,7,0,balanced,0.528,0.718,0.39,0.588,0.406
steady_achiever,62.4,0.125,1,0,0,2.7,stable,2,1,6.7,7,0,balanced,0.669,0.522,0.838,0.545,0.595
steady_achiever,62.9,0.093,0,0,0,5.6,stable,0,0,7.1,7,0,balanced,0.662,0.662,0.539,0.573,0.821
steady_achiever,57.5,0.137,0,0,0,5.4,stable,1,1,7.0,7,0,balanced,0.575,0.597,0.75,0.547,0.499
steady_achiever,51.6,0.136,1,0,0,4.5,stable,1,0,6.8,7,0,balanced,0.742,0.62,0.776,0.622,0.681
steady_achiever,54.8,0.183,0,0,0,5.0,stable,0,0,6.9,7,0,balanced,0.84,0.672,0.81,0.684,0.604
steady_achiever,76.0,0.135,0,0,0,6.6,stable,1,0,7.9,7,0,balanced,0.594,0.79,0.448,0.641,0.443
steady_achiever,71.2,0.155,0,0,1,3.9,stable,2,2,6.9,7,0,balanced,0.504,0.683,0.805,0.588,0.693
steady_achiever,60.0,0.12,0,0,1,4.9,stable,2,1,6.0,7,0,balanced,0.69,0.661,0.8,0.616,0.418
steady_achiever,54.2,0.163,0,0,0,5.5,stable,0,0,7.8,7,0,balanced,0.869,0.459,0.53,0.601,0.754
steady_achiever,68.0,0.129,0,0,0,4.1,stable,2,1,6.8,7,0,balanced,0.77,0.746,0.792,0.677,0.607
steady_achiever,56.1,0.103,0,0,0,6.9,stable,2,0,6.8,7,0,balanced,0.836,0.787,0.393,0.709,0.509
steady_achiever,62.3,0.145,0,0,0,6.4,stable,0,1,7.1,7,0,balanced,0.572,0.465,0.538,0.559,0.272
steady_achiever,75.7,0.2,1,0,0,5.8,stable,6,1,6.8,7,0,balanced,0.705,0.642,0.786,0.701,0.62
steady_achiever,61.5,0.168,1,0,0,5.3,stable,1,0,7.4,7,0,balanced,0.794,0.688,0.719,0.7,0.409
steady_achiever,49.9,0.175,1,0,0,4.7,stable,3,2,7.0,7,0,balanced,0.72,0.655,0.423,0.703,0.497
steady_achiever,62.9,0.093,1,0,0,3.5,stable,2,1,7.1,7,0,balanced,0.625,0.765,0.52,0.646,0.671
steady_achiever,64.5,0.178,0,0,0,4.4,stable,0,1,6.8,7,0,balanced,0.66,0.537,0.624,0.515,0.518
steady_achiever,59.4,0.167,0,0,1,4.3,stable,1,0,6.5,7,0,balanced,0.675,0.594,0.791,0.599,0.583
steady_achiever,56.5,0.241,0,0,0,4.8,stable,2,0,7.1,7,0,balanced,0.525,0.694,0.311,0.599,0.758
steady_achiever,68.7,0.169,0,0,0,6.8,stable,0,2,7.3,7,0,balanced,0.956,0.777,0.59,0.761,0.74
steady_achiever,71.9,0.182,0,0,1,5.4,stable,1,0,6.8,7,0,balanced,0.678,0.781,0.602,0.613,0.723
steady_achiever,59.7,0.241,0,0,0,4.4,stable,3,0,7.8,7,0,balanced,0.814,0.514,0.72,0.594,0.557
steady_achiever,73.1,0.079,0,0,0,6.3,stable,0,0,7.4,7,0,balanced,0.687,0.697,0.602,0.577,0.594
steady_achiever,64.8,0.192,1,0,1,6.1,stable,2,1,7.5,7,0,balanced,0.658,0.783,0.566,0.652,0.573
steady_achiever,59.7,0.078,0,0,0,4.7,stable,2,0,7.1,7,0,balanced,0.745,0.58,0.612,0.634,0.505
steady_achiever,71.5,0.144,0,0,0,4.9,stable,6,1,8.0,7,0,balanced,0.642,0.44,0.849,0.562,0.414
steady_achiever,55.3,0.228,0,0,0,5.1,stable,2,2,6.8,7,0,balanced,0.69,0.701,0.76,0.646,0.635
steady_achiever,67.7,0.148,0,0,0,4.7,stable,3,2,6.6,7,0,balanced,0.694,0.553,0.713,0.681,0.556
steady_achiever,59.0,0.155,1,0,0,5.3,stable,1,0,6.9,7,0,balanced,0.653,0.726,0.633,0.72,0.729
steady_achiever,59.4,0.109,0,0,1,5.1,stable,2,1,6.0,7,0,balanced,0.963,0.747,0.694,0.74,0.581
steady_achiever,64.7,0.145,0,0,0,5.3,stable,2,1,6.9,7,0,balanced,0.451,0.612,0.606,0.487,0.675
steady_achiever,62.4,0.173,0,0,0,5.3,stable,1,0,7.5,7,0,balanced,0.701,0.715,0.7,0.671,0.565
steady_achiever,68.5,0.248,0,0,0,5.7,stable,3,1,6.7,7,0,balanced,0.856,0.519,0.555,0.669,0.779
steady_achiever,68.6,0.133,0,0,0,5.2,stable,1,1,7.7,7,0,balanced,0.182,0.783,0.521,0.427,0.699
steady_achiever,63.3,0.14,0,0,0,5.8,stable,1,0,7.3,7,0,balanced,0.767,0.551,0.64,0.551,0.381
steady_achiever,60.3,0.106,0,0,0,4.5,stable,0,1,6.5,7,0,balanced,0.434,0.606,0.511,0.487,0.815
steady_achiever,59.7,0.149,0,0,0,4.2,stable,0,1,7.4,7,0,balanced,0.775,0.431,0.706,0.635,0.547
steady_achiever,64.7,0.163,0,0,0,3.5,stable,4,0,6.2,7,0,balanced,0.453,0.696,0.908,0.582,0.444
steady_achiever,66.2,0.158,0,0,0,5.6,stable,1,0,7.1,7,0,balanced,0.461,0.692,0.773,0.501,0.819
steady_achiever,62.1,0.204,0,0,0,4.2,stable,1,0,7.0,7,0,balanced,0.424,0.699,0.635,0.612,0.697
steady_achiever,74.5,0.166,0,0,0,5.8,stable,1,1,7.5,7,0,balanced,0.887,0.758,0.719,0.778,0.482
steady_achiever,57.5,0.168,0,0,0,6.7,stable,1,2,7.1,7,0,balanced,0.734,0.601,0.53,0.615,0.67
steady_achiever,67.9,0.179,0,0,0,4.9,stable,0,0,7.0,7,0,balanced,0.845,0.453,0.737,0.739,0.525
steady_achiever,67.4,0.145,0,0,0,5.1,stable,1,3,7.8,7,0,balanced,0.639,0.438,0.567,0.544,0.406
steady_achiever,67.9,0.141,0,0,0,6.3,stable,0,2,7.4,7,0,balanced,0.782,0.795,0.394,0.662,0.389
steady_achiever,59.2,0.11,0,0,0,5.0,stable,1,1,7.7,7,0,balanced,0.712,0.352,0.842,0.496,0.369
steady_achiever,62.8,0.136,0,0,0,5.6,stable,0,2,7.1,7,0,balanced,0.883,0.873,0.579,0.871,0.659
steady_achiever,51.7,0.226,0,0,0,5.7,stable,4,0,6.5,7,0,balanced,0.748,0.596,0.604,0.633,0.724
steady_achiever,64.8,0.202,0,0,0,5.2,stable,0,2,7.2,7,0,balanced,0.601,0.718,0.571,0.586,0.747
steady_achiever,69.6,0.154,0,0,1,6.0,stable,1,0,7.6,7,0,balanced,0.611,0.603,0.683,0.587,0.445
steady_achiever,56.5,0.144,0,0,0,5.5,stable,2,0,6.7,7,0,balanced,0.628,0.9,0.811,0.672,0.849
steady_achiever,55.2,0.187,0,0,0,3.6,stable,1,0,7.2,7,0,balanced,0.537,0.621,0.721,0.556,0.7
steady_achiever,57.7,0.195,0,0,0,4.5,stable,1,3,6.7,7,0,balanced,0.871,0.563,0.712,0.521,0.703
steady_achiever,71.5,0.202,0,0,0,4.6,stable,0,2,7.1,7,0,balanced,0.927,0.503,0.627,0.66,0.393
steady_achiever,58.1,0.151,0,0,1,5.8,stable,2,0,7.6,7,0,balanced,0.838,0.693,0.601,0.781,0.764
steady_achiever,62.9,0.215,0,0,0,4.9,stable,5,2,6.5,7,0,balanced,0.733,0.567,0.73,0.648,0.361
steady_achiever,65.6,0.142,0,0,0,5.7,stable,2,1,7.1,7,0,balanced,0.611,0.741,0.65,0.578,0.677
steady_achiever,71.1,0.125,0,0,0,5.8,stable,4,3,7.5,7,0,balanced,0.739,0.331,0.601,0.545,0.816
steady_achiever,63.1,0.128,0,0,0,5.1,stable,1,0,7.4,7,0,balanced,0.792,0.547,0.659,0.58,0.821
steady_achiever,55.9,0.197,0,0,0,5.2,stable,3,2,7.2,7,0,balanced,0.736,0.362,0.771,0.477,0.446
steady_achiever,55.8,0.136,0,0,1,5.8,stable,2,1,7.2,7,0,balanced,0.666,0.556,0.58,0.564,0.677
steady_achiever,65.7,0.173,0,0,0,5.5,stable,1,0,7.4,7,0,balanced,0.474,0.633,0.863,0.56,0.544
steady_achiever,55.4,0.138,0,0,0,4.9,stable,1,0,6.9,7,0,balanced,0.831,0.768,0.64,0.823,0.669
steady_achiever,65.6,0.192,0,0,0,5.2,stable,0,0,7.0,7,0,balanced,0.331,0.636,0.448,0.435,0.847
steady_achiever,49.2,0.144,0,0,0,3.8,stable,3,1,7.2,7,0,balanced,0.557,0.637,0.65,0.515,0.644
steady_achiever,67.1,0.24,0,0,1,5.0,stable,3,0,6.7,7,0,balanced,0.743,0.66,0.619,0.618,0.428
steady_achiever,55.0,0.146,1,0,0,4.8,stable,1,0,6.0,7,0,balanced,0.785,0.798,0.767,0.716,0.5
steady_achiever,58.4,0.17,1,0,0,4.0,stable,1,1,7.4,7,0,balanced,0.657,0.752,0.577,0.669,0.705
steady_achiever,64.2,0.156,0,0,1,6.0,stable,3,0,6.5,7,0,balanced,0.841,0.38,0.684,0.557,0.664
steady_achiever,64.1,0.225,0,0,0,5.2,stable,1,2,7.0,7,0,balanced,0.658,0.892,0.637,0.68,0.35
steady_achiever,61.5,0.222,0,0,0,5.0,stable,1,1,7.0,7,0,balanced,0.568,0.703,0.803,0.625,0.715
steady_achiever,53.7,0.194,0,0,0,5.1,stable,2,1,7.5,7,0,balanced,0.45,0.64,0.669,0.565,0.733
steady_achiever,56.6,0.113,0,0,0,5.0,stable,3,2,6.8,7,0,balanced,0.549,0.568,0.651,0.611,0.341
steady_achiever,69.3,0.205,1,0,0,5.0,stable,4,0,7.0,7,0,balanced,0.45,0.59,0.702,0.565,0.591
steady_achiever,65.6,0.148,0,0,0,6.0,stable,3,1,7.3,7,0,balanced,0.592,0.572,0.775,0.602,0.675
steady_achiever,61.8,0.161,0,0,0,6.6,stable,2,1,7.1,7,0,balanced,0.758,0.726,0.733,0.668,0.727
steady_achiever,62.9,0.098,0,0,0,4.1,stable,0,2,7.1,7,0,balanced,0.506,0.684,0.848,0.549,0.571
steady_achiever,49.1,0.139,0,0,0,4.6,stable,1,0,7.3,7,0,balanced,0.65,0.251,0.77,0.471,0.831
steady_achiever,65.5,0.084,0,0,1,6.2,stable,1,2,6.6,7,0,balanced,0.617,0.787,0.774,0.711,0.775
steady_achiever,52.2,0.161,0,0,0,5.0,stable,3,0,7.2,7,0,balanced,0.665,0.527,0.567,0.56,0.382
steady_achiever,69.9,0.154,0,0,0,6.0,stable,0,0,7.0,7,0,balanced,0.514,0.781,0.565,0.561,0.677
steady_achiever,61.4,0.191,1,0,0,5.3,stable,2,5,7.4,7,0,balanced,0.566,0.536,0.454,0.488,0.932
steady_achiever,64.9,0.157,0,0,0,4.9,stable,3,2,6.2,7,0,balanced,0.797,0.589,0.731,0.67,0.703
steady_achiever,58.8,0.195,0,0,0,5.3,stable,2,1,6.6,7,0,balanced,0.9,0.558,0.423,0.644,0.502
steady_achiever,65.0,0.113,0,0,0,4.5,stable,0,2,7.0,7,0,balanced,0.837,0.587,0.777,0.651,0.556
steady_achiever,59.0,0.155,0,0,0,4.8,stable,2,0,7.1,7,0,balanced,0.54,0.58,0.703,0.528,0.516
steady_achiever,57.9,0.151,0,0,0,6.7,stable,1,0,7.4,7,0,balanced,0.789,0.861,0.679,0.802,0.372
steady_achiever,60.4,0.139,0,0,0,6.2,stable,3,2,7.1,7,0,balanced,0.269,0.708,0.893,0.489,0.41
steady_achiever,61.7,0.135,0,0,0,4.9,stable,2,1,8.0,7,0,balanced,0.685,0.961,0.743,0.765,0.743
steady_achiever,70.5,0.093,1,0,0,5.7,stable,1,1,5.9,7,0,balanced,0.82,0.369,0.779,0.658,0.61
steady_achiever,50.6,0.135,0,0,0,5.0,stable,1,1,7.7,7,0,balanced,0.664,0.367,0.779,0.506,0.45
steady_achiever,63.9,0.161,0,0,0,5.4,stable,2,1,7.9,7,0,balanced,0.578,0.529,0.741,0.488,0.426
steady_achiever,49.0,0.204,0,0,0,5.1,stable,3,1,7.0,7,0,balanced,0.798,0.804,0.395,0.738,0.787
steady_achiever,64.8,0.183,1,0,0,5.6,stable,0,0,6.7,7,0,balanced,0.495,0.705,0.72,0.61,0.516
steady_achiever,55.7,0.19,1,0,0,5.3,stable,5,2,6.8,7,0,balanced,0.737,0.879,0.702,0.695,0.222
steady_achiever,63.0,0.085,0,0,0,5.9,stable,2,0,7.2,7,0,balanced,0.747,0.571,0.382,0.6,0.652
steady_achiever,62.5,0.17,0,0,0,4.8,stable,3,1,7.2,7,0,balanced,0.772,0.257,0.831,0.567,0.472
steady_achiever,66.1,0.214,0,0,0,4.8,stable,0,2,7.7,7,0,balanced,0.386,0.726,0.552,0.586,0.659
steady_achiever,57.6,0.127,0,0,0,4.4,stable,1,2,7.0,7,0,balanced,0.547,0.602,0.578,0.573,0.807
steady_achiever,54.4,0.217,0,0,0,4.9,stable,2,2,7.3,7,0,balanced,0.782,0.671,0.696,0.71,0.583
steady_achiever,47.2,0.114,0,0,0,5.0,stable,2,0,7.7,7,0,balanced,0.377,0.678,0.858,0.51,0.44
steady_achiever,60.3,0.206,0,0,0,5.1,stable,0,2,6.8,7,0,balanced,0.389,0.633,0.71,0.477,0.665
steady_achiever,60.7,0.158,0,0,0,4.5,stable,0,1,7.0,7,0,balanced,0.548,0.629,0.791,0.588,0.758
steady_achiever,61.5,0.224,0,0,0,4.5,stable,1,2,7.3,7,0,balanced,0.743,0.551,0.747,0.631,0.635
steady_achiever,67.1,0.145,0,0,0,5.1,stable,1,0,7.1,7,0,balanced,0.663,0.712,0.623,0.632,0.783
steady_achiever,66.6,0.144,0,0,0,5.7,stable,5,1,7.8,7,0,balanced,0.58,0.825,0.682,0.634,0.547
steady_achiever,55.9,0.212,0,0,0,7.2,stable,5,0,6.8,7,0,balanced,0.734,0.565,0.678,0.674,0.494
steady_achiever,56.7,0.111,0,0,0,5.7,stable,0,1,6.2,7,0,balanced,0.85,0.644,0.741,0.684,0.487
steady_achiever,65.3,0.102,0,0,0,4.6,stable,1,0,7.8,7,0,balanced,0.67,0.546,0.843,0.571,0.563
steady_achiever,75.5,0.155,0,0,0,4.6,stable,1,0,7.3,7,0,balanced,0.746,0.52,0.71,0.629,0.378
steady_achiever,67.1,0.175,1,0,0,4.2,stable,2,1,7.2,7,0,balanced,0.717,0.859,0.709,0.644,0.643
steady_achiever,62.9,0.127,0,0,1,4.0,stable,0,1,6.7,7,0,balanced,0.539,0.764,0.6,0.647,0.152
steady_achiever,62.0,0.116,0,0,0,4.6,stable,1,1,8.0,7,0,balanced,0.558,0.651,0.587,0.509,0.646
steady_achiever,62.3,0.14,0,0,0,5.3,stable,0,0,7.2,7,0,balanced,0.572,0.857,0.733,0.709,0.664
steady_achiever,52.6,0.175,0,0,0,5.9,stable,0,0,6.9,7,0,balanced,0.673,0.736,0.741,0.707,0.689
steady_achiever,44.3,0.204,0,0,0,5.3,stable,2,0,7.3,7,0,balanced,0.713,0.605,0.735,0.657,0.657
steady_achiever,57.9,0.148,0,0,0,5.1,stable,2,0,6.6,7,0,balanced,0.675,0.45,0.529,0.555,0.551
steady_achiever,69.2,0.146,0,0,0,5.0,stable,2,0,7.9,7,0,balanced,0.531,0.549,0.545,0.569,0.59
steady_achiever,70.0,0.182,0,0,0,4.4,stable,2,3,6.8,7,0,balanced,0.641,0.708,0.736,0.595,0.292
steady_achiever,59.8,0.144,0,0,1,5.1,stable,2,2,6.6,7,0,balanced,0.494,0.835,0.564,0.618,0.649
steady_achiever,59.1,0.139,0,0,0,3.8,stable,0,1,7.5,7,0,balanced,0.916,0.751,0.735,0.709,0.646
steady_achiever,64.4,0.086,0,0,0,5.2,stable,1,3,6.6,7,0,balanced,0.494,0.444,0.597,0.4,0.739
steady_achiever,63.1,0.055,0,0,0,5.2,stable,0,3,6.7,7,0,balanced,0.764,0.6,0.519,0.619,0.665
steady_achiever,64.7,0.125,0,0,0,5.5,stable,2,0,7.4,7,0,balanced,0.589,0.766,0.891,0.692,0.479
steady_achiever,58.2,0.165,0,0,0,5.2,stable,1,2,6.4,7,0,balanced,0.827,0.7,0.717,0.76,0.53
steady_achiever,56.2,0.131,0,0,0,6.4,stable,2,0,6.5,7,0,balanced,0.678,0.75,0.802,0.723,0.456
steady_achiever,55.1,0.135,0,0,1,4.6,stable,0,0,6.9,7,0,balanced,0.674,0.573,0.873,0.529,0.312
steady_achiever,58.9,0.161,0,0,0,5.0,stable,2,0,7.5,7,0,balanced,0.893,0.639,0.782,0.701,0.715
steady_achiever,62.6,0.197,0,0,0,5.1,stable,3,0,7.4,7,0,balanced,0.746,0.722,0.721,0.624,0.482
steady_achiever,55.2,0.113,0,0,0,5.8,stable,3,3,8.1,7,0,balanced,0.668,0.822,0.843,0.713,0.676
steady_achiever,62.0,0.129,0,0,0,5.4,stable,2,2,7.5,7,0,balanced,0.906,0.794,0.792,0.757,0.586
steady_achiever,69.5,0.099,0,0,0,5.1,stable,3,0,7.5,7,0,balanced,0.605,0.824,0.786,0.768,0.719
steady_achiever,65.0,0.2,0,0,0,5.8,stable,2,0,7.1,7,0,balanced,0.607,0.632,0.663,0.567,0.764
steady_achiever,66.3,0.142,0,0,0,5.7,stable,3,0,7.4,7,0,balanced,0.727,0.658,0.705,0.67,0.755
steady_achiever,61.6,0.158,0,0,0,4.5,stable,1,2,6.5,7,0,balanced,0.544,0.501,0.664,0.414,0.384
steady_achiever,57.7,0.123,0,0,1,4.9,stable,2,0,7.2,7,0,balanced,0.706,0.799,0.645,0.707,0.859
steady_achiever,54.5,0.136,0,0,0,5.3,stable,3,0,6.8,7,0,balanced,0.727,0.468,0.706,0.571,0.782
steady_achiever,59.2,0.206,1,0,0,5.0,stable,1,0,6.9,7,0,balanced,0.691,0.699,0.814,0.744,0.785
steady_achiever,61.8,0.269,0,0,0,6.3,stable,1,2,6.9,7,0,balanced,0.811,0.42,0.74,0.579,0.886
steady_achiever,75.4,0.096,0,0,0,5.4,stable,0,0,6.6,7,0,balanced,0.792,0.483,0.606,0.647,0.67
steady_achiever,64.9,0.138,0,0,0,5.8,stable,2,0,6.9,7,0,balanced,0.625,0.439,0.785,0.563,0.719
steady_achiever,60.6,0.116,0,0,0,4.3,stable,4,1,7.8,7,0,balanced,0.832,0.486,0.388,0.677,0.693
steady_achiever,62.3,0.132,0,0,0,6.1,stable,3,1,7.3,7,0,balanced,0.816,0.515,0.858,0.653,0.534
steady_achiever,61.8,0.184,0,0,0,4.7,stable,3,0,7.2,7,0,balanced,0.788,0.592,0.726,0.583,0.637
steady_achiever,56.0,0.154,0,0,0,5.0,stable,4,2,7.2,7,0,balanced,0.578,0.56,0.454,0.493,0.595
steady_achiever,58.0,0.13,1,0,0,6.5,stable,0,2,6.7,7,0,balanced,0.629,0.444,0.796,0.516,0.532
steady_achiever,56.6,0.144,0,0,0,5.8,stable,3,0,7.2,7,0,balanced,0.744,0.845,0.69,0.759,0.335
steady_achiever,69.3,0.137,0,0,0,6.1,stable,2,1,6.7,7,0,balanced,0.679,0.831,0.452,0.838,0.484
steady_achiever,65.3,0.13,0,0,0,6.1,stable,1,1,7.6,7,0,balanced,0.787,0.529,0.474,0.502,0.715
steady_achiever,67.4,0.168,0,0,0,5.0,stable,1,2,7.4,7,0,balanced,0.702,0.627,0.73,0.63,0.593
steady_achiever,70.7,0.134,0,0,0,5.4,stable,0,0,7.3,7,0,balanced,0.856,0.681,0.56,0.79,0.553
steady_achiever,61.2,0.19,0,0,0,5.2,stable,1,1,7.3,7,0,balanced,0.556,0.417,0.505,0.507,0.463
steady_achiever,67.3,0.178,0,0,0,6.2,stable,3,1,6.7,7,0,balanced,0.743,0.703,0.618,0.672,0.557
steady_achiever,54.1,0.13,0,0,1,5.3,stable,2,0,6.9,7,0,balanced,0.702,0.896,0.576,0.707,0.286
steady_achiever,57.0,0.099,0,0,0,5.0,stable,3,2,6.9,7,0,balanced,0.664,0.788,0.539,0.645,0.696
steady_achiever,64.3,0.188,0,0,0,4.9,stable,2,2,7.2,7,0,balanced,0.886,0.888,0.683,0.8,0.758
steady_achiever,60.1,0.144,0,0,0,5.3,stable,3,1,7.6,7,0,balanced,0.599,0.76,0.394,0.584,0.577
steady_achiever,65.9,0.121,0,0,1,5.0,stable,2,2,7.3,7,0,balanced,0.886,0.821,0.59,0.736,0.734
steady_achiever,55.7,0.153,0,0,0,4.9,stable,2,0,7.2,7,0,balanced,0.582,0.809,0.629,0.556,0.529
steady_achiever,63.9,0.161,0,0,0,5.5,stable,1,0,7.8,7,0,balanced,0.57,0.538,0.791,0.528,0.665
steady_achiever,60.6,0.152,0,0,0,5.3,stable,2,0,6.6,7,0,balanced,0.813,0.528,0.734,0.651,0.77
steady_achiever,61.6,0.21,0,0,0,4.6,stable,2,0,7.3,7,0,balanced,0.563,0.975,0.644,0.682,0.776
steady_achiever,61.4,0.222,0,0,0,4.9,stable,1,3,7.1,7,0,balanced,0.519,0.482,0.639,0.535,0.472
steady_achiever,64.3,0.223,0,0,0,5.9,stable,2,3,7.6,7,0,balanced,0.334,0.684,0.65,0.493,0.433
steady_achiever,64.8,0.192,0,0,0,6.2,stable,1,1,7.2,7,0,balanced,0.698,0.647,0.589,0.588,0.658
steady_achiever,64.3,0.231,0,0,0,4.7,stable,1,0,6.6,7,0,balanced,0.662,0.659,0.716,0.651,0.497
steady_achiever,65.5,0.148,0,0,0,6.3,stable,0,0,7.9,7,0,balanced,0.946,0.767,0.559,0.862,0.458
steady_achiever,66.0,0.128,0,0,0,6.5,stable,4,1,7.6,7,0,balanced,0.57,0.726,0.6,0.609,0.678
steady_achiever,66.7,0.156,0,0,0,6.2,stable,1,1,7.1,7,0,balanced,0.779,0.737,0.697,0.674,0.685
steady_achiever,54.5,0.186,0,0,0,5.3,stable,0,2,6.9,7,0,balanced,0.54,0.859,0.639,0.69,0.684
steady_achiever,61.6,0.19,0,0,0,4.4,stable,4,0,7.1,7,0,balanced,0.889,0.574,0.839,0.677,0.537
steady_achiever,61.9,0.125,0,0,0,4.6,stable,0,2,6.8,7,0,balanced,0.745,0.639,0.852,0.654,0.409
steady_achiever,66.8,0.102,0,0,0,4.7,stable,3,1,6.7,7,0,balanced,0.812,0.726,0.69,0.66,0.615
steady_achiever,52.8,0.157,0,0,0,4.5,stable,5,2,7.0,7,0,balanced,0.792,0.708,0.537,0.74,0.695
steady_achiever,71.8,0.186,0,0,0,3.5,stable,2,1,6.8,7,0,balanced,0.646,0.85,0.808,0.66,0.419
steady_achiever,49.0,0.212,0,0,0,5.0,stable,4,2,7.3,7,0,balanced,0.916,0.694,0.702,0.733,0.698
steady_achiever,60.9,0.177,0,0,1,4.1,stable,3,2,6.6,7,0,balanced,0.702,0.633,0.463,0.596,0.603
steady_achiever,62.3,0.129,1,0,0,6.8,stable,4,2,7.3,7,0,balanced,0.778,0.79,0.738,0.729,0.56
steady_achiever,57.2,0.195,0,0,0,4.2,stable,1,1,7.8,7,0,balanced,0.479,0.741,0.63,0.528,0.39
steady_achiever,67.0,0.165,0,0,0,4.8,stable,3,0,8.0,7,0,balanced,0.621,0.772,0.737,0.655,0.594
steady_achiever,59.4,0.134,0,0,1,5.8,stable,2,0,7.6,7,0,balanced,0.65,0.743,0.791,0.69,0.555
steady_achiever,64.4,0.195,0,0,1,4.4,stable,0,0,6.1,7,0,balanced,0.902,0.699,0.813,0.738,0.738
steady_achiever,61.7,0.188,0,0,0,3.9,stable,2,1,7.4,7,0,balanced,0.669,0.72,0.424,0.667,0.701
steady_achiever,69.2,0.176,0,0,0,6.3,stable,0,1,6.2,7,0,balanced,0.765,0.431,0.649,0.613,0.653
steady_achiever,55.4,0.136,0,0,0,4.3,stable,0,0,7.4,7,0,balanced,0.856,0.662,0.632,0.73,0.448
steady_achiever,58.7,0.093,0,0,0,5.8,stable,5,0,7.6,7,0,balanced,0.814,0.502,0.809,0.655,0.562
steady_achiever,68.4,0.132,0,0,0,6.3,stable,1,1,7.3,7,0,balanced,0.701,0.822,0.812,0.737,0.652
steady_achiever,61.5,0.168,1,0,0,4.8,stable,3,0,6.5,7,0,balanced,0.506,0.741,0.44,0.573,0.54
steady_achiever,72.5,0.182,0,0,0,5.2,stable,3,1,6.5,7,0,balanced,0.693,0.509,0.355,0.582,0.697
steady_achiever,64.5,0.144,0,0,0,5.7,stable,1,0,6.6,7,0,balanced,0.815,0.83,0.7,0.73,0.512
steady_achiever,68.4,0.18,0,0,0,4.7,stable,3,1,7.8,7,0,balanced,0.676,0.47,0.777,0.514,0.594
steady_achiever,72.0,0.192,0,0,0,6.9,stable,3,1,7.2,7,0,balanced,0.463,0.779,0.415,0.634,0.616
steady_achiever,61.7,0.114,0,0,1,4.9,stable,1,1,6.8,7,0,balanced,0.638,0.65,0.763,0.529,0.597
steady_achiever,63.6,0.164,0,0,0,5.4,stable,0,1,7.2,7,0,balanced,0.65,0.817,0.582,0.645,0.698
steady_achiever,55.3,0.196,0,0,0,5.4,stable,0,0,7.5,7,0,balanced,0.62,0.753,0.531,0.703,0.424
steady_achiever,65.8,0.203,0,0,0,3.6,stable,1,1,7.2,7,0,balanced,0.432,0.695,0.438,0.587,0.604
steady_achiever,65.4,0.193,0,0,0,5.4,stable,4,0,7.4,7,0,balanced,0.84,0.838,0.848,0.749,0.766
steady_achiever,58.1,0.181,1,0,0,5.4,stable,0,0,7.3,7,0,balanced,0.564,0.61,0.921,0.565,0.671
steady_achiever,63.4,0.197,0,0,0,5.1,stable,2,1,6.5,7,0,balanced,0.581,0.687,0.511,0.689,0.702
steady_achiever,51.5,0.097,0,0,1,5.2,stable,2,0,6.9,7,0,balanced,0.843,0.592,0.461,0.674,0.502
steady_achiever,68.8,0.174,0,0,0,4.5,stable,0,0,7.2,7,0,balanced,0.848,0.714,0.558,0.735,0.637
steady_achiever,64.4,0.146,0,0,0,4.6,stable,1,0,7.3,7,0,balanced,0.672,0.632,0.637,0.626,0.528
steady_achiever,68.1,0.214,1,0,0,4.4,stable,1,1,7.3,7,0,balanced,0.553,0.54,0.612,0.592,0.813
steady_achiever,57.3,0.195,0,0,0,5.4,stable,1,1,7.4,7,0,balanced,0.642,0.503,0.614,0.414,0.453
steady_achiever,62.5,0.137,0,0,0,3.9,stable,3,0,6.3,7,0,balanced,0.56,0.42,0.928,0.485,0.748
steady_achiever,59.3,0.131,0,0,0,6.5,stable,1,2,7.3,7,0,balanced,0.709,0.754,0.853,0.6,0.564
steady_achiever,69.7,0.197,0,0,1,5.2,stable,4,1,7.1,7,0,balanced,0.729,0.647,0.537,0.707,0.87
steady_achiever,64.8,0.19,0,0,0,4.7,stable,1,2,7.0,7,0,balanced,0.464,0.638,0.398,0.427,0.476
steady_achiever,60.6,0.232,0,0,0,6.2,stable,1,0,6.9,7,0,balanced,0.563,0.833,0.76,0.599,0.305
steady_achiever,58.2,0.172,0,0,0,5.2,stable,1,1,7.1,7,0,balanced,0.818,0.75,0.644,0.699,0.624
steady_achiever,50.0,0.174,0,0,0,4.9,stable,4,2,7.7,7,0,balanced,0.62,0.602,0.439,0.562,0.606
steady_achiever,58.7,0.192,0,0,0,5.5,stable,2,1,7.5,7,0,balanced,0.69,0.673,0.636,0.757,0.72
steady_achiever,65.1,0.151,0,0,0,5.1,stable,2,0,6.8,7,0,balanced,0.728,0.551,0.439,0.698,0.673
steady_achiever,69.9,0.199,0,0,0,4.5,stable,2,0,6.5,7,0,balanced,0.651,0.817,0.457,0.619,0.743
steady_achiever,53.4,0.174,0,0,0,5.1,stable,5,0,6.2,7,0,balanced,0.604,0.461,0.736,0.525,0.662
steady_achiever,54.7,0.166,1,0,0,5.0,stable,1,1,7.5,7,0,balanced,0.734,0.496,0.676,0.575,0.693
steady_achiever,80.1,0.22,0,0,0,5.5,stable,4,1,6.9,7,0,balanced,0.637,0.639,0.56,0.713,0.58
steady_achiever,62.1,0.162,0,0,0,4.0,stable,2,2,6.8,7,0,balanced,0.715,0.678,0.835,0.723,0.561
steady_achiever,54.5,0.168,0,0,0,7.1,stable,3,2,7.4,7,0,balanced,0.822,0.823,0.855,0.678,0.492
steady_achiever,69.0,0.207,0,0,0,5.5,stable,1,1,7.2,7,0,balanced,0.768,0.591,0.444,0.572,0.674
steady_achiever,51.9,0.141,0,0,0,5.3,stable,2,1,6.5,7,0,balanced,0.869,0.743,0.479,0.69,0.695
steady_achiever,67.1,0.136,0,0,0,5.6,stable,1,2,6.2,7,0,balanced,0.438,0.573,0.784,0.494,0.745
steady_achiever,62.2,0.178,0,0,0,5.6,stable,4,1,6.9,7,0,balanced,0.729,0.955,0.67,0.779,0.67
steady_achiever,60.4,0.169,0,0,0,4.8,stable,0,1,6.3,7,0,balanced,0.775,0.549,0.501,0.616,0.743
steady_achiever,62.0,0.2,0,0,0,5.5,stable,1,1,7.7,7,0,balanced,0.755,0.54,0.928,0.656,0.365
steady_achiever,58.0,0.254,0,0,0,5.0,stable,0,0,6.7,7,0,balanced,0.539,0.665,0.759,0.631,0.514
steady_achiever,51.3,0.12,0,0,0,6.0,stable,1,1,7.9,7,0,balanced,0.48,0.54,0.397,0.445,0.377
steady_achiever,56.7,0.167,0,0,0,5.4,stable,3,3,6.8,7,0,balanced,0.686,0.44,0.766,0.571,0.362
steady_achiever,55.6,0.144,0,0,0,3.9,stable,4,0,7.2,7,0,balanced,0.802,0.774,0.836,0.738,0.694
steady_achiever,58.8,0.191,0,0,1,5.0,stable,3,1,6.3,7,0,balanced,0.583,0.861,0.763,0.762,0.627
steady_achiever,55.8,0.196,0,0,0,3.6,stable,0,1,7.4,7,0,balanced,0.384,0.837,0.546,0.629,0.56
steady_achiever,61.3,0.163,0,0,0,5.6,stable,2,0,6.7,7,0,balanced,0.6,0.744,0.603,0.603,0.457
steady_achiever,66.2,0.115,0,0,0,5.4,stable,0,0,7.1,7,0,balanced,0.875,0.652,0.507,0.72,0.649
steady_achiever,73.2,0.149,0,0,0,4.9,stable,1,0,7.8,7,0,balanced,0.511,0.685,0.338,0.487,0.431
steady_achiever,54.9,0.153,0,0,0,3.8,stable,0,1,7.1,7,0,balanced,0.69,0.491,0.634,0.505,0.8
steady_achiever,65.2,0.173,0,0,0,5.9,stable,3,1,7.4,7,0,balanced,0.504,0.708,0.564,0.528,0.637
steady_achiever,61.1,0.178,0,0,0,5.3,stable,1,1,7.0,7,0,balanced,0.462,0.758,0.712,0.521,0.667
steady_achiever,71.5,0.192,0,0,0,6.1,stable,3,1,7.0,7,0,balanced,0.926,0.878,0.498,0.734,0.715
steady_achiever,62.7,0.148,1,0,0,4.1,stable,1,0,7.7,7,0,balanced,0.603,0.796,0.7,0.719,0.393
steady_achiever,62.1,0.089,0,0,0,4.7,stable,1,0,7.7,7,0,balanced,0.868,0.787,0.611,0.836,0.659
steady_achiever,62.1,0.134,0,0,0,4.8,stable,2,2,6.2,7,0,balanced,0.52,0.599,0.791,0.604,0.678
steady_achiever,56.6,0.062,0,0,0,4.7,stable,2,3,6.5,7,0,balanced,0.652,0.57,0.69,0.579,0.521
steady_achiever,67.4,0.132,0,0,0,5.4,stable,2,0,8.3,7,0,balanced,0.836,0.766,0.779,0.768,0.446
steady_achiever,60.3,0.141,0,0,0,5.5,stable,3,0,8.1,7,0,balanced,0.663,0.707,0.501,0.605,0.674
steady_achiever,63.6,0.154,0,0,0,4.8,stable,0,0,7.6,7,0,balanced,0.526,0.738,0.902,0.606,0.29
steady_achiever,70.5,0.075,0,0,0,5.0,stable,3,1,6.6,7,0,balanced,0.699,0.685,0.725,0.654,0.694
steady_achiever,61.7,0.114,0,0,0,5.0,stable,2,0,7.0,7,0,balanced,0.678,0.902,0.677,0.789,0.6
steady_achiever,62.3,0.18,0,0,1,5.8,stable,0,1,7.0,7,0,balanced,0.81,0.754,0.563,0.719,0.649
steady_achiever,57.0,0.197,0,0,1,5.6,stable,1,1,7.3,7,0,balanced,0.637,0.74,0.727,0.729,0.49
steady_achiever,56.3,0.211,1,0,0,4.8,stable,0,0,7.6,7,0,balanced,0.726,0.47,0.871,0.587,0.564
steady_achiever,60.7,0.223,0,0,0,5.1,stable,1,1,6.3,7,0,balanced,0.555,0.608,0.421,0.513,0.736
steady_achiever,60.3,0.157,0,0,0,3.4,stable,1,0,7.2,7,0,balanced,0.748,0.567,0.416,0.701,0.546
steady_achiever,69.2,0.128,0,0,0,5.3,stable,4,0,7.1,7,0,balanced,0.76,0.53,0.735,0.588,0.384
steady_achiever,55.8,0.169,0,0,0,5.2,stable,2,2,5.2,7,0,balanced,0.851,0.616,0.757,0.641,0.492
steady_achiever,65.8,0.23,0,0,0,4.1,stable,1,1,6.9,7,0,balanced,0.937,0.384,0.698,0.689,0.407
steady_achiever,62.3,0.138,0,0,0,6.3,stable,2,2,6.9,7,0,balanced,0.653,0.699,0.838,0.625,0.618
steady_achiever,64.9,0.168,1,0,0,4.5,stable,0,1,7.9,7,0,balanced,0.708,0.82,0.468,0.693,0.616
steady_achiever,56.9,0.147,0,0,1,4.2,stable,0,2,6.6,7,0,balanced,0.708,0.766,0.736,0.669,0.688
steady_achiever,59.8,0.153,0,0,0,5.7,stable,3,2,7.9,7,0,balanced,0.68,0.824,0.78,0.661,0.657
steady_achiever,66.5,0.202,0,0,0,4.2,stable,1,0,7.9,7,0,balanced,0.662,0.762,0.881,0.69,0.65
steady_achiever,54.1,0.099,0,0,0,4.3,stable,1,0,7.4,7,0,balanced,0.753,0.778,0.21,0.605,0.444
steady_achiever,58.4,0.166,0,0,0,6.0,stable,1,0,6.0,7,0,balanced,0.598,0.596,0.679,0.611,0.667
steady_achiever,60.5,0.154,1,0,0,6.4,stable,3,1,6.1,7,0,balanced,0.631,0.67,0.762,0.611,0.75
steady_achiever,55.8,0.109,0,0,0,6.6,stable,2,0,6.3,7,0,balanced,0.671,0.409,0.738,0.556,0.491
steady_achiever,69.6,0.162,0,0,0,4.8,stable,0,1,7.5,7,0,balanced,0.61,0.774,0.764,0.67,0.446
steady_achiever,68.4,0.19,0,0,0,4.2,stable,2,1,7.4,7,0,balanced,0.475,0.523,0.7,0.434,0.438
steady_achiever,60.2,0.193,0,0,0,4.8,stable,0,0,6.7,7,0,balanced,0.777,0.655,0.659,0.65,0.623
steady_achiever,56.2,0.158,0,0,0,5.6,stable,3,1,7.3,7,0,balanced,0.604,0.491,0.647,0.587,0.375
steady_achiever,63.3,0.127,0,0,1,6.1,stable,3,2,6.3,7,0,balanced,0.885,0.66,0.609,0.769,0.481
steady_achiever,59.9,0.087,0,0,0,5.9,stable,0,4,7.3,7,0,balanced,0.7,0.727,0.439,0.669,0.609
steady_achiever,60.3,0.175,1,0,1,4.3,stable,2,2,7.0,7,0,balanced,0.742,0.852,0.814,0.799,0.539
steady_achiever,62.0,0.158,0,0,0,5.3,stable,2,1,7.7,7,0,balanced,0.725,0.814,0.707,0.74,0.483
steady_achiever,60.5,0.155,0,0,0,5.5,stable,0,1,7.1,7,0,balanced,0.599,0.507,0.691,0.552,0.771
steady_achiever,61.2,0.199,0,0,0,5.3,stable,1,1,7.6,7,0,balanced,0.929,0.622,0.875,0.707,0.605
steady_achiever,63.5,0.191,0,0,1,5.8,stable,7,0,7.0,7,0,balanced,0.637,0.697,0.58,0.75,0.821
steady_achiever,61.2,0.11,0,0,0,4.1,stable,3,0,7.0,7,0,balanced,0.875,0.802,0.716,0.691,0.599
steady_achiever,60.0,0.155,0,0,0,4.9,stable,2,0,7.5,7,0,balanced,0.579,0.831,0.646,0.731,0.727
steady_achiever,61.8,0.223,0,0,0,4.7,stable,0,0,7.1,7,0,balanced,0.917,0.744,0.773,0.697,0.649
steady_achiever,62.0,0.121,0,0,0,5.0,stable,4,2,6.3,7,0,balanced,0.83,0.829,0.669,0.723,0.764
steady_achiever,64.8,0.129,0,0,0,5.6,stable,4,1,6.7,7,0,balanced,0.721,0.857,0.465,0.762,0.401
steady_achiever,52.5,0.155,0,0,0,4.8,stable,3,0,7.5,7,0,balanced,0.629,0.508,0.552,0.604,0.505
steady_achiever,68.4,0.152,0,0,0,3.9,stable,1,2,7.6,7,0,balanced,0.705,0.739,0.57,0.673,0.534
steady_achiever,62.0,0.18,0,0,0,5.0,stable,2,1,7.3,7,0,balanced,0.726,0.47,0.636,0.599,0.479
steady_achiever,58.7,0.143,0,0,0,5.7,stable,1,0,6.5,7,0,balanced,0.723,0.742,0.517,0.703,0.623
steady_achiever,52.5,0.17,0,0,0,3.9,stable,1,1,6.7,7,0,balanced,0.819,0.744,0.635,0.688,0.537
steady_achiever,59.4,0.197,0,0,0,3.5,stable,1,1,7.6,7,0,balanced,0.684,0.828,0.589,0.685,0.835
steady_achiever,58.9,0.164,0,0,0,6.5,stable,0,0,6.9,7,0,balanced,0.851,0.469,0.908,0.685,0.497
steady_achiever,66.9,0.155,0,0,0,4.5,stable,2,1,7.6,7,0,balanced,0.481,0.657,0.689,0.532,0.543
steady_achiever,61.3,0.249,0,0,0,5.0,stable,4,3,6.4,7,0,balanced,0.758,0.539,0.84,0.623,0.455
steady_achiever,66.6,0.117,0,0,0,6.2,stable,3,0,7.6,7,0,balanced,0.741,0.93,0.696,0.804,0.49
steady_achiever,64.9,0.133,0,0,0,3.8,stable,4,0,7.4,7,0,balanced,0.616,0.605,0.775,0.593,0.346
steady_achiever,69.2,0.191,0,0,0,4.5,stable,5,0,7.3,7,0,balanced,0.791,0.761,0.569,0.714,0.835
steady_achiever,73.6,0.142,0,0,0,5.3,stable,0,0,7.2,7,0,balanced,0.582,0.401,0.627,0.425,0.456
steady_achiever,63.2,0.244,0,0,0,6.3,stable,0,2,7.3,7,0,balanced,0.871,0.666,0.556,0.708,0.72
steady_achiever,60.8,0.153,0,0,0,5.2,stable,0,0,6.3,7,0,balanced,0.744,0.595,0.711,0.584,0.722
steady_achiever,59.9,0.156,0,0,0,5.0,stable,3,2,6.8,7,0,balanced,0.689,0.786,0.931,0.721,0.615
steady_achiever,73.8,0.144,0,0,0,3.7,stable,4,0,7.8,7,0,balanced,0.598,0.692,0.776,0.586,0.691
steady_achiever,61.4,0.152,1,0,0,5.6,stable,0,2,6.2,7,0,balanced,0.448,0.66,0.52,0.461,0.509
steady_achiever,65.2,0.228,0,0,0,6.6,stable,0,0,7.6,7,0,balanced,0.597,0.805,0.757,0.699,0.742
steady_achiever,69.7,0.146,0,0,0,5.2,stable,0,0,6.3,7,0,balanced,0.684,0.552,0.725,0.572,0.8
steady_achiever,70.2,0.168,1,0,0,5.2,stable,3,1,7.4,7,0,balanced,0.688,0.682,0.552,0.623,0.693
steady_achiever,52.1,0.085,0,0,0,3.7,stable,1,0,8.0,7,0,balanced,0.85,0.415,0.788,0.585,0.388
steady_achiever,64.2,0.18,0,0,0,4.5,stable,1,0,7.2,7,0,balanced,0.799,0.786,0.748,0.785,0.384
steady_achiever,54.2,0.157,0,0,0,5.8,stable,0,2,6.4,7,0,balanced,0.773,0.778,0.675,0.682,0.611
steady_achiever,58.5,0.079,0,0,0,5.3,stable,1,0,6.7,7,0,balanced,0.293,0.954,0.442,0.584,0.391
steady_achiever,55.8,0.156,0,0,0,3.8,stable,0,1,6.9,7,0,balanced,0.794,0.721,0.632,0.707,0.475
steady_achiever,51.8,0.158,0,0,1,4.5,stable,2,2,8.0,7,0,balanced,0.414,0.602,0.744,0.427,0.521
steady_achiever,61.7,0.189,0,0,0,4.8,stable,1,3,6.7,7,0,balanced,0.904,0.722,0.774,0.763,0.564
steady_achiever,65.4,0.205,0,0,0,5.4,stable,1,1,6.5,7,0,balanced,0.771,0.757,0.449,0.674,0.78
steady_achiever,46.9,0.138,0,0,1,5.4,stable,1,0,7.7,7,0,balanced,0.598,0.648,0.281,0.544,0.726
steady_achiever,63.8,0.125,0,0,0,6.0,stable,3,0,7.2,7,0,balanced,0.9,0.374,0.31,0.749,0.538
steady_achiever,67.0,0.159,0,0,0,4.2,stable,1,1,6.4,7,0,balanced,0.762,0.901,0.69,0.705,0.607
steady_achiever,67.3,0.161,0,0,1,5.1,stable,1,0,7.0,7,0,balanced,0.708,0.911,0.77,0.657,0.71
steady_achiever,57.4,0.131,0,0,0,5.0,stable,1,0,6.9,7,0,balanced,0.477,0.701,0.845,0.508,0.357
steady_achiever,59.9,0.231,0,0,0,7.1,stable,2,1,7.6,7,0,balanced,0.65,0.512,0.721,0.581,0.465
steady_achiever,62.5,0.126,0,0,0,4.8,stable,1,2,6.9,7,0,balanced,0.67,0.489,0.661,0.568,0.277
steady_achiever,66.8,0.105,0,0,0,6.1,stable,0,0,7.9,7,0,balanced,0.564,0.538,0.865,0.613,0.572
steady_achiever,64.4,0.068,0,0,0,5.7,stable,1,0,7.1,7,0,balanced,0.727,0.59,0.691,0.655,0.77
steady_achiever,68.2,0.156,0,0,0,5.0,stable,1,0,6.9,7,0,balanced,0.669,0.67,0.644,0.621,0.614
steady_achiever,65.1,0.199,0,0,0,6.0,stable,1,1,7.8,7,0,balanced,0.86,0.569,0.778,0.671,0.647
steady_achiever,65.9,0.204,0,0,0,6.2,stable,2,0,6.5,7,0,balanced,0.77,0.7,0.598,0.607,0.594
steady_achiever,64.9,0.142,0,0,0,5.5,stable,3,0,7.2,7,0,balanced,0.731,0.688,0.624,0.627,0.743
steady_achiever,59.7,0.178,0,0,0,4.7,stable,1,2,6.7,7,0,balanced,0.533,0.587,0.835,0.551,0.22
steady_achiever,65.4,0.195,1,0,0,4.2,stable,0,0,6.9,7,0,balanced,0.795,0.691,0.731,0.691,0.629
steady_achiever,61.1,0.197,1,0,0,3.8,stable,3,2,7.1,7,0,balanced,0.748,0.386,0.648,0.532,0.692
steady_achiever,58.2,0.161,0,0,0,4.0,stable,1,1,6.6,7,0,balanced,0.8,0.384,0.889,0.614,0.599
steady_achiever,60.5,0.144,0,0,0,5.8,stable,1,1,7.2,7,0,balanced,0.695,0.799,0.78,0.633,0.713
steady_achiever,62.4,0.176,0,0,0,6.0,stable,0,0,6.2,7,0,balanced,0.594,0.716,0.726,0.717,0.64
steady_achiever,59.4,0.071,0,0,0,6.0,stable,4,1,7.1,7,0,balanced,0.831,0.322,0.37,0.523,0.728
steady_achiever,55.6,0.202,0,0,0,6.1,stable,4,1,7.0,7,0,balanced,0.746,0.668,0.665,0.688,0.675
steady_achiever,61.5,0.191,0,0,0,5.3,stable,3,3,6.5,7,0,balanced,0.868,0.662,0.644,0.696,0.645
steady_achiever,56.4,0.132,0,0,0,5.6,stable,1,2,7.9,7,0,balanced,0.517,0.599,0.694,0.58,0.661
steady_achiever,56.5,0.087,0,0,0,5.2,stable,1,1,6.5,7,0,balanced,0.577,0.69,0.344,0.726,0.869
steady_achiever,64.8,0.135,0,0,0,5.6,stable,2,1,7.5,7,0,balanced,0.823,0.45,0.385,0.552,0.711
steady_achiever,57.4,0.113,0,0,0,3.8,stable,2,1,7.7,7,0,balanced,0.874,0.812,0.511,0.785,0.568
steady_achiever,72.3,0.082,0,0,0,5.4,stable,1,0,5.9,7,0,balanced,0.586,0.898,0.499,0.793,0.458
steady_achiever,56.0,0.116,0,0,0,5.3,stable,2,0,6.8,7,0,balanced,0.657,0.497,0.384,0.493,0.771
steady_achiever,65.1,0.102,0,0,0,6.0,stable,1,2,6.9,7,0,balanced,0.821,0.649,0.601,0.76,0.577
steady_achiever,61.7,0.167,0,0,0,5.3,stable,0,2,7.4,7,0,balanced,0.692,0.549,0.443,0.541,0.9
steady_achiever,60.6,0.165,0,0,0,4.4,stable,1,3,6.4,7,0,balanced,0.751,0.551,0.697,0.657,0.432
steady_achiever,50.5,0.053,0,0,0,4.5,stable,1,3,7.9,7,0,balanced,0.68,0.55,0.669,0.581,0.573
steady_achiever,64.3,0.128,0,0,0,3.8,stable,1,2,7.1,7,0,balanced,0.566,0.656,0.782,0.667,0.751
steady_achiever,62.6,0.173,0,0,0,5.5,stable,2,0,7.0,7,0,balanced,0.659,0.582,0.564,0.602,0.711
steady_achiever,58.0,0.082,0,0,0,5.4,stable,1,1,7.5,7,0,balanced,0.662,0.679,0.784,0.596,0.4
steady_achiever,56.3,0.055,0,0,0,4.9,stable,2,0,5.6,7,0,balanced,0.426,0.782,0.812,0.559,0.824
steady_achiever,56.1,0.16,0,0,0,4.6,stable,2,1,7.0,7,0,balanced,0.662,0.616,0.75,0.658,0.525
steady_achiever,57.6,0.15,1,0,0,4.0,stable,1,0,7.9,7,0,balanced,0.432,0.783,0.404,0.583,0.427
steady_achiever,43.5,0.149,0,0,0,6.2,stable,0,0,6.8,7,0,balanced,0.656,0.78,0.677,0.716,0.518
steady_achiever,60.2,0.168,0,0,0,4.4,stable,1,1,8.0,7,0,balanced,0.708,0.624,0.653,0.615,0.75
steady_achiever,56.0,0.137,1,0,0,4.9,stable,1,1,7.0,7,0,balanced,0.404,0.751,0.849,0.657,0.539
steady_achiever,51.0,0.17,0,0,1,5.1,stable,1,3,6.8,7,0,balanced,0.464,0.635,0.67,0.529,0.59
steady_achiever,63.3,0.201,0,0,0,6.1,stable,3,0,7.3,7,0,balanced,0.689,0.527,0.752,0.624,0.384
steady_achiever,70.5,0.16,1,0,0,4.6,stable,2,1,7.3,7,0,balanced,0.724,0.325,0.561,0.537,0.457
steady_achiever,54.2,0.232,1,0,0,5.0,stable,2,0,6.8,7,0,balanced,0.57,0.536,0.835,0.515,0.606
steady_achiever,70.1,0.124,1,0,0,4.2,stable,0,1,7.1,7,0,balanced,0.637,0.846,0.727,0.645,0.536
steady_achiever,59.1,0.174,0,0,0,4.5,stable,3,1,7.4,7,0,balanced,0.476,0.795,0.535,0.664,0.572
steady_achiever,59.1,0.137,0,0,0,4.9,stable,1,1,6.9,7,0,balanced,0.755,0.404,0.828,0.533,0.401
steady_achiever,62.8,0.098,0,0,0,4.0,stable,0,1,7.6,7,0,balanced,0.851,0.677,0.52,0.652,0.902
steady_achiever,65.9,0.155,0,0,0,2.8,stable,1,0,6.6,7,0,balanced,0.644,0.796,0.652,0.772,0.424
steady_achiever,59.9,0.109,0,0,0,6.4,stable,1,0,7.7,7,0,balanced,0.747,0.875,0.662,0.742,0.565
steady_achiever,63.5,0.12,1,0,0,4.8,stable,0,1,6.5,7,0,balanced,0.617,0.598,0.981,0.591,0.486
steady_achiever,52.3,0.126,0,0,0,5.4,stable,3,2,8.3,7,0,balanced,0.57,0.589,0.673,0.513,0.618
steady_achiever,62.1,0.206,0,0,0,6.2,stable,2,2,6.8,7,0,balanced,0.608,0.493,0.616,0.494,0.498
steady_achiever,49.1,0.178,0,0,0,5.7,stable,4,1,6.8,7,0,balanced,0.638,0.777,0.617,0.708,0.531
steady_achiever,71.7,0.166,0,0,0,4.5,stable,1,1,6.3,7,0,balanced,0.702,0.512,0.758,0.609,0.676
steady_achiever,63.8,0.158,0,0,0,4.8,stable,1,1,7.6,7,0,balanced,0.464,0.391,0.58,0.453,0.616
steady_achiever,56.8,0.177,0,0,0,6.3,stable,1,1,6.8,7,0,balanced,0.601,0.56,0.842,0.535,0.681
steady_achiever,63.6,0.131,0,0,0,6.3,stable,2,0,7.5,7,0,balanced,0.389,0.491,0.334,0.499,0.633
steady_achiever,67.0,0.122,0,0,0,4.9,stable,4,1,7.1,7,0,balanced,0.398,0.721,0.607,0.509,0.436
steady_achiever,59.3,0.167,0,0,1,3.4,stable,0,0,7.3,7,0,balanced,0.63,0.625,0.658,0.6,0.51
steady_achiever,63.1,0.177,0,0,0,5.7,stable,0,2,7.1,7,0,balanced,0.612,0.731,0.698,0.672,0.545
steady_achiever,56.3,0.18,1,0,0,4.8,stable,0,1,6.7,7,0,balanced,0.629,0.683,0.63,0.577,0.809
steady_achiever,59.7,0.189,0,0,0,5.0,stable,1,1,7.0,7,0,balanced,0.746,0.581,0.81,0.612,0.525
steady_achiever,57.9,0.116,0,0,0,6.1,stable,2,0,7.0,7,0,balanced,0.579,0.868,0.487,0.674,0.557
steady_achiever,59.7,0.15,0,0,0,5.6,stable,3,0,7.3,7,0,balanced,0.46,0.805,0.577,0.623,0.599
steady_achiever,58.6,0.174,0,0,0,4.6,stable,2,2,6.8,7,0,balanced,0.624,0.598,0.625,0.599,0.562
steady_achiever,65.5,0.176,0,0,0,4.8,stable,0,1,6.8,7,0,balanced,0.729,0.481,0.755,0.589,0.584
steady_achiever,60.3,0.173,0,0,0,5.8,stable,1,2,6.6,7,0,balanced,0.312,0.454,0.541,0.402,0.646
steady_achiever,58.1,0.215,0,0,0,6.2,stable,2,0,7.5,7,0,balanced,0.615,0.543,0.402,0.531,0.491
steady_achiever,55.7,0.181,0,0,0,4.5,stable,0,2,7.4,7,0,balanced,0.663,0.693,0.696,0.671,0.68
steady_achiever,60.0,0.147,0,0,0,4.3,stable,2,1,6.9,7,0,balanced,0.673,0.756,0.649,0.667,0.691
steady_achiever,63.4,0.124,0,0,0,4.9,stable,2,2,7.9,7,0,balanced,0.499,0.675,0.758,0.576,0.724
steady_achiever,57.2,0.161,0,0,0,5.6,stable,2,0,6.4,7,0,balanced,0.786,0.344,0.641,0.549,0.74
steady_achiever,60.2,0.192,0,0,0,7.0,stable,0,1,7.1,7,0,balanced,0.793,0.533,0.877,0.512,0.79
steady_achiever,59.6,0.178,0,0,0,5.5,stable,1,0,6.8,7,0,balanced,0.868,0.853,0.595,0.782,0.515
steady_achiever,54.6,0.166,0,0,0,5.0,stable,2,0,7.8,7,0,balanced,0.724,0.532,0.785,0.498,0.779
steady_achiever,60.2,0.205,0,0,0,5.1,stable,3,1,7.3,7,0,balanced,0.654,0.581,0.685,0.555,0.479
steady_achiever,51.5,0.131,0,0,0,4.7,stable,3,0,7.1,7,0,balanced,0.794,0.533,0.81,0.667,0.771
steady_achiever,58.3,0.157,0,0,0,4.4,stable,2,1,6.2,7,0,balanced,0.448,0.866,0.6,0.649,0.621
steady_achiever,59.3,0.166,0,0,0,5.0,stable,0,1,6.4,7,0,balanced,0.572,0.788,0.556,0.722,0.659
steady_achiever,63.3,0.107,0,0,0,5.8,stable,1,2,7.9,7,0,balanced,0.821,0.663,0.867,0.659,0.541
steady_achiever,64.7,0.197,0,0,0,4.5,stable,0,4,6.3,7,0,balanced,0.519,0.783,0.876,0.578,0.652
steady_achiever,60.8,0.088,0,0,0,4.3,stable,0,0,5.9,7,0,balanced,0.613,0.738,0.88,0.576,0.535
steady_achiever,67.9,0.151,0,0,0,5.6,stable,1,1,6.7,7,0,balanced,0.743,0.597,0.363,0.639,0.414
steady_achiever,63.7,0.101,0,0,0,5.1,stable,2,1,7.9,7,0,balanced,0.842,0.716,0.555,0.742,0.4
steady_achiever,49.4,0.204,0,0,0,4.4,stable,2,1,6.8,7,0,balanced,0.553,0.57,0.717,0.661,0.571
steady_achiever,66.6,0.128,0,0,0,6.5,stable,1,0,6.4,7,0,balanced,0.709,0.48,0.762,0.562,0.598
steady_achiever,62.5,0.146,0,0,0,4.4,stable,0,1,6.7,7,0,balanced,0.503,0.44,0.625,0.514,0.565
steady_achiever,62.4,0.193,0,0,0,4.8,stable,2,1,7.8,7,0,balanced,0.796,0.74,0.749,0.67,0.768
steady_achiever,53.6,0.137,0,0,0,5.0,stable,2,0,7.4,7,0,balanced,0.752,0.755,0.796,0.713,0.605
steady_achiever,63.3,0.186,0,0,0,4.7,stable,0,0,7.2,7,0,balanced,0.778,0.726,0.809,0.593,0.761
steady_achiever,56.5,0.162,0,0,0,5.7,stable,1,0,6.9,7,0,balanced,0.417,0.814,0.624,0.631,0.481
steady_achiever,60.3,0.22,0,0,0,5.1,stable,1,2,7.3,7,0,balanced,0.461,0.599,0.787,0.538,0.831
steady_achiever,65.1,0.189,0,0,0,5.4,stable,2,3,7.2,7,0,balanced,0.718,0.657,0.496,0.623,0.641
steady_achiever,65.0,0.181,0,0,0,5.9,stable,2,0,6.7,7,0,balanced,0.711,0.784,0.574,0.695,0.707
steady_achiever,52.5,0.12,1,0,1,5.1,stable,4,1,7.1,7,0,balanced,0.664,0.608,0.596,0.545,0.737
steady_achiever,60.9,0.195,0,0,0,5.4,stable,1,0,7.4,7,0,balanced,0.765,0.36,0.464,0.482,0.881
steady_achiever,64.8,0.168,0,0,0,4.8,stable,3,1,6.9,7,0,balanced,0.626,0.454,0.45,0.506,0.688
steady_achiever,62.8,0.16,0,0,0,4.6,stable,4,1,7.2,7,0,balanced,0.817,0.836,0.636,0.88,0.507
steady_achiever,51.8,0.135,0,0,0,6.2,stable,3,0,7.8,7,0,balanced,0.708,0.398,0.654,0.625,0.371
steady_achiever,62.2,0.169,0,0,0,4.6,stable,1,1,6.9,7,0,balanced,0.592,0.587,0.535,0.612,0.593
steady_achiever,56.6,0.112,0,0,0,5.5,stable,0,2,8.0,7,0,balanced,0.504,0.707,0.33,0.479,0.473
steady_achiever,72.5,0.163,0,0,0,5.0,stable,3,0,6.6,7,0,balanced,0.801,0.516,0.356,0.633,0.617
steady_achiever,50.3,0.189,0,0,0,4.8,stable,2,0,7.1,7,0,balanced,0.702,0.783,0.445,0.707,0.573
steady_achiever,67.5,0.123,0,0,0,4.6,stable,2,2,6.3,7,0,balanced,0.806,0.855,0.675,0.813,0.791
steady_achiever,54.4,0.189,0,0,1,5.7,stable,3,2,7.2,7,0,balanced,0.744,0.649,0.877,0.695,0.58
steady_achiever,57.9,0.184,0,0,0,5.6,stable,3,0,7.5,7,0,balanced,0.702,0.816,0.647,0.668,0.83
steady_achiever,63.1,0.071,0,0,0,4.9,stable,3,1,7.6,7,0,balanced,0.763,0.726,0.905,0.7,0.526
steady_achiever,62.8,0.181,1,0,0,4.8,stable,1,0,7.0,7,0,balanced,0.541,0.656,0.624,0.6,0.482
steady_achiever,51.7,0.171,0,0,0,6.9,stable,2,0,6.6,7,0,balanced,0.654,0.618,0.753,0.588,0.504
steady_achiever,63.7,0.17,0,0,1,6.1,stable,1,0,6.9,7,0,balanced,0.682,0.804,0.691,0.7,0.615
steady_achiever,57.0,0.181,0,0,0,6.0,stable,2,0,7.3,7,0,balanced,0.762,0.812,0.817,0.76,0.747
steady_achiever,66.6,0.213,0,0,0,5.5,stable,0,0,7.6,7,0,balanced,0.444,0.412,0.715,0.411,0.465
steady_achiever,51.9,0.121,1,0,0,4.9,stable,3,0,6.8,7,0,balanced,0.579,0.693,0.374,0.664,0.656
steady_achiever,63.0,0.182,1,0,0,4.6,stable,0,2,7.5,7,0,balanced,0.802,0.518,0.289,0.643,0.628
steady_achiever,68.5,0.211,0,0,0,4.3,stable,5,0,7.6,7,0,balanced,0.476,0.785,0.81,0.596,0.788
steady_achiever,50.9,0.146,0,0,0,6.2,stable,1,0,6.7,7,0,balanced,0.816,0.91,0.895,0.779,0.497
steady_achiever,67.0,0.18,0,0,0,6.2,stable,0,2,7.4,7,0,balanced,0.772,0.79,0.759,0.762,0.573
steady_achiever,58.4,0.23,0,0,0,5.1,stable,4,3,7.1,7,0,balanced,0.736,0.815,0.739,0.669,0.874
steady_achiever,67.3,0.235,0,0,0,5.7,stable,1,3,7.5,7,0,balanced,0.818,0.507,0.845,0.661,0.678
steady_achiever,60.7,0.102,0,0,1,4.5,stable,2,2,7.8,7,0,balanced,0.888,0.561,0.807,0.627,0.71
steady_achiever,70.1,0.203,0,0,0,4.7,stable,0,0,6.9,7,0,balanced,0.551,0.689,0.707,0.701,0.436
steady_achiever,70.8,0.127,0,0,0,4.7,stable,0,0,7.1,7,0,balanced,0.391,0.603,0.708,0.513,0.611
steady_achiever,57.1,0.203,0,0,0,6.5,stable,1,1,6.9,7,0,balanced,0.553,0.963,0.843,0.677,0.277
steady_achiever,76.1,0.212,0,0,0,4.2,stable,0,0,7.1,7,0,balanced,0.617,0.398,0.674,0.554,0.842
steady_achiever,62.4,0.143,0,0,0,5.5,stable,2,2,7.7,7,0,balanced,0.866,0.883,0.501,0.77,0.615
steady_achiever,62.9,0.226,0,0,0,5.3,stable,1,0,7.2,7,0,balanced,0.684,0.888,0.541,0.706,0.365
steady_achiever,66.3,0.119,0,0,0,4.1,stable,2,1,6.4,7,0,balanced,0.669,0.667,0.548,0.637,0.556
steady_achiever,66.8,0.13,0,0,1,5.3,stable,0,0,6.9,7,0,balanced,0.905,0.671,0.562,0.756,0.389
steady_achiever,65.3,0.178,0,0,0,4.2,stable,4,1,7.8,7,0,balanced,0.593,0.345,0.619,0.479,0.517
steady_achiever,67.7,0.149,0,0,0,4.0,stable,0,0,7.3,7,0,balanced,0.736,0.769,0.45,0.685,0.58
steady_achiever,58.5,0.144,0,0,0,6.1,stable,4,0,6.9,7,0,balanced,0.774,0.656,0.909,0.69,0.55
steady_achiever,51.7,0.174,0,0,0,6.8,stable,2,2,7.5,7,0,balanced,0.619,0.655,0.493,0.599,0.893
steady_achiever,57.2,0.243,0,0,0,5.8,stable,2,0,7.3,7,0,balanced,0.752,0.665,0.654,0.675,0.583
steady_achiever,68.9,0.22,1,0,0,4.8,stable,0,0,6.2,7,0,balanced,0.791,0.624,0.821,0.675,0.616
steady_achiever,69.9,0.161,0,0,0,6.5,stable,1,2,6.7,7,0,balanced,0.574,0.595,0.646,0.422,0.459
steady_achiever,68.5,0.176,0,0,0,4.9,stable,2,0,6.2,7,0,balanced,0.56,0.643,0.65,0.654,0.333
steady_achiever,55.1,0.137,0,0,0,4.6,stable,1,0,6.6,7,0,balanced,0.54,0.776,0.548,0.637,0.697
steady_achiever,65.0,0.194,0,0,0,5.0,stable,2,1,6.2,7,0,balanced,0.781,0.944,0.895,0.9,0.522
steady_achiever,68.5,0.139,0,0,0,2.9,stable,2,2,7.0,7,0,balanced,0.368,0.707,0.723,0.399,0.52
steady_achiever,66.5,0.148,0,0,0,4.3,stable,1,1,7.4,7,0,balanced,0.785,0.97,0.36,0.885,0.652
steady_achiever,55.5,0.077,0,0,0,5.2,stable,0,1,7.4,7,0,balanced,0.246,0.531,0.714,0.392,0.521
steady_achiever,58.1,0.166,0,0,0,4.2,stable,1,1,7.7,7,0,balanced,0.645,0.571,0.611,0.537,0.302
steady_achiever,63.5,0.15,0,0,0,5.0,stable,0,1,6.9,7,0,balanced,0.483,0.636,0.739,0.639,0.735
steady_achiever,57.0,0.19,0,0,0,5.5,stable,0,1,6.7,7,0,balanced,0.326,0.484,0.596,0.462,0.511
steady_achiever,63.8,0.183,0,0,0,4.5,stable,5,2,7.6,7,0,balanced,0.801,0.738,0.526,0.734,0.513
steady_achiever,67.0,0.136,0,0,0,5.1,stable,0,0,7.3,7,0,balanced,0.729,0.449,0.786,0.525,0.241
steady_achiever,70.8,0.211,0,0,0,6.0,stable,2,3,7.9,7,0,balanced,0.759,0.782,0.864,0.732,0.657
steady_achiever,62.8,0.103,0,0,0,5.1,stable,8,4,7.7,7,0,balanced,0.811,0.915,0.641,0.741,0.817
steady_achiever,62.0,0.155,0,0,0,4.6,stable,0,0,6.2,7,0,balanced,0.629,0.779,0.604,0.594,0.624
steady_achiever,64.5,0.186,0,0,0,6.6,stable,3,0,7.4,7,0,balanced,0.575,0.795,0.668,0.658,0.435
steady_achiever,68.5,0.159,0,0,1,4.2,stable,1,2,7.4,7,0,balanced,0.831,0.844,0.646,0.757,0.688
steady_achiever,58.0,0.16,0,0,0,5.5,stable,2,1,7.9,7,0,balanced,0.331,0.68,0.513,0.504,0.654
steady_achiever,67.4,0.131,0,0,0,3.3,stable,4,2,7.3,7,0,balanced,0.695,0.782,0.84,0.641,0.853
steady_achiever,63.2,0.159,0,0,1,5.3,stable,2,1,7.3,7,0,balanced,0.785,0.854,0.774,0.773,0.631
steady_achiever,49.8,0.186,0,0,0,5.2,stable,3,1,6.0,7,0,balanced,0.571,0.532,0.428,0.635,0.627
steady_achiever,57.9,0.124,0,0,0,3.7,stable,3,1,6.3,7,0,balanced,0.722,0.612,0.879,0.632,0.794
steady_achiever,59.5,0.134,0,0,0,6.4,stable,2,0,6.8,7,0,balanced,0.551,0.591,0.494,0.583,0.623
steady_achiever,71.2,0.114,0,0,0,5.1,stable,1,1,6.8,7,0,balanced,0.582,0.785,0.521,0.622,0.459
steady_achiever,62.1,0.158,0,0,0,5.7,stable,4,0,6.7,7,0,balanced,0.666,0.575,0.542,0.525,0.601
steady_achiever,62.6,0.179,0,0,0,5.9,stable,1,0,7.4,7,0,balanced,0.547,0.616,0.724,0.576,0.309
steady_achiever,59.6,0.138,1,0,0,4.7,stable,2,1,7.2,7,0,balanced,0.442,0.498,0.651,0.509,0.426
steady_achiever,63.1,0.168,0,0,0,3.8,stable,0,0,7.1,7,0,balanced,0.862,0.688,0.589,0.761,0.612
steady_achiever,66.1,0.149,0,0,0,5.5,stable,1,2,7.1,7,0,balanced,0.776,0.543,0.806,0.643,0.762
steady_achiever,70.1,0.152,0,0,1,5.1,stable,2,0,7.7,7,0,balanced,0.678,0.713,0.717,0.604,0.366
steady_achiever,66.7,0.228,0,0,1,4.2,stable,1,0,7.2,7,0,balanced,0.637,0.911,0.654,0.593,0.522
steady_achiever,67.9,0.156,0,0,0,4.1,stable,0,2,7.6,7,0,balanced,0.788,0.363,0.509,0.573,0.505
steady_achiever,55.0,0.14,0,0,0,5.5,stable,1,1,7.3,7,0,balanced,0.552,0.598,0.621,0.514,0.446
steady_achiever,61.8,0.224,0,0,1,5.1,stable,2,0,7.8,7,0,balanced,0.582,0.756,0.786,0.659,0.696
steady_achiever,59.3,0.173,0,0,0,5.7,stable,2,1,7.3,7,0,balanced,0.808,0.664,0.787,0.697,0.43
steady_achiever,60.4,0.152,0,0,0,4.7,stable,1,0,7.1,7,0,balanced,0.774,0.638,0.737,0.66,0.668
steady_achiever,55.2,0.199,0,0,0,3.9,stable,2,2,6.9,7,0,balanced,0.547,0.72,0.672,0.621,0.666
steady_achiever,52.0,0.206,0,0,0,5.4,stable,2,0,7.2,7,0,balanced,0.713,0.769,0.606,0.735,0.452
steady_achiever,65.7,0.178,0,0,0,3.9,stable,1,0,7.1,7,0,balanced,0.756,0.469,0.605,0.586,0.528
steady_achiever,54.0,0.185,0,0,0,5.3,stable,4,2,6.5,7,0,balanced,0.559,0.605,0.882,0.548,0.393
steady_achiever,65.9,0.141,0,0,0,4.4,stable,2,2,7.0,7,0,balanced,0.346,0.576,0.707,0.451,0.732
steady_achiever,52.1,0.143,0,0,0,4.0,stable,4,2,7.5,7,0,balanced,0.58,0.399,0.844,0.464,0.557
steady_achiever,57.4,0.119,0,0,0,5.5,stable,1,1,6.6,7,0,balanced,0.909,0.691,0.744,0.662,0.729
steady_achiever,61.8,0.241,0,0,0,5.4,stable,1,0,7.4,7,0,balanced,0.565,0.94,0.895,0.788,0.868
steady_achiever,62.5,0.244,0,0,0,5.3,stable,1,0,8.2,7,0,balanced,0.579,0.846,0.944,0.647,0.794
steady_achiever,56.7,0.148,0,0,0,3.5,stable,1,0,7.2,7,0,balanced,0.81,0.78,0.598,0.733,0.621
steady_achiever,58.4,0.165,1,0,0,4.1,stable,1,0,6.8,7,0,balanced,0.639,0.858,0.714,0.7,0.792
steady_achiever,61.7,0.151,0,0,0,4.6,stable,3,1,6.6,7,0,balanced,0.66,0.77,0.556,0.68,0.537
steady_achiever,64.0,0.19,1,0,0,4.8,stable,0,0,7.6,7,0,balanced,0.467,0.867,0.95,0.584,0.366
steady_achiever,59.0,0.146,0,0,0,6.4,stable,2,3,6.9,7,0,balanced,0.703,0.581,0.545,0.644,0.754
steady_achiever,56.8,0.236,0,0,0,5.0,stable,1,3,7.3,7,0,balanced,0.64,0.828,0.525,0.605,0.306
steady_achiever,57.9,0.133,0,0,0,5.0,stable,2,2,7.2,7,0,balanced,0.726,0.725,0.902,0.686,0.488
steady_achiever,61.5,0.164,0,0,0,4.9,stable,2,0,6.5,7,0,balanced,0.713,0.56,0.926,0.675,0.52
steady_achiever,50.4,0.202,0,0,0,5.4,stable,3,0,6.9,7,0,balanced,0.931,0.559,0.655,0.693,0.689
steady_achiever,60.0,0.129,0,0,0,5.5,stable,0,2,6.9,7,0,balanced,0.549,0.854,0.419,0.597,0.744
steady_achiever,60.6,0.195,0,0,0,6.3,stable,2,3,7.2,7,0,balanced,0.735,0.759,0.279,0.696,0.348
steady_achiever,57.5,0.177,0,0,0,4.1,stable,0,1,7.3,7,0,balanced,0.737,0.696,0.606,0.703,0.688
steady_achiever,74.4,0.103,0,0,0,5.5,stable,1,1,6.8,7,0,balanced,0.797,0.864,0.668,0.722,0.622
steady_achiever,55.7,0.195,0,0,0,6.0,stable,2,1,7.0,7,0,balanced,0.801,0.577,0.679,0.727,0.535
steady_achiever,58.6,0.168,0,0,0,5.4,stable,2,2,7.1,7,0,balanced,0.703,0.268,0.429,0.504,0.678
steady_achiever,64.8,0.174,0,0,0,4.8,stable,4,1,6.9,7,0,balanced,0.772,0.699,0.524,0.631,0.503
steady_achiever,66.7,0.151,0,0,0,4.9,stable,4,2,7.8,7,0,balanced,0.496,0.737,0.522,0.594,0.512
steady_achiever,77.9,0.144,0,0,0,6.1,stable,1,0,7.1,7,0,balanced,0.811,0.612,0.846,0.658,0.76
steady_achiever,60.6,0.224,1,0,0,3.2,stable,1,2,6.9,7,0,balanced,0.736,0.584,0.853,0.716,0.877
steady_achiever,62.9,0.105,0,0,1,6.5,stable,6,3,6.8,7,0,balanced,0.838,0.715,0.789,0.751,0.818
steady_achiever,62.7,0.126,0,0,0,4.8,stable,2,0,6.6,7,0,balanced,0.48,0.377,0.406,0.425,0.657
steady_achiever,64.2,0.194,0,0,0,5.4,stable,2,0,7.5,7,0,balanced,0.82,0.786,0.552,0.81,0.311
steady_achiever,62.5,0.136,0,0,1,6.1,stable,3,2,7.2,7,0,balanced,0.802,0.581,0.672,0.684,0.769
steady_achiever,64.6,0.146,1,0,0,4.4,stable,3,1,7.6,7,0,balanced,0.74,0.705,0.444,0.684,0.668
steady_achiever,59.4,0.205,0,0,0,4.9,stable,1,1,7.0,7,0,balanced,0.42,0.508,0.59,0.481,0.655
steady_achiever,66.8,0.114,1,0,0,5.6,stable,1,1,6.8,7,0,balanced,0.488,0.704,0.469,0.554,0.582
steady_achiever,66.5,0.13,0,0,0,6.4,stable,2,4,6.6,7,0,balanced,0.587,0.651,0.847,0.626,0.383
steady_achiever,66.5,0.103,0,0,0,5.2,stable,1,0,6.5,7,0,balanced,0.368,0.675,0.54,0.597,0.755
steady_achiever,66.2,0.104,1,0,0,4.9,stable,2,0,6.8,7,0,balanced,0.628,0.486,0.802,0.547,0.678
steady_achiever,62.9,0.134,0,0,0,4.8,stable,1,3,6.7,7,0,balanced,0.539,0.626,0.591,0.637,0.378
steady_achiever,66.3,0.189,0,0,0,4.9,stable,3,2,7.8,7,0,balanced,0.886,0.771,0.676,0.758,0.463
steady_achiever,65.1,0.259,0,0,0,3.5,stable,2,0,7.6,7,0,balanced,0.717,0.531,0.706,0.592,0.46
steady_achiever,64.2,0.132,0,0,0,6.5,stable,2,1,6.3,7,0,balanced,0.405,0.52,0.764,0.466,0.612
steady_achiever,63.0,0.173,0,0,0,5.2,stable,1,2,7.2,7,0,balanced,0.598,0.662,0.788,0.616,0.553
steady_achiever,60.6,0.247,0,0,0,6.0,stable,3,1,7.1,7,0,balanced,0.622,0.586,0.655,0.544,0.46
steady_achiever,64.6,0.138,0,0,0,3.8,stable,1,1,7.0,7,0,balanced,0.582,0.275,0.714,0.539,0.601
steady_achiever,52.3,0.18,0,0,0,5.7,stable,0,2,7.3,7,0,balanced,0.83,0.701,0.519,0.787,0.575
steady_achiever,67.8,0.134,0,0,0,4.5,stable,0,0,7.3,7,0,balanced,0.769,0.804,0.64,0.735,0.71
steady_achiever,56.4,0.166,0,0,0,5.4,stable,2,1,6.7,7,0,balanced,0.559,0.499,0.629,0.525,0.782
steady_achiever,58.0,0.173,0,0,0,5.6,stable,2,0,6.9,7,0,balanced,0.731,0.678,0.758,0.67,0.571
steady_achiever,63.4,0.234,0,0,0,4.3,stable,1,1,7.5,7,0,balanced,0.619,0.6,0.864,0.605,0.597
steady_achiever,58.1,0.172,0,0,0,4.5,stable,0,1,8.1,7,0,balanced,0.528,0.48,0.347,0.476,0.52
steady_achiever,67.4,0.185,0,0,0,5.9,stable,2,1,8.1,7,0,balanced,0.612,0.242,0.648,0.477,0.882
steady_achiever,62.1,0.15,0,0,0,5.4,stable,1,1,6.8,7,0,balanced,0.614,0.79,0.482,0.706,0.357
steady_achiever,66.8,0.183,0,0,0,4.5,stable,2,1,7.0,7,0,balanced,0.669,0.358,0.619,0.496,0.708
steady_achiever,61.2,0.215,0,0,0,4.1,stable,3,0,7.3,7,0,balanced,0.657,0.853,0.723,0.796,0.59
steady_achiever,58.6,0.21,0,0,0,4.8,stable,1,2,7.4,7,0,balanced,0.514,0.493,0.779,0.517,0.499
steady_achiever,65.1,0.135,0,0,0,4.2,stable,1,1,7.0,7,0,balanced,0.865,0.656,0.515,0.657,0.465
steady_achiever,66.2,0.131,0,0,0,5.0,stable,2,0,7.4,7,0,balanced,0.618,0.645,0.423,0.613,0.511
steady_achiever,65.2,0.093,0,0,0,4.9,stable,2,2,7.3,7,0,balanced,0.649,0.701,0.814,0.613,0.676
steady_achiever,59.8,0.132,0,0,1,5.4,stable,4,3,7.2,7,0,balanced,0.648,0.766,0.787,0.706,0.494
steady_achiever,65.4,0.238,0,0,0,4.6,stable,2,1,7.7,7,0,balanced,0.658,0.877,0.518,0.708,0.508
steady_achiever,63.3,0.173,0,0,0,6.7,stable,1,0,7.0,7,0,balanced,0.86,0.724,0.669,0.743,0.503
steady_achiever,52.6,0.163,0,0,0,6.4,stable,1,1,7.2,7,0,balanced,0.785,0.557,0.771,0.673,0.69
steady_achiever,63.0,0.24,0,0,0,4.8,stable,2,0,6.8,7,0,balanced,0.533,0.78,0.571,0.631,0.7
steady_achiever,67.5,0.193,1,0,1,3.4,stable,1,0,7.2,7,0,balanced,0.649,0.72,0.532,0.682,0.307
steady_achiever,63.4,0.195,0,0,0,6.4,stable,0,0,7.2,7,0,balanced,0.559,0.721,0.541,0.705,0.786
steady_achiever,66.3,0.142,0,0,0,4.0,stable,0,0,7.1,7,0,balanced,0.811,0.665,0.582,0.65,0.348
steady_achiever,74.5,0.176,1,0,0,5.5,stable,1,1,7.2,7,0,balanced,0.644,0.792,0.828,0.725,0.728
steady_achiever,61.9,0.13,0,0,0,4.6,stable,0,1,6.8,7,0,balanced,0.672,0.455,0.691,0.486,0.622
steady_achiever,75.8,0.123,0,0,0,6.5,stable,0,0,7.8,7,0,balanced,0.69,0.481,0.605,0.511,0.587
steady_achiever,61.4,0.148,0,0,0,6.4,stable,3,0,7.2,7,0,balanced,0.743,0.705,0.814,0.672,0.568
steady_achiever,69.7,0.173,0,0,0,5.1,stable,3,1,8.3,7,0,balanced,0.442,0.693,0.753,0.577,0.759
steady_achiever,60.1,0.175,0,0,0,6.3,stable,1,0,6.8,7,0,balanced,0.895,0.665,0.541,0.763,0.827
steady_achiever,64.8,0.196,0,0,0,5.5,stable,2,0,6.6,7,0,balanced,0.69,0.679,0.714,0.651,0.427
steady_achiever,60.0,0.156,0,0,0,5.7,stable,2,1,7.4,7,0,balanced,0.627,0.618,0.819,0.504,0.739
steady_achiever,60.1,0.184,0,0,0,4.3,stable,2,1,7.6,7,0,balanced,0.743,0.642,0.464,0.706,0.484
steady_achiever,57.5,0.137,0,0,0,5.4,stable,1,0,7.0,7,0,balanced,0.471,0.839,0.658,0.575,0.311
steady_achiever,67.2,0.179,0,0,0,5.2,stable,2,0,7.1,7,0,balanced,0.706,0.792,0.699,0.654,0.691
steady_achiever,64.4,0.132,1,0,0,6.5,stable,3,1,6.6,7,0,balanced,0.815,0.469,0.804,0.616,0.829
steady_achiever,62.0,0.135,0,0,0,5.6,stable,1,1,7.5,7,0,balanced,0.413,0.757,0.484,0.691,0.514
steady_achiever,62.8,0.194,0,0,0,4.5,stable,2,0,7.2,7,0,balanced,0.806,0.57,0.683,0.692,0.725
steady_achiever,70.9,0.161,0,0,0,5.1,stable,0,1,7.2,7,0,balanced,0.597,0.747,0.717,0.696,0.871
steady_achiever,57.6,0.167,0,0,0,5.0,stable,1,1,6.8,7,0,balanced,0.52,0.75,0.667,0.586,0.485
steady_achiever,62.2,0.172,0,0,0,4.8,stable,5,0,7.0,7,0,balanced,0.573,0.582,0.582,0.512,0.716
steady_achiever,52.4,0.231,0,0,0,6.8,stable,4,1,7.8,7,0,balanced,0.519,0.792,0.579,0.66,0.549
steady_achiever,53.4,0.176,0,0,0,5.7,stable,4,0,7.3,7,0,balanced,0.696,0.736,0.722,0.623,0.717
steady_achiever,63.7,0.135,0,0,0,5.3,stable,2,1,7.3,7,0,balanced,0.662,0.774,0.498,0.712,0.482
steady_achiever,53.1,0.208,0,0,0,4.4,stable,3,0,6.4,7,0,balanced,0.494,0.576,0.602,0.512,0.799
steady_achiever,58.3,0.162,0,0,0,5.7,stable,5,1,6.3,7,0,balanced,0.627,0.783,0.755,0.668,0.776
steady_achiever,59.0,0.173,0,0,0,4.3,stable,4,0,7.4,7,0,balanced,0.75,0.797,0.844,0.659,0.508
steady_achiever,59.7,0.135,1,0,0,4.9,stable,0,0,7.1,7,0,balanced,0.663,0.571,0.536,0.657,0.883
steady_achiever,68.3,0.155,0,0,0,5.0,stable,1,0,7.2,7,0,balanced,0.678,0.796,0.642,0.685,0.636
steady_achiever,71.5,0.219,0,0,0,5.5,stable,5,1,6.9,7,0,balanced,0.813,0.736,0.833,0.758,0.641
steady_achiever,64.5,0.17,0,0,0,4.7,stable,5,1,7.6,7,0,balanced,0.667,0.809,0.336,0.727,0.888
steady_achiever,57.6,0.13,0,0,1,4.3,stable,4,1,7.4,7,0,balanced,0.843,0.573,0.449,0.715,0.434
steady_achiever,53.3,0.152,0,0,0,5.8,stable,1,0,6.7,7,0,balanced,0.484,0.64,0.716,0.518,0.542
steady_achiever,52.9,0.131,0,0,0,5.5,stable,3,0,7.2,7,0,balanced,0.604,0.515,0.52,0.515,0.401
steady_achiever,66.1,0.141,0,0,0,5.3,stable,4,0,7.4,7,0,balanced,0.455,0.615,0.697,0.542,0.584
steady_achiever,50.0,0.203,0,0,0,5.9,stable,1,0,7.2,7,0,balanced,0.663,0.679,0.444,0.603,0.83
steady_achiever,55.2,0.042,0,0,0,4.4,stable,4,1,7.9,7,0,balanced,0.914,0.721,0.577,0.769,0.548
steady_achiever,65.0,0.175,0,0,0,4.3,stable,2,0,7.2,7,0,balanced,0.697,0.653,0.562,0.606,0.827
steady_achiever,59.2,0.121,0,0,0,5.1,stable,2,1,8.1,7,0,balanced,0.381,0.442,0.75,0.354,0.463
steady_achiever,61.7,0.17,0,0,0,5.5,stable,2,2,7.1,7,0,balanced,0.437,0.56,0.685,0.493,0.778
steady_achiever,55.6,0.183,0,0,0,5.0,stable,0,0,7.6,7,0,balanced,0.643,0.876,0.757,0.732,0.471
steady_achiever,63.5,0.192,0,0,0,3.8,stable,5,1,7.4,7,0,balanced,0.579,0.739,0.692,0.624,0.513
steady_achiever,61.2,0.141,0,0,0,5.6,stable,1,1,8.3,7,0,balanced,0.709,0.466,0.541,0.568,0.784
steady_achiever,63.2,0.248,1,0,0,5.4,stable,2,2,8.0,7,0,balanced,0.81,0.63,0.375,0.643,0.557
steady_achiever,61.0,0.136,0,0,1,6.5,stable,6,1,7.0,7,0,balanced,0.635,0.788,0.659,0.75,0.701
steady_achiever,68.7,0.137,0,0,0,5.3,stable,2,1,7.5,7,0,balanced,0.697,0.676,0.834,0.688,0.559
steady_achiever,59.8,0.196,1,0,0,5.3,stable,2,0,7.4,7,0,balanced,0.605,0.455,0.644,0.412,0.691
steady_achiever,59.2,0.195,0,0,0,5.3,stable,1,1,6.5,7,0,balanced,0.68,0.578,0.684,0.573,0.74
steady_achiever,66.4,0.162,0,0,0,5.5,stable,3,3,7.2,7,0,balanced,0.904,0.846,0.476,0.777,0.773
steady_achiever,64.7,0.149,1,0,0,4.6,stable,0,2,8.0,7,0,balanced,0.746,0.622,0.602,0.617,0.71
steady_achiever,58.7,0.118,0,0,0,4.3,stable,2,2,6.4,7,0,balanced,0.67,0.69,0.819,0.587,0.579
steady_achiever,60.2,0.211,0,0,0,4.6,stable,1,0,7.5,7,0,balanced,0.735,0.691,0.574,0.702,0.353
steady_achiever,52.1,0.213,0,0,0,6.4,stable,2,0,7.2,7,0,balanced,0.356,0.742,0.653,0.552,0.292
steady_achiever,61.6,0.138,0,0,0,5.0,stable,3,1,7.7,7,0,balanced,0.657,0.549,0.606,0.592,0.563
steady_achiever,66.9,0.144,0,0,0,4.7,stable,1,1,7.0,7,0,balanced,0.585,0.686,0.54,0.681,0.535
steady_achiever,55.8,0.163,0,0,0,4.4,stable,3,0,7.3,7,0,balanced,0.66,0.496,0.577,0.511,0.65
steady_achiever,63.0,0.202,1,0,0,5.4,stable,1,0,6.6,7,0,balanced,0.47,0.544,0.723,0.536,0.552
steady_achiever,53.9,0.076,0,0,0,4.5,stable,1,0,7.3,7,0,balanced,0.658,0.58,0.31,0.615,0.619
steady_achiever,52.0,0.191,0,0,0,3.9,stable,4,0,6.6,7,0,balanced,0.515,0.486,0.567,0.509,0.889
steady_achiever,65.8,0.159,0,0,0,4.2,stable,1,0,6.3,7,0,balanced,0.478,0.79,0.363,0.588,0.582
steady_achiever,63.3,0.211,0,0,0,4.5,stable,1,3,7.0,7,0,balanced,0.641,0.43,0.436,0.553,0.787
steady_achiever,67.9,0.186,0,0,0,5.2,stable,1,0,7.3,7,0,balanced,0.568,0.617,0.768,0.646,0.638
steady_achiever,59.1,0.102,1,0,0,6.0,stable,2,0,7.5,7,0,balanced,0.934,0.685,0.452,0.669,0.641
steady_achiever,65.3,0.14,0,0,0,3.8,stable,3,1,7.3,7,0,balanced,0.668,0.435,0.437,0.563,0.791
steady_achiever,65.1,0.083,1,0,0,5.0,stable,0,0,6.9,7,0,balanced,0.729,0.564,0.868,0.632,0.459
steady_achiever,54.1,0.193,0,0,0,4.0,stable,0,1,6.8,7,0,balanced,0.87,0.721,0.812,0.659,0.375
steady_achiever,63.0,0.147,0,0,1,5.5,stable,2,0,5.7,7,0,balanced,0.691,0.719,0.385,0.602,0.71
steady_achiever,56.3,0.143,0,0,0,5.8,stable,1,0,7.9,7,0,balanced,0.835,0.706,0.548,0.714,0.907
steady_achiever,75.4,0.191,0,0,0,2.3,stable,6,1,5.9,7,0,balanced,0.394,0.424,0.676,0.412,0.711
steady_achiever,68.1,0.146,0,0,0,4.4,stable,3,2,7.8,7,0,balanced,0.379,0.769,0.655,0.564,0.457
steady_achiever,64.6,0.171,1,0,0,4.7,stable,0,0,6.7,7,0,balanced,0.738,0.634,0.487,0.643,0.749
steady_achiever,68.2,0.06,0,0,0,6.1,stable,3,1,7.4,7,0,balanced,0.582,0.542,0.628,0.488,0.775
steady_achiever,57.4,0.131,0,0,0,4.6,stable,3,0,7.2,7,0,balanced,0.627,0.714,0.399,0.692,0.357
steady_achiever,68.0,0.109,0,0,0,5.4,stable,2,0,6.4,7,0,balanced,0.635,0.434,0.718,0.521,0.453
steady_achiever,60.4,0.192,0,0,0,4.9,stable,2,0,8.0,7,0,balanced,0.754,0.454,0.45,0.588,0.592
steady_achiever,73.0,0.148,0,0,0,5.9,stable,2,0,7.4,7,0,balanced,0.704,0.752,0.382,0.677,0.444
steady_achiever,65.7,0.167,0,0,0,6.4,stable,1,3,7.3,7,0,balanced,0.764,0.426,0.585,0.571,0.711
steady_achiever,64.9,0.144,0,0,0,5.7,stable,0,0,8.0,7,0,balanced,0.858,0.612,0.564,0.586,0.458
steady_achiever,73.7,0.203,0,0,0,6.5,stable,1,2,6.9,7,0,balanced,0.83,0.502,0.663,0.593,0.614
strategic_thinker,58.7,0.183,0,0,1,7.2,stable,1,2,7.5,7,0,deliberate,0.731,0.762,0.67,0.704,0.796
strategic_thinker,55.0,0.085,0,0,0,5.6,stable,2,3,8.4,7,0,deliberate,0.603,0.815,0.859,0.732,0.967
strategic_thinker,63.2,0.174,0,0,0,7.6,stable,0,0,8.8,7,0,deliberate,0.8,0.785,0.637,0.725,0.975
strategic_thinker,60.1,0.152,0,0,0,8.3,stable,0,1,9.4,7,0,deliberate,0.899,0.76,0.95,0.686,0.789
strategic_thinker,65.6,0.102,0,0,0,7.3,stable,2,0,8.7,7,0,deliberate,0.951,0.936,0.95,0.823,0.542
strategic_thinker,69.1,0.209,0,0,0,5.4,stable,0,0,8.7,7,0,deliberate,0.888,0.909,0.833,0.77,0.852
strategic_thinker,57.6,0.214,0,0,0,5.5,stable,5,3,9.5,7,0,deliberate,0.875,0.802,0.75,0.696,0.584
strategic_thinker,61.7,0.176,0,1,0,5.9,stable,2,0,7.7,7,0,deliberate,0.761,0.817,0.779,0.779,0.883
strategic_thinker,69.0,0.217,0,0,0,5.9,stable,4,0,8.5,7,0,deliberate,0.294,0.917,0.937,0.573,0.911
strategic_thinker,64.7,0.195,0,1,0,7.2,stable,3,0,8.3,7,0,deliberate,0.913,0.901,0.699,0.887,0.986
strategic_thinker,70.3,0.23,0,0,0,6.5,stable,4,0,7.5,7,0,deliberate,0.874,0.736,0.916,0.705,0.836
strategic_thinker,90.8,0.272,0,1,0,6.4,stable,1,3,10.0,7,0,deliberate,0.932,0.82,0.835,0.87,0.974
strategic_thinker,70.6,0.206,0,0,1,6.4,stable,4,0,9.0,7,0,deliberate,0.891,0.682,0.733,0.734,0.838
strategic_thinker,52.9,0.212,0,0,0,5.6,stable,1,1,9.1,7,0,deliberate,0.689,0.781,0.805,0.69,0.866
strategic_thinker,73.5,0.128,0,0,0,7.0,stable,5,2,8.5,7,0,deliberate,0.921,0.914,0.864,0.873,0.581
strategic_thinker,85.6,0.15,0,1,0,6.0,stable,3,0,7.8,7,0,deliberate,0.868,0.924,0.884,0.814,0.585
strategic_thinker,60.7,0.185,0,1,1,7.1,stable,0,0,8.6,7,0,deliberate,0.465,0.933,0.9,0.57,0.66
strategic_thinker,75.2,0.22,0,0,1,6.6,stable,2,0,9.5,7,0,deliberate,0.88,0.836,0.837,0.82,0.848
strategic_thinker,50.9,0.207,0,0,0,6.9,stable,1,4,9.3,7,0,deliberate,0.988,0.882,0.696,0.882,0.558
strategic_thinker,62.8,0.209,0,1,0,6.7,stable,1,2,9.3,7,0,deliberate,0.865,0.623,0.769,0.641,0.934
strategic_thinker,59.1,0.262,0,0,0,6.7,stable,2,0,8.8,7,0,deliberate,0.781,0.737,0.932,0.783,0.631
strategic_thinker,64.3,0.196,0,0,0,6.1,stable,1,2,9.3,7,0,deliberate,0.917,0.871,0.849,0.856,0.973
strategic_thinker,67.8,0.171,0,1,0,6.4,stable,7,0,9.0,7,0,deliberate,0.94,0.773,0.687,0.764,0.634
strategic_thinker,62.5,0.278,0,0,0,5.3,stable,1,2,8.8,7,0,deliberate,0.811,0.97,0.974,0.814,0.971
strategic_thinker,71.2,0.249,0,0,0,6.8,stable,1,0,8.2,7,0,deliberate,0.906,0.989,0.945,0.804,0.894
strategic_thinker,67.7,0.151,0,0,0,5.6,stable,2,1,8.8,7,0,deliberate,0.712,0.891,0.821,0.684,0.882
strategic_thinker,62.9,0.164,0,0,0,8.0,stable,2,0,8.8,7,0,deliberate,0.897,0.969,0.986,0.884,0.958
strategic_thinker,62.7,0.135,0,0,0,6.7,stable,3,1,7.8,7,0,deliberate,0.621,0.915,0.83,0.824,0.646
strategic_thinker,52.9,0.177,0,0,0,6.7,stable,4,2,9.7,7,0,deliberate,0.787,0.965,0.857,0.697,0.876
strategic_thinker,81.2,0.15,0,0,0,5.8,stable,3,1,9.4,7,0,deliberate,0.882,0.829,0.993,0.664,0.876
strategic_thinker,81.2,0.23,0,0,0,8.5,stable,1,0,8.2,7,0,deliberate,0.898,0.855,0.916,0.869,0.756
strategic_thinker,70.3,0.187,0,0,0,5.1,stable,3,0,8.6,7,0,deliberate,0.734,0.861,0.798,0.77,0.943
strategic_thinker,69.8,0.194,0,0,0,6.2,stable,2,1,8.8,7,0,deliberate,0.967,0.877,0.889,0.831,0.933
strategic_thinker,65.1,0.194,0,1,0,6.5,stable,1,3,9.3,7,0,deliberate,0.913,0.98,0.627,0.923,0.924
strategic_thinker,66.5,0.179,0,0,0,6.8,stable,1,0,8.3,7,0,deliberate,0.786,0.682,0.82,0.594,0.968
strategic_thinker,72.9,0.169,0,0,1,5.4,stable,6,0,9.7,7,0,deliberate,0.983,0.801,0.873,0.825,0.854
strategic_thinker,56.3,0.175,0,0,1,5.4,stable,3,1,9.8,7,0,deliberate,0.9,0.924,0.866,0.911,0.75
strategic_thinker,64.8,0.181,0,0,0,7.0,stable,1,0,9.1,7,0,deliberate,0.908,0.899,0.939,0.86,0.811
strategic_thinker,72.4,0.161,0,0,0,7.1,stable,4,0,8.5,7,0,deliberate,0.576,0.826,0.834,0.69,0.973
strategic_thinker,62.7,0.182,0,0,0,8.5,stable,5,0,8.7,7,0,deliberate,0.765,0.931,0.923,0.805,0.622
strategic_thinker,75.6,0.16,0,0,0,4.7,stable,2,0,9.9,7,0,deliberate,0.904,0.802,0.797,0.758,0.644
strategic_thinker,69.7,0.12,0,0,1,4.4,stable,3,0,9.0,7,0,deliberate,0.951,0.919,0.968,0.823,0.978
strategic_thinker,74.2,0.16,0,0,0,8.2,stable,1,0,8.4,7,0,deliberate,0.943,0.94,0.758,0.805,0.98
strategic_thinker,61.6,0.143,0,0,1,5.9,stable,2,1,7.9,7,0,deliberate,0.865,0.597,0.818,0.721,0.935
strategic_thinker,64.9,0.179,0,1,0,7.8,stable,1,1,9.2,7,0,deliberate,0.973,0.995,0.826,0.816,0.887
strategic_thinker,58.9,0.179,0,0,0,6.6,stable,4,2,9.4,7,0,deliberate,0.952,0.864,0.748,0.786,0.859
strategic_thinker,78.0,0.304,0,0,0,5.9,stable,0,0,9.1,7,0,deliberate,0.936,0.911,0.934,0.799,0.672
strategic_thinker,75.6,0.214,0,0,0,6.1,stable,3,2,8.8,7,0,deliberate,0.933,0.663,0.917,0.71,0.982
strategic_thinker,80.9,0.25,0,0,0,5.9,stable,3,0,8.9,7,0,deliberate,0.845,0.985,0.631,0.755,0.953
strategic_thinker,88.3,0.167,0,0,0,6.6,stable,2,2,9.5,7,0,deliberate,0.81,0.755,0.772,0.705,0.818
strategic_thinker,65.3,0.179,0,0,0,5.0,stable,2,2,8.2,7,0,deliberate,0.941,0.903,0.96,0.738,0.729
strategic_thinker,41.5,0.203,0,0,0,6.6,stable,1,2,8.7,7,0,deliberate,0.859,0.893,0.719,0.772,0.735
strategic_thinker,64.6,0.204,0,1,1,5.0,stable,3,0,8.7,7,0,deliberate,0.832,0.837,0.731,0.761,0.831
strategic_thinker,79.7,0.283,0,0,0,6.6,stable,2,1,7.3,7,0,deliberate,0.99,0.846,0.859,0.796,0.776
strategic_thinker,56.0,0.22,0,0,0,7.9,stable,2,3,8.6,7,0,deliberate,0.878,0.713,0.9,0.723,0.896
strategic_thinker,65.1,0.309,0,0,0,6.4,stable,1,1,7.9,7,0,deliberate,0.909,0.547,0.912,0.7,0.878
strategic_thinker,60.4,0.214,0,0,1,5.2,stable,2,4,8.3,7,0,deliberate,0.891,0.911,0.69,0.774,0.747
strategic_thinker,67.2,0.177,0,0,0,4.8,stable,2,2,8.9,7,0,deliberate,0.986,0.983,0.871,0.868,0.897
strategic_thinker,73.2,0.191,0,0,0,6.1,stable,0,0,8.4,7,0,deliberate,0.877,0.964,0.961,0.814,0.899
strategic_thinker,70.3,0.198,0,0,1,6.9,stable,5,1,8.5,7,0,deliberate,0.925,0.905,0.754,0.811,0.868
strategic_thinker,75.8,0.177,0,0,0,7.6,stable,7,2,8.4,7,0,deliberate,0.708,0.79,0.94,0.679,0.785
strategic_thinker,81.6,0.138,0,0,0,5.9,stable,0,1,8.8,7,0,deliberate,0.884,0.783,0.793,0.806,0.933
strategic_thinker,79.2,0.309,0,1,0,6.6,stable,1,1,8.6,7,0,deliberate,0.822,0.965,0.906,0.759,0.751
strategic_thinker,67.1,0.274,0,1,1,7.8,stable,4,4,9.2,7,0,deliberate,0.642,0.955,0.812,0.78,0.831
strategic_thinker,68.2,0.189,0,0,0,4.9,stable,1,0,9.2,7,0,deliberate,0.754,0.898,0.896,0.8,0.811
strategic_thinker,50.1,0.149,0,1,1,7.5,stable,2,1,8.6,7,0,deliberate,0.857,0.901,0.613,0.767,0.815
strategic_thinker,73.8,0.207,0,0,1,6.0,stable,3,1,9.1,7,0,deliberate,0.924,0.878,0.897,0.778,0.895
strategic_thinker,80.2,0.157,0,0,1,6.6,stable,1,1,8.6,7,0,deliberate,0.719,0.951,0.832,0.739,0.912
strategic_thinker,76.4,0.157,0,0,0,7.2,stable,2,0,8.2,7,0,deliberate,0.809,0.558,0.871,0.71,0.789
strategic_thinker,67.1,0.221,0,0,0,5.7,stable,2,0,8.9,7,0,deliberate,0.862,0.84,0.483,0.829,0.474
strategic_thinker,66.6,0.21,0,0,0,7.3,stable,4,3,8.0,7,0,deliberate,0.985,0.907,0.642,0.972,0.764
strategic_thinker,53.5,0.204,0,1,1,7.6,stable,0,2,8.2,7,0,deliberate,0.624,0.882,0.955,0.529,0.964
strategic_thinker,69.7,0.208,0,1,0,6.5,stable,4,2,9.6,7,0,deliberate,0.84,0.951,0.565,0.803,0.922
strategic_thinker,68.8,0.253,0,0,0,6.7,stable,3,1,9.5,7,0,deliberate,0.848,0.801,0.714,0.746,0.879
strategic_thinker,78.1,0.191,0,0,0,6.9,stable,1,1,9.1,7,0,deliberate,0.727,0.856,0.978,0.632,0.839
strategic_thinker,68.7,0.135,0,1,0,8.2,stable,2,1,9.2,7,0,deliberate,0.741,0.957,0.857,0.834,0.858
strategic_thinker,59.8,0.244,0,1,0,6.1,stable,3,0,9.3,7,0,deliberate,0.989,0.918,0.888,0.881,0.92
strategic_thinker,60.4,0.185,0,0,1,5.5,stable,2,0,9.0,7,0,deliberate,0.71,0.875,0.964,0.713,0.656
strategic_thinker,53.1,0.203,0,0,0,5.3,stable,2,2,9.0,7,0,deliberate,0.73,0.973,0.956,0.823,0.855
strategic_thinker,72.7,0.199,0,0,0,5.7,stable,3,1,8.7,7,0,deliberate,0.867,0.769,0.956,0.817,0.892
strategic_thinker,72.6,0.126,0,0,0,7.5,stable,4,1,9.3,7,0,deliberate,0.766,0.887,0.907,0.794,0.477
strategic_thinker,65.4,0.258,0,1,0,5.9,stable,2,0,9.3,7,0,deliberate,0.968,0.876,0.787,0.927,0.974
strategic_thinker,68.8,0.227,0,0,0,4.7,stable,0,1,8.6,7,0,deliberate,0.848,0.869,0.87,0.777,0.772
strategic_thinker,66.1,0.272,0,0,0,6.3,stable,0,1,9.8,7,0,deliberate,0.692,0.767,0.841,0.652,0.983
strategic_thinker,59.3,0.193,0,0,0,5.5,stable,3,0,8.5,7,0,deliberate,0.926,0.896,0.913,0.845,0.728
strategic_thinker,70.2,0.258,0,0,0,5.8,stable,1,3,9.3,7,0,deliberate,0.665,0.921,0.849,0.814,0.76
strategic_thinker,46.6,0.233,0,0,0,6.3,stable,3,1,8.9,7,0,deliberate,0.73,0.822,0.941,0.801,0.867
strategic_thinker,75.1,0.157,0,1,0,7.0,stable,2,2,10.0,7,0,deliberate,0.848,0.876,0.787,0.823,0.878
strategic_thinker,70.8,0.249,0,1,0,7.2,stable,1,1,8.6,7,0,deliberate,0.638,0.899,0.734,0.606,0.819
strategic_thinker,55.6,0.159,0,0,0,7.6,stable,3,2,8.2,7,0,deliberate,0.782,0.907,0.98,0.736,0.859
strategic_thinker,53.6,0.172,0,1,1,6.5,stable,3,2,8.7,7,0,deliberate,0.774,0.593,0.873,0.616,0.74
strategic_thinker,79.9,0.162,0,0,0,8.2,stable,2,2,9.5,7,0,deliberate,0.932,0.864,0.899,0.724,0.814
strategic_thinker,60.9,0.178,0,0,0,5.1,stable,3,1,7.4,7,0,deliberate,0.859,0.888,0.76,0.714,0.968
strategic_thinker,84.5,0.221,0,1,1,7.5,stable,3,1,9.0,7,0,deliberate,0.901,0.937,0.827,0.907,0.803
strategic_thinker,73.2,0.207,0,0,1,7.4,stable,2,3,9.1,7,0,deliberate,0.946,0.753,0.945,0.786,0.742
strategic_thinker,54.3,0.216,0,0,0,5.7,stable,1,2,9.8,7,0,deliberate,0.661,0.946,0.851,0.751,0.99
strategic_thinker,58.3,0.229,0,0,0,5.8,stable,1,1,8.1,7,0,deliberate,0.833,0.708,0.725,0.714,0.856
strategic_thinker,62.5,0.131,0,0,0,5.3,stable,1,1,9.4,7,0,deliberate,0.854,0.719,0.858,0.776,0.822
strategic_thinker,59.6,0.193,0,1,0,5.6,stable,3,1,9.5,7,0,deliberate,0.845,0.847,0.964,0.678,0.973
strategic_thinker,74.7,0.244,0,0,0,6.2,stable,3,2,9.0,7,0,deliberate,0.864,0.878,0.801,0.736,0.944
strategic_thinker,68.2,0.134,0,0,1,6.4,stable,0,0,9.1,7,0,deliberate,0.5,0.765,0.758,0.571,0.883
strategic_thinker,67.1,0.207,0,0,1,8.3,stable,3,0,9.4,7,0,deliberate,0.858,0.922,0.99,0.846,0.76
strategic_thinker,70.8,0.136,0,0,0,6.2,stable,1,0,8.7,7,0,deliberate,0.776,0.757,0.966,0.74,0.957
strategic_thinker,58.3,0.16,0,0,1,7.4,stable,3,1,8.9,7,0,deliberate,0.894,0.883,0.715,0.69,0.865
strategic_thinker,75.7,0.169,0,1,0,5.8,stable,1,1,10.0,7,0,deliberate,0.838,0.925,0.918,0.79,0.945
strategic_thinker,60.3,0.132,0,0,0,9.1,stable,0,0,8.2,7,0,deliberate,0.769,0.965,0.974,0.824,0.951
strategic_thinker,56.0,0.173,0,0,0,7.1,stable,2,1,8.7,7,0,deliberate,0.76,0.921,0.895,0.823,0.903
strategic_thinker,70.0,0.181,0,1,0,6.8,stable,0,2,8.2,7,0,deliberate,0.756,0.925,0.822,0.782,0.858
strategic_thinker,68.2,0.092,0,0,0,3.7,stable,2,2,8.1,7,0,deliberate,0.72,0.94,0.803,0.746,0.814
strategic_thinker,73.1,0.095,0,1,1,5.8,stable,2,1,9.7,7,0,deliberate,0.716,0.921,0.903,0.703,0.975
strategic_thinker,66.4,0.176,0,0,0,6.4,stable,4,0,8.8,7,0,deliberate,0.888,0.962,0.974,0.938,0.834
strategic_thinker,76.7,0.161,0,0,0,4.2,stable,3,0,8.4,7,0,deliberate,0.88,0.974,0.946,0.808,0.944
strategic_thinker,61.1,0.105,0,0,0,4.2,stable,5,1,8.7,7,0,deliberate,0.733,0.73,0.88,0.701,0.51
strategic_thinker,69.5,0.195,0,0,0,4.1,stable,1,0,9.4,7,0,deliberate,0.838,0.535,0.961,0.812,0.794
strategic_thinker,56.2,0.208,0,0,0,4.9,stable,0,2,9.1,7,0,deliberate,0.925,0.741,0.795,0.716,0.903
strategic_thinker,62.3,0.096,0,0,1,5.5,stable,1,1,9.2,7,0,deliberate,0.844,0.607,0.783,0.578,0.898
strategic_thinker,63.2,0.275,0,0,0,6.4,stable,2,1,8.7,7,0,deliberate,0.735,0.953,0.838,0.82,0.736
strategic_thinker,64.1,0.226,0,1,0,7.8,stable,1,1,8.0,7,0,deliberate,0.767,0.96,0.901,0.771,0.908
strategic_thinker,86.3,0.165,0,0,0,6.0,stable,3,2,8.2,7,0,deliberate,0.951,0.802,0.949,0.831,0.972
strategic_thinker,60.8,0.152,0,0,0,6.2,stable,2,0,9.0,7,0,deliberate,0.783,0.729,0.976,0.703,0.826
strategic_thinker,69.1,0.207,0,1,0,7.0,stable,1,0,9.6,7,0,deliberate,0.809,0.757,0.947,0.695,0.829
strategic_thinker,59.6,0.264,0,0,1,5.2,stable,2,3,7.9,7,0,deliberate,0.768,0.98,0.558,0.865,0.927
strategic_thinker,77.5,0.162,0,1,0,6.9,stable,1,3,8.9,7,0,deliberate,0.834,0.951,0.796,0.734,0.733
strategic_thinker,66.2,0.187,0,0,0,6.4,stable,2,2,9.2,7,0,deliberate,0.892,0.822,0.904,0.764,0.89
strategic_thinker,60.7,0.043,0,0,1,6.6,stable,0,2,8.9,7,0,deliberate,0.916,0.822,0.931,0.795,0.843
strategic_thinker,69.6,0.169,0,0,0,4.5,stable,2,2,9.0,7,0,deliberate,0.803,0.803,0.817,0.74,0.927
strategic_thinker,67.5,0.128,0,1,0,6.5,stable,0,0,8.2,7,0,deliberate,0.806,0.949,0.925,0.769,0.811
strategic_thinker,69.9,0.146,0,1,1,7.3,stable,2,0,8.2,7,0,deliberate,0.755,0.879,0.68,0.824,0.957
strategic_thinker,73.6,0.11,0,0,0,7.1,stable,3,3,8.8,7,0,deliberate,0.909,0.915,0.941,0.842,0.911
strategic_thinker,69.2,0.112,0,0,0,7.1,stable,2,1,9.0,7,0,deliberate,0.96,0.848,0.794,0.806,0.752
strategic_thinker,72.3,0.137,0,0,0,6.8,stable,0,0,9.9,7,0,deliberate,0.506,0.883,0.864,0.654,0.676
strategic_thinker,75.5,0.171,0,1,1,4.2,stable,1,1,9.3,7,0,deliberate,0.979,0.847,0.643,0.866,0.914
strategic_thinker,65.1,0.278,0,0,0,4.0,stable,3,0,9.1,7,0,deliberate,0.952,0.781,0.595,0.855,0.84
strategic_thinker,62.7,0.211,0,0,0,7.0,stable,6,0,9.0,7,0,deliberate,0.877,0.88,0.787,0.759,0.983
strategic_thinker,81.2,0.16,0,1,0,5.7,stable,4,1,8.6,7,0,deliberate,0.671,0.711,0.813,0.68,0.881
strategic_thinker,79.3,0.115,0,0,0,3.9,stable,1,4,8.5,7,0,deliberate,0.982,0.808,0.698,0.794,0.971
strategic_thinker,70.3,0.153,0,1,1,5.2,stable,5,1,9.6,7,0,deliberate,0.799,0.907,0.992,0.787,0.684
strategic_thinker,75.5,0.176,0,1,0,7.6,stable,2,0,8.2,7,0,deliberate,0.477,0.808,0.99,0.607,0.953
strategic_thinker,65.6,0.178,0,1,0,5.1,stable,2,1,8.4,7,0,deliberate,0.917,0.684,0.919,0.675,0.846
strategic_thinker,75.8,0.234,0,0,0,6.5,stable,1,0,9.8,7,0,deliberate,0.608,0.961,0.915,0.682,0.945
strategic_thinker,68.7,0.214,0,0,0,7.2,stable,2,2,9.2,7,0,deliberate,0.905,0.662,0.963,0.715,0.832
strategic_thinker,57.5,0.14,0,1,0,7.4,stable,1,0,9.2,7,0,deliberate,0.79,0.881,0.676,0.8,0.982
strategic_thinker,66.6,0.224,0,0,0,7.4,stable,2,0,8.1,7,0,deliberate,0.694,0.89,0.492,0.648,0.985
strategic_thinker,68.4,0.197,0,0,0,6.1,stable,3,1,8.8,7,0,deliberate,0.896,0.97,0.808,0.813,0.834
strategic_thinker,56.3,0.126,0,0,0,5.6,stable,4,0,8.9,7,0,deliberate,0.789,0.949,0.745,0.809,0.91
strategic_thinker,73.6,0.246,0,0,0,5.8,stable,5,0,7.8,7,0,deliberate,0.775,0.95,0.814,0.915,0.933
strategic_thinker,77.8,0.186,0,1,0,7.1,stable,4,2,8.3,7,0,deliberate,0.975,0.984,0.809,0.817,0.671
strategic_thinker,59.7,0.139,0,0,0,7.3,stable,2,1,7.5,7,0,deliberate,0.816,0.96,0.827,0.867,0.904
strategic_thinker,75.7,0.139,0,0,0,5.9,stable,1,0,9.3,7,0,deliberate,0.883,0.979,0.917,0.93,0.778
strategic_thinker,68.8,0.211,0,1,0,6.4,stable,2,0,7.9,7,0,deliberate,0.92,0.825,0.709,0.836,0.907
strategic_thinker,54.9,0.176,0,1,1,6.9,stable,0,1,8.9,7,0,deliberate,0.907,0.891,0.659,0.839,0.738
strategic_thinker,67.3,0.138,0,0,0,4.1,stable,2,4,8.4,7,0,deliberate,0.61,0.925,0.675,0.74,0.589
strategic_thinker,56.9,0.174,0,0,0,6.7,stable,7,0,8.4,7,0,deliberate,0.832,0.92,0.902,0.694,0.804
strategic_thinker,75.1,0.191,0,1,0,5.6,stable,2,0,8.5,7,0,deliberate,0.573,0.852,0.861,0.653,0.958
strategic_thinker,63.9,0.178,0,0,0,6.7,stable,3,1,9.7,7,0,deliberate,0.858,0.541,0.94,0.653,0.849
strategic_thinker,71.7,0.125,0,0,0,7.0,stable,1,2,8.7,7,0,deliberate,0.962,0.73,0.881,0.765,0.757
strategic_thinker,59.2,0.161,0,0,0,5.8,stable,1,1,8.6,7,0,deliberate,0.916,0.721,0.965,0.735,0.944
strategic_thinker,77.9,0.143,0,0,1,6.1,stable,0,2,8.7,7,0,deliberate,0.877,0.478,0.879,0.696,0.842
strategic_thinker,60.9,0.268,0,0,1,5.5,stable,5,3,8.2,7,0,deliberate,0.595,0.943,0.701,0.683,0.85
strategic_thinker,77.8,0.121,0,1,0,5.7,stable,3,1,8.9,7,0,deliberate,0.593,0.601,0.456,0.596,0.87
strategic_thinker,78.3,0.169,0,0,0,5.6,stable,0,1,8.6,7,0,deliberate,0.755,0.688,0.527,0.774,0.894
strategic_thinker,71.4,0.178,0,1,1,4.6,stable,2,1,7.9,7,0,deliberate,0.901,0.903,0.555,0.835,0.834
strategic_thinker,71.8,0.269,0,0,0,8.3,stable,3,0,8.6,7,0,deliberate,0.943,0.92,0.776,0.885,0.743
strategic_thinker,63.8,0.196,0,1,1,5.8,stable,0,2,9.0,7,0,deliberate,0.949,0.858,0.759,0.773,0.865
strategic_thinker,79.6,0.231,0,1,0,8.1,stable,4,1,8.6,7,0,deliberate,0.817,0.943,0.756,0.842,0.81
strategic_thinker,77.2,0.139,0,0,0,4.6,stable,0,5,10.0,7,0,deliberate,0.753,0.862,0.75,0.742,0.791
strategic_thinker,64.2,0.178,0,1,0,9.5,stable,5,3,9.4,7,0,deliberate,0.759,0.907,0.88,0.772,0.987
strategic_thinker,66.9,0.199,0,0,0,5.9,stable,3,0,8.8,7,0,deliberate,0.897,0.955,0.826,0.859,0.855
strategic_thinker,63.2,0.128,0,0,0,6.7,stable,2,1,8.7,7,0,deliberate,0.842,0.8,0.941,0.778,0.971
strategic_thinker,67.5,0.208,0,0,0,5.5,stable,3,2,9.0,7,0,deliberate,0.664,0.819,0.776,0.727,0.845
strategic_thinker,78.9,0.219,0,0,1,7.9,stable,3,1,8.9,7,0,deliberate,0.941,0.962,0.909,0.907,0.99
strategic_thinker,86.7,0.23,0,0,1,5.6,stable,3,1,8.8,7,0,deliberate,0.748,0.835,0.721,0.778,0.944
strategic_thinker,65.2,0.233,0,0,0,8.4,stable,1,2,9.8,7,0,deliberate,0.888,0.523,0.936,0.656,0.868
strategic_thinker,85.8,0.215,0,0,0,6.2,stable,6,1,8.7,7,0,deliberate,0.39,0.893,0.933,0.576,0.815
strategic_thinker,57.1,0.217,0,1,0,5.4,stable,2,1,8.5,7,0,deliberate,0.772,0.958,0.908,0.721,0.87
strategic_thinker,47.0,0.147,0,0,0,6.1,stable,3,1,8.6,7,0,deliberate,0.948,0.799,0.844,0.763,0.908
strategic_thinker,74.6,0.168,0,0,0,6.0,stable,1,0,8.1,7,0,deliberate,0.761,0.964,0.787,0.811,0.781
strategic_thinker,65.2,0.104,0,1,0,7.6,stable,5,1,8.5,7,0,deliberate,0.914,0.618,0.938,0.795,0.893
strategic_thinker,49.7,0.167,0,1,1,5.5,stable,2,1,9.3,7,0,deliberate,0.626,0.734,0.874,0.555,0.526
strategic_thinker,64.2,0.249,0,0,1,6.2,stable,4,2,8.2,7,0,deliberate,0.786,0.79,0.894,0.8,0.96
strategic_thinker,80.2,0.156,0,0,1,7.5,stable,1,1,9.0,7,0,deliberate,0.989,0.9,0.655,0.918,0.936
strategic_thinker,67.0,0.126,0,1,1,4.9,stable,3,0,8.6,7,0,deliberate,0.759,0.953,0.937,0.828,0.909
strategic_thinker,60.2,0.222,0,1,0,5.5,stable,0,2,9.6,7,0,deliberate,0.828,0.918,0.953,0.795,0.733
strategic_thinker,68.9,0.194,0,0,1,6.4,stable,3,0,8.2,7,0,deliberate,0.83,0.643,0.981,0.741,0.974
strategic_thinker,63.9,0.167,0,0,1,7.3,stable,6,2,9.3,7,0,deliberate,0.946,0.901,0.91,0.785,0.961
strategic_thinker,64.3,0.176,0,0,0,6.0,stable,1,1,8.9,7,0,deliberate,0.754,0.913,0.847,0.762,0.867
strategic_thinker,66.3,0.151,0,0,0,4.7,stable,1,2,9.3,7,0,deliberate,0.885,0.829,0.912,0.742,0.748
strategic_thinker,80.0,0.152,0,0,0,3.8,stable,2,1,9.2,7,0,deliberate,0.932,0.804,0.682,0.791,0.876
strategic_thinker,67.1,0.229,0,0,0,6.3,stable,3,1,9.3,7,0,deliberate,0.804,0.923,0.885,0.771,0.99
strategic_thinker,66.8,0.162,0,0,1,5.3,stable,1,3,8.7,7,0,deliberate,0.937,0.834,0.671,0.87,0.872
strategic_thinker,65.0,0.139,0,1,0,6.1,stable,1,5,8.8,7,0,deliberate,0.807,0.921,0.938,0.889,0.903
strategic_thinker,57.5,0.142,0,0,0,5.1,stable,1,5,9.7,7,0,deliberate,0.795,0.793,0.621,0.733,0.666
strategic_thinker,62.3,0.212,0,1,0,6.6,stable,5,2,8.3,7,0,deliberate,0.876,0.748,0.819,0.717,0.868
strategic_thinker,72.5,0.184,0,0,0,6.1,stable,0,2,9.0,7,0,deliberate,0.726,0.985,0.82,0.758,0.931
strategic_thinker,63.6,0.243,0,1,0,7.2,stable,2,1,9.5,7,0,deliberate,0.992,0.932,0.864,0.852,0.923
strategic_thinker,73.6,0.215,0,1,0,7.6,stable,2,0,10.0,7,0,deliberate,0.511,0.97,0.4,0.628,0.927
strategic_thinker,70.8,0.264,0,0,0,6.4,stable,5,0,9.1,7,0,deliberate,0.892,0.674,0.715,0.674,0.947
strategic_thinker,64.7,0.168,0,0,0,7.6,stable,2,0,9.3,7,0,deliberate,0.948,0.778,0.628,0.768,0.824
strategic_thinker,58.2,0.22,0,1,0,4.2,stable,3,1,8.3,7,0,deliberate,0.765,0.963,0.933,0.813,0.748
strategic_thinker,64.3,0.204,0,1,1,5.8,stable,1,1,9.3,7,0,deliberate,0.808,0.926,0.931,0.872,0.976
strategic_thinker,66.3,0.181,0,0,1,7.6,stable,4,3,9.0,7,0,deliberate,0.526,0.857,0.88,0.725,0.966
strategic_thinker,82.5,0.072,0,0,0,6.1,stable,1,2,9.8,7,0,deliberate,0.962,0.991,0.868,0.895,0.913
strategic_thinker,57.1,0.099,0,0,0,6.1,stable,3,3,10.0,7,0,deliberate,0.81,0.911,0.787,0.716,0.871
strategic_thinker,57.0,0.284,0,0,0,8.7,stable,3,1,9.4,7,0,deliberate,0.94,0.974,0.903,0.873,0.798
strategic_thinker,66.1,0.114,0,0,0,6.4,stable,4,3,9.1,7,0,deliberate,0.681,0.853,0.829,0.732,0.925
strategic_thinker,79.9,0.21,0,0,0,6.5,stable,0,0,8.2,7,0,deliberate,0.872,0.706,0.718,0.747,0.961
strategic_thinker,64.6,0.172,0,1,0,7.1,stable,1,2,8.7,7,0,deliberate,0.948,0.787,0.906,0.743,0.806
strategic_thinker,56.5,0.253,0,0,0,5.5,stable,2,4,8.6,7,0,deliberate,0.582,0.944,0.731,0.72,0.674
strategic_thinker,79.6,0.175,0,0,0,7.2,stable,1,2,9.4,7,0,deliberate,0.716,0.913,0.841,0.674,0.801
strategic_thinker,62.0,0.183,0,1,0,4.6,stable,0,1,9.4,7,0,deliberate,0.825,0.986,0.502,0.921,0.936
strategic_thinker,62.2,0.168,0,0,0,7.0,stable,1,1,9.3,7,0,deliberate,0.854,0.917,0.817,0.788,0.894
strategic_thinker,74.6,0.292,0,1,0,7.2,stable,2,1,9.0,7,0,deliberate,0.924,0.895,0.478,0.813,0.666
strategic_thinker,77.1,0.181,0,1,0,6.1,stable,3,2,8.8,7,0,deliberate,0.668,0.646,0.955,0.611,0.75
strategic_thinker,84.9,0.149,0,0,0,8.6,stable,1,1,7.8,7,0,deliberate,0.798,0.959,0.945,0.765,0.961
strategic_thinker,65.2,0.143,0,0,0,5.3,stable,3,0,9.8,7,0,deliberate,0.813,0.932,0.514,0.832,0.71
strategic_thinker,76.6,0.135,0,0,0,5.6,stable,2,1,8.5,7,0,deliberate,0.857,0.741,0.869,0.785,0.682
strategic_thinker,66.4,0.155,0,1,0,4.9,stable,5,2,8.7,7,0,deliberate,0.882,0.91,0.719,0.801,0.973
strategic_thinker,76.8,0.099,0,0,0,4.5,stable,1,0,8.6,7,0,deliberate,0.94,0.778,0.982,0.74,0.929
strategic_thinker,85.4,0.192,0,1,0,6.6,stable,2,1,8.9,7,0,deliberate,0.925,0.932,0.77,0.838,0.685
strategic_thinker,74.2,0.183,0,0,0,5.8,stable,2,0,9.5,7,0,deliberate,0.96,0.83,0.892,0.842,0.727
strategic_thinker,61.8,0.2,0,0,0,5.7,stable,4,1,8.8,7,0,deliberate,0.882,0.675,0.882,0.653,0.788
strategic_thinker,75.6,0.275,0,1,0,8.1,stable,0,2,8.0,7,0,deliberate,0.905,0.864,0.982,0.744,0.936
strategic_thinker,60.7,0.189,0,0,1,5.7,stable,2,0,9.4,7,0,deliberate,0.942,0.903,0.725,0.948,0.928
strategic_thinker,57.6,0.188,0,0,0,7.1,stable,3,1,8.7,7,0,deliberate,0.912,0.939,0.964,0.892,0.837
strategic_thinker,65.9,0.096,0,0,0,7.2,stable,3,1,7.5,7,0,deliberate,0.91,0.86,0.937,0.788,0.95
strategic_thinker,54.9,0.163,0,0,0,8.4,stable,2,0,9.4,7,0,deliberate,0.871,0.919,0.951,0.801,0.739
strategic_thinker,81.5,0.276,0,1,0,6.7,stable,3,0,9.0,7,0,deliberate,0.849,0.798,0.614,0.732,0.954
strategic_thinker,87.6,0.196,0,0,1,3.2,stable,3,0,9.2,7,0,deliberate,0.553,0.71,0.896,0.476,0.848
strategic_thinker,69.4,0.144,0,0,0,7.5,stable,4,1,9.1,7,0,deliberate,0.62,0.855,0.783,0.595,0.83
strategic_thinker,64.1,0.207,0,0,0,7.0,stable,1,2,9.1,7,0,deliberate,0.666,0.87,0.851,0.756,0.674
strategic_thinker,71.0,0.158,0,1,1,4.1,stable,2,2,8.7,7,0,deliberate,0.885,0.729,0.846,0.752,0.986
strategic_thinker,62.6,0.197,0,0,0,7.7,stable,2,1,9.7,7,0,deliberate,0.814,0.892,0.725,0.753,0.808
strategic_thinker,67.7,0.115,0,0,0,7.6,stable,2,0,8.2,7,0,deliberate,0.889,0.955,0.576,0.899,0.881
strategic_thinker,56.9,0.093,0,0,0,5.2,stable,1,1,9.3,7,0,deliberate,0.514,0.702,0.647,0.558,0.797
strategic_thinker,83.6,0.219,0,0,0,4.6,stable,1,1,9.7,7,0,deliberate,0.719,0.893,0.899,0.755,0.867
strategic_thinker,80.6,0.243,0,0,0,6.2,stable,2,4,9.4,7,0,deliberate,0.778,0.934,0.765,0.796,0.954
strategic_thinker,62.1,0.242,0,0,0,4.9,stable,3,1,9.2,7,0,deliberate,0.73,0.81,0.908,0.766,0.923
strategic_thinker,73.0,0.168,0,0,0,4.2,stable,3,0,9.8,7,0,deliberate,0.794,0.959,0.818,0.739,0.909
strategic_thinker,57.9,0.142,0,0,0,6.5,stable,4,0,9.2,7,0,deliberate,0.785,0.862,0.898,0.828,0.657
strategic_thinker,64.5,0.214,0,0,0,5.0,stable,4,2,8.2,7,0,deliberate,0.661,0.971,0.775,0.731,0.866
strategic_thinker,65.6,0.251,0,0,1,6.9,stable,3,0,8.9,7,0,deliberate,0.977,0.615,0.577,0.753,0.857
strategic_thinker,71.6,0.192,0,0,0,5.6,stable,0,1,9.2,7,0,deliberate,0.619,0.879,0.868,0.721,0.877
strategic_thinker,60.4,0.146,0,0,1,5.8,stable,2,3,8.2,7,0,deliberate,0.764,0.689,0.855,0.718,0.899
strategic_thinker,63.3,0.145,0,0,0,4.9,stable,1,1,8.2,7,0,deliberate,0.891,0.97,0.916,0.819,0.62
strategic_thinker,67.2,0.195,0,0,0,8.5,stable,1,1,9.1,7,0,deliberate,0.779,0.703,0.618,0.736,0.853
strategic_thinker,65.6,0.147,0,0,0,7.9,stable,0,1,8.5,7,0,deliberate,0.925,0.858,0.834,0.864,0.914
strategic_thinker,66.7,0.286,0,1,0,5.4,stable,1,0,8.4,7,0,deliberate,0.805,0.832,0.991,0.801,0.782
strategic_thinker,64.6,0.147,0,0,0,7.6,stable,2,0,9.9,7,0,deliberate,0.691,0.859,0.856,0.708,0.947
strategic_thinker,77.5,0.152,0,0,0,6.5,stable,2,1,8.1,7,0,deliberate,0.686,0.864,0.715,0.716,0.745
strategic_thinker,63.1,0.173,0,0,0,4.9,stable,2,1,9.6,7,0,deliberate,0.777,0.943,0.841,0.805,0.757
strategic_thinker,64.8,0.11,0,0,1,7.5,stable,1,0,9.1,7,0,deliberate,0.88,0.895,0.638,0.768,0.845
strategic_thinker,76.9,0.226,0,1,0,4.1,stable,1,2,9.1,7,0,deliberate,0.871,0.775,0.946,0.777,0.81
strategic_thinker,67.5,0.068,0,1,0,4.1,stable,3,2,9.9,7,0,deliberate,0.752,0.939,0.907,0.848,0.714
strategic_thinker,60.2,0.083,0,0,1,7.0,stable,3,1,8.1,7,0,deliberate,0.71,0.794,0.798,0.588,0.973
strategic_thinker,77.4,0.086,0,0,0,7.0,stable,2,1,7.9,7,0,deliberate,0.741,0.829,0.752,0.59,0.842
strategic_thinker,75.5,0.188,0,1,1,6.5,stable,1,3,8.7,7,0,deliberate,0.491,0.806,0.822,0.594,0.638
strategic_thinker,66.9,0.162,0,0,0,4.8,stable,2,3,8.8,7,0,deliberate,0.884,0.755,0.747,0.683,0.924
strategic_thinker,76.8,0.154,0,0,1,8.6,stable,0,1,8.6,7,0,deliberate,0.841,0.856,0.858,0.802,0.838
strategic_thinker,79.3,0.236,0,0,0,5.8,stable,3,2,8.5,7,0,deliberate,0.917,0.788,0.895,0.809,0.642
strategic_thinker,80.1,0.163,0,1,0,6.0,stable,2,0,7.9,7,0,deliberate,0.985,0.909,0.788,0.862,0.911
strategic_thinker,59.8,0.192,0,0,0,5.0,stable,2,1,8.4,7,0,deliberate,0.833,0.807,0.837,0.8,0.88
strategic_thinker,82.8,0.154,0,1,0,7.2,stable,2,2,9.5,7,0,deliberate,0.918,0.746,0.963,0.705,0.645
strategic_thinker,68.3,0.165,0,0,0,5.0,stable,5,6,8.9,7,0,deliberate,0.721,0.85,0.8,0.708,0.852
strategic_thinker,54.6,0.107,0,0,0,7.6,stable,0,2,7.7,7,0,deliberate,0.907,0.593,0.959,0.657,0.974
strategic_thinker,68.3,0.188,0,0,0,7.7,stable,3,0,7.6,7,0,deliberate,0.875,0.958,0.921,0.837,0.901
strategic_thinker,68.3,0.156,0,1,0,8.3,stable,3,0,8.9,7,0,deliberate,0.948,0.921,0.777,0.855,0.858
strategic_thinker,77.8,0.195,0,1,0,7.1,stable,3,5,8.6,7,0,deliberate,0.978,0.91,0.599,0.834,0.853
strategic_thinker,78.8,0.165,0,1,0,8.7,stable,3,0,9.1,7,0,deliberate,0.756,0.84,0.778,0.689,0.789
strategic_thinker,51.3,0.147,0,1,0,7.0,stable,7,2,8.5,7,0,deliberate,0.765,0.954,0.956,0.651,0.641
strategic_thinker,70.0,0.121,0,0,0,7.8,stable,1,0,8.3,7,0,deliberate,0.918,0.831,0.915,0.8,0.678
strategic_thinker,65.0,0.155,0,0,0,7.6,stable,4,4,7.5,7,0,deliberate,0.92,0.901,0.857,0.836,0.917
strategic_thinker,68.2,0.164,0,0,1,6.5,stable,4,0,8.0,7,0,deliberate,0.917,0.909,0.69,0.833,0.833
strategic_thinker,73.4,0.141,0,0,0,5.8,stable,7,2,9.0,7,0,deliberate,0.62,0.916,0.761,0.65,0.947
strategic_thinker,78.4,0.233,0,0,0,5.7,stable,2,2,8.3,7,0,deliberate,0.734,0.841,0.963,0.784,0.829
strategic_thinker,68.0,0.17,0,1,0,4.5,stable,6,0,9.5,7,0,deliberate,0.788,0.79,0.864,0.721,0.717
strategic_thinker,72.4,0.214,0,1,0,6.4,stable,2,1,9.4,7,0,deliberate,0.895,0.818,0.829,0.852,0.728
strategic_thinker,67.9,0.204,0,0,0,6.1,stable,2,0,8.0,7,0,deliberate,0.863,0.766,0.622,0.78,0.693
strategic_thinker,78.9,0.119,0,0,0,4.3,stable,3,3,9.7,7,0,deliberate,0.707,0.909,0.789,0.801,0.901
strategic_thinker,55.6,0.208,0,0,0,7.6,stable,2,1,9.3,7,0,deliberate,0.912,0.808,0.916,0.839,0.872
strategic_thinker,60.7,0.165,0,0,0,7.0,stable,3,3,9.4,7,0,deliberate,0.887,0.879,0.587,0.877,0.992
strategic_thinker,64.1,0.19,0,0,0,7.1,stable,2,1,8.7,7,0,deliberate,0.914,0.743,0.841,0.815,0.948
strategic_thinker,77.0,0.1,0,0,1,6.7,stable,2,0,7.9,7,0,deliberate,0.664,0.995,0.776,0.772,0.92
strategic_thinker,72.8,0.211,0,0,0,5.9,stable,1,0,8.0,7,0,deliberate,0.905,0.792,0.905,0.799,0.956
strategic_thinker,58.5,0.142,0,1,0,7.4,stable,4,1,7.9,7,0,deliberate,0.859,0.943,0.764,0.873,0.811
strategic_thinker,75.6,0.189,0,0,0,6.5,stable,3,3,8.9,7,0,deliberate,0.502,0.752,0.715,0.627,0.937
strategic_thinker,74.3,0.2,0,0,0,7.0,stable,1,1,7.3,7,0,deliberate,0.804,0.844,0.839,0.839,0.966
strategic_thinker,75.5,0.161,0,1,1,6.2,stable,1,0,9.6,7,0,deliberate,0.934,0.713,0.897,0.759,0.891
strategic_thinker,67.8,0.177,0,1,0,4.4,stable,1,0,8.4,7,0,deliberate,0.601,0.913,0.912,0.708,0.732
strategic_thinker,49.9,0.166,0,0,0,5.5,stable,2,1,9.1,7,0,deliberate,0.792,0.955,0.9,0.83,0.856
strategic_thinker,48.1,0.203,0,0,1,7.4,stable,4,0,9.0,7,0,deliberate,0.645,0.983,0.918,0.755,0.823
strategic_thinker,79.3,0.197,0,0,0,6.7,stable,3,0,8.7,7,0,deliberate,0.88,0.985,0.98,0.842,0.968
strategic_thinker,60.7,0.243,0,0,0,6.7,stable,1,2,7.3,7,0,deliberate,0.89,0.877,0.868,0.796,0.904
strategic_thinker,69.5,0.145,0,0,0,4.3,stable,2,1,9.9,7,0,deliberate,0.874,0.897,0.756,0.686,0.982
strategic_thinker,56.2,0.202,0,0,1,7.9,stable,3,2,9.8,7,0,deliberate,0.803,0.813,0.927,0.767,0.977
strategic_thinker,59.0,0.23,0,1,0,7.1,stable,3,1,8.4,7,0,deliberate,0.93,0.608,0.793,0.775,0.924
strategic_thinker,79.1,0.236,0,0,0,7.2,stable,2,3,8.4,7,0,deliberate,0.797,0.893,0.571,0.775,0.678
strategic_thinker,74.2,0.141,0,0,0,5.4,stable,5,2,8.3,7,0,deliberate,0.939,0.743,0.739,0.748,0.968
strategic_thinker,70.8,0.039,0,1,0,8.6,stable,2,1,8.8,7,0,deliberate,0.942,0.849,0.85,0.708,0.975
strategic_thinker,71.2,0.248,0,1,1,4.8,stable,0,1,8.4,7,0,deliberate,0.588,0.768,0.89,0.655,0.973
strategic_thinker,54.4,0.241,0,1,1,7.1,stable,1,1,9.5,7,0,deliberate,0.754,0.891,0.738,0.823,0.913
strategic_thinker,83.5,0.32,0,0,0,5.4,stable,0,0,9.4,7,0,deliberate,0.69,0.724,0.772,0.651,0.824
strategic_thinker,74.6,0.18,0,1,0,6.7,stable,3,2,8.7,7,0,deliberate,0.972,0.863,0.379,0.836,0.928
strategic_thinker,75.7,0.118,0,1,0,7.4,stable,3,1,10.0,7,0,deliberate,0.893,0.8,0.625,0.788,0.885
strategic_thinker,61.6,0.083,0,1,0,5.5,stable,2,0,9.6,7,0,deliberate,0.935,0.951,0.939,0.792,0.887
strategic_thinker,61.3,0.226,0,0,1,6.6,stable,3,0,8.8,7,0,deliberate,0.862,0.902,0.912,0.839,0.843
strategic_thinker,68.9,0.204,0,0,0,5.8,stable,0,3,8.9,7,0,deliberate,0.745,0.7,0.818,0.657,0.967
strategic_thinker,66.8,0.052,0,0,0,7.5,stable,1,2,9.4,7,0,deliberate,0.92,0.973,0.784,0.819,0.693
strategic_thinker,75.9,0.127,0,0,1,3.9,stable,2,2,8.6,7,0,deliberate,0.711,0.711,0.823,0.656,0.955
strategic_thinker,50.6,0.228,0,0,0,4.8,stable,3,1,8.3,7,0,deliberate,0.759,0.777,0.725,0.78,0.951
strategic_thinker,76.3,0.245,0,0,0,6.0,stable,2,1,8.9,7,0,deliberate,0.944,0.89,0.813,0.878,0.883
strategic_thinker,59.9,0.172,0,0,0,6.1,stable,2,2,8.9,7,0,deliberate,0.965,0.784,0.616,0.725,0.809
strategic_thinker,67.5,0.188,0,1,0,8.5,stable,2,0,9.0,7,0,deliberate,0.864,0.988,0.843,0.795,0.611
strategic_thinker,79.1,0.164,0,0,0,7.2,stable,3,1,10.0,7,0,deliberate,0.935,0.833,0.828,0.773,0.861
strategic_thinker,65.9,0.151,0,0,0,6.6,stable,4,3,8.9,7,0,deliberate,0.956,0.839,0.714,0.867,0.824
strategic_thinker,63.7,0.247,0,0,0,7.2,stable,1,1,9.1,7,0,deliberate,0.893,0.843,0.7,0.834,0.788
strategic_thinker,67.1,0.189,0,0,1,6.0,stable,2,1,9.5,7,0,deliberate,0.647,0.669,0.831,0.62,0.752
strategic_thinker,69.8,0.191,0,0,1,4.4,stable,1,3,8.0,7,0,deliberate,0.778,0.905,0.881,0.7,0.909
strategic_thinker,65.4,0.187,0,0,0,6.1,stable,3,0,9.0,7,0,deliberate,0.582,0.955,0.723,0.755,0.703
strategic_thinker,90.8,0.174,0,0,0,6.1,stable,4,2,8.9,7,0,deliberate,0.81,0.935,0.768,0.737,0.917
strategic_thinker,55.7,0.206,0,0,1,6.1,stable,3,2,8.3,7,0,deliberate,0.967,0.917,0.852,0.824,0.822
strategic_thinker,69.9,0.164,0,0,0,3.8,stable,5,1,8.9,7,0,deliberate,0.957,0.928,0.934,0.865,0.87
strategic_thinker,64.5,0.137,0,1,0,5.6,stable,2,0,9.0,7,0,deliberate,0.896,0.832,0.64,0.81,0.812
strategic_thinker,61.3,0.154,0,0,0,6.8,stable,3,3,9.2,7,0,deliberate,0.952,0.878,0.78,0.837,0.816
strategic_thinker,72.2,0.272,0,0,1,5.9,stable,3,1,8.7,7,0,deliberate,0.763,0.899,0.99,0.764,0.928
strategic_thinker,77.2,0.183,0,0,0,5.7,stable,1,2,10.0,7,0,deliberate,0.985,0.902,0.974,0.845,0.975
strategic_thinker,52.4,0.146,0,1,0,5.2,stable,1,1,8.6,7,0,deliberate,0.942,0.83,0.989,0.826,0.88
strategic_thinker,66.7,0.18,0,1,0,6.1,stable,0,4,8.4,7,0,deliberate,0.637,0.808,0.855,0.757,0.834
strategic_thinker,63.2,0.216,0,0,0,6.2,stable,0,3,9.6,7,0,deliberate,0.877,0.874,0.758,0.775,0.651
strategic_thinker,86.3,0.158,0,0,0,6.6,stable,2,1,9.2,7,0,deliberate,0.923,0.933,0.9,0.84,0.862
strategic_thinker,86.3,0.146,0,0,0,5.2,stable,1,2,8.8,7,0,deliberate,0.789,0.915,0.927,0.763,0.892
strategic_thinker,51.6,0.284,0,0,0,5.6,stable,3,0,10.0,7,0,deliberate,0.757,0.996,0.935,0.792,0.526
strategic_thinker,52.9,0.117,0,0,1,6.4,stable,1,0,7.6,7,0,deliberate,0.71,0.857,0.822,0.693,0.609
strategic_thinker,72.0,0.185,0,1,0,5.9,stable,2,0,9.3,7,0,deliberate,0.722,0.984,0.979,0.835,0.9
strategic_thinker,75.2,0.209,0,0,0,7.1,stable,2,1,8.4,7,0,deliberate,0.832,0.885,0.779,0.822,0.947
strategic_thinker,64.3,0.168,0,1,0,5.8,stable,2,0,9.0,7,0,deliberate,0.736,0.87,0.834,0.761,0.87
strategic_thinker,55.2,0.224,0,0,0,5.3,stable,0,1,9.0,7,0,deliberate,0.748,0.823,0.707,0.69,0.57
strategic_thinker,75.4,0.2,0,0,0,8.2,stable,3,2,8.2,7,0,deliberate,0.794,0.866,0.961,0.755,0.556
strategic_thinker,71.8,0.232,0,0,0,5.3,stable,1,0,8.7,7,0,deliberate,0.662,0.774,0.719,0.64,0.671
strategic_thinker,67.4,0.264,0,0,0,4.1,stable,2,3,9.3,7,0,deliberate,0.923,0.708,0.64,0.728,0.944
strategic_thinker,70.3,0.099,0,1,0,8.2,stable,5,3,9.2,7,0,deliberate,0.832,0.962,0.343,0.861,0.968
strategic_thinker,74.2,0.231,0,0,0,7.4,stable,3,2,8.3,7,0,deliberate,0.945,0.671,0.686,0.676,0.938
strategic_thinker,75.8,0.128,0,0,0,6.1,stable,1,0,8.3,7,0,deliberate,0.732,0.926,0.614,0.74,0.841
strategic_thinker,86.2,0.173,0,1,0,4.5,stable,1,1,8.7,7,0,deliberate,0.69,0.858,0.716,0.794,0.625
strategic_thinker,70.1,0.235,0,0,0,6.3,stable,3,1,8.9,7,0,deliberate,0.681,0.774,0.74,0.693,0.653
strategic_thinker,66.1,0.048,0,1,0,5.9,stable,1,2,8.0,7,0,deliberate,0.933,0.835,0.857,0.863,0.858
strategic_thinker,76.7,0.037,0,0,0,4.9,stable,2,3,10.0,7,0,deliberate,0.962,0.959,0.88,0.907,0.958
strategic_thinker,50.3,0.074,0,1,1,6.8,stable,3,1,8.3,7,0,deliberate,0.862,0.877,0.725,0.781,0.926
strategic_thinker,59.4,0.161,0,1,0,7.6,stable,4,1,8.9,7,0,deliberate,0.945,0.938,0.72,0.892,0.923
strategic_thinker,63.6,0.155,0,1,1,6.0,stable,1,3,8.5,7,0,deliberate,0.851,0.981,0.92,0.919,0.916
strategic_thinker,68.1,0.208,0,1,0,6.8,stable,3,1,8.1,7,0,deliberate,0.949,0.597,0.698,0.752,0.863
strategic_thinker,60.7,0.229,0,1,0,7.6,stable,0,2,9.1,7,0,deliberate,0.904,0.953,0.839,0.855,0.939
strategic_thinker,58.0,0.155,0,0,1,6.1,stable,1,2,9.1,7,0,deliberate,0.637,0.977,0.88,0.749,0.936
strategic_thinker,55.8,0.155,0,0,0,4.8,stable,1,1,9.4,7,0,deliberate,0.861,0.66,0.628,0.71,0.916
strategic_thinker,72.4,0.206,0,0,0,4.7,stable,1,0,8.7,7,0,deliberate,0.782,0.832,0.88,0.774,0.869
strategic_thinker,59.5,0.201,0,0,0,4.5,stable,1,0,9.4,7,0,deliberate,0.878,0.897,0.863,0.707,0.619
strategic_thinker,46.5,0.154,0,0,0,6.2,stable,2,1,8.4,7,0,deliberate,0.868,0.656,0.256,0.679,0.964
strategic_thinker,54.0,0.272,0,0,0,6.4,stable,2,0,8.9,7,0,deliberate,0.727,0.987,0.931,0.821,0.968
strategic_thinker,65.9,0.202,0,1,1,6.6,stable,0,1,8.4,7,0,deliberate,0.94,0.864,0.785,0.858,0.942
strategic_thinker,64.3,0.148,0,1,0,5.2,stable,3,0,8.3,7,0,deliberate,0.916,0.915,0.755,0.831,0.847
strategic_thinker,70.7,0.217,0,0,0,6.1,stable,5,2,8.5,7,0,deliberate,0.881,0.926,0.859,0.946,0.992
strategic_thinker,83.2,0.193,0,0,1,4.9,stable,1,0,9.6,7,0,deliberate,0.77,0.92,0.964,0.782,0.963
strategic_thinker,52.8,0.22,0,1,0,6.0,stable,2,2,8.2,7,0,deliberate,0.867,0.794,0.892,0.858,0.951
strategic_thinker,71.2,0.133,0,0,0,6.8,stable,0,0,8.3,7,0,deliberate,0.694,0.945,0.922,0.778,0.9
strategic_thinker,62.1,0.268,0,0,0,5.6,stable,1,1,8.6,7,0,deliberate,0.918,0.968,0.724,0.81,0.492
strategic_thinker,70.4,0.147,0,1,0,5.9,stable,1,0,9.3,7,0,deliberate,0.841,0.903,0.859,0.801,0.809
strategic_thinker,59.4,0.16,0,0,1,5.5,stable,0,0,8.8,7,0,deliberate,0.831,0.916,0.957,0.772,0.775
strategic_thinker,64.6,0.155,0,1,0,5.2,stable,3,3,9.1,7,0,deliberate,0.781,0.886,0.642,0.795,0.77
strategic_thinker,58.2,0.171,0,0,0,4.9,stable,3,1,8.2,7,0,deliberate,0.853,0.818,0.893,0.779,0.844
strategic_thinker,72.6,0.216,0,0,0,4.1,stable,1,0,8.6,7,0,deliberate,0.887,0.938,0.714,0.858,0.968
strategic_thinker,51.9,0.145,0,1,0,7.2,stable,1,0,9.6,7,0,deliberate,0.763,0.899,0.857,0.813,0.89
strategic_thinker,67.0,0.237,0,0,0,6.4,stable,5,1,8.8,7,0,deliberate,0.913,0.971,0.68,0.83,0.826
strategic_thinker,76.6,0.234,0,0,0,7.4,stable,3,0,8.6,7,0,deliberate,0.851,0.935,0.796,0.787,0.869
strategic_thinker,53.4,0.138,0,1,0,6.9,stable,1,2,8.3,7,0,deliberate,0.949,0.943,0.956,0.89,0.961
strategic_thinker,69.9,0.241,0,0,0,4.4,stable,3,4,8.5,7,0,deliberate,0.848,0.661,0.849,0.739,0.932
strategic_thinker,80.6,0.221,0,0,0,4.3,stable,2,0,9.6,7,0,deliberate,0.886,0.939,0.856,0.819,0.791
strategic_thinker,67.0,0.181,0,1,0,7.6,stable,1,2,8.3,7,0,deliberate,0.748,0.909,0.657,0.751,0.616
strategic_thinker,77.2,0.213,0,0,0,6.9,stable,1,1,8.9,7,0,deliberate,0.813,0.967,0.784,0.79,0.827
strategic_thinker,60.5,0.247,0,0,0,7.7,stable,1,1,9.7,7,0,deliberate,0.846,0.952,0.675,0.877,0.894
strategic_thinker,69.7,0.156,0,1,0,8.5,stable,2,1,8.8,7,0,deliberate,0.971,0.944,0.989,0.884,0.775
strategic_thinker,62.9,0.281,0,0,1,7.1,stable,2,0,8.1,7,0,deliberate,0.991,0.867,0.73,0.852,0.724
strategic_thinker,68.6,0.072,0,0,0,6.4,stable,3,1,9.3,7,0,deliberate,0.842,0.774,0.948,0.72,0.81
strategic_thinker,65.6,0.19,0,0,0,3.7,stable,2,1,9.0,7,0,deliberate,0.737,0.76,0.911,0.639,0.903
strategic_thinker,67.3,0.123,0,0,1,6.5,stable,5,0,9.0,7,0,deliberate,0.856,0.826,0.499,0.727,0.958
strategic_thinker,59.7,0.255,0,0,1,5.6,stable,1,2,9.9,7,0,deliberate,0.929,0.724,0.81,0.779,0.502
strategic_thinker,54.9,0.233,0,0,0,6.0,stable,1,1,8.1,7,0,deliberate,0.864,0.622,0.936,0.759,0.683
strategic_thinker,52.8,0.209,0,0,0,7.0,stable,0,1,9.5,7,0,deliberate,0.983,0.795,0.554,0.81,0.989
strategic_thinker,53.5,0.169,0,0,0,7.3,stable,1,0,9.9,7,0,deliberate,0.698,0.775,0.89,0.674,0.856
strategic_thinker,69.5,0.209,0,0,0,6.6,stable,1,1,8.7,7,0,deliberate,0.975,0.947,0.771,0.93,0.756
strategic_thinker,87.3,0.096,0,0,0,5.9,stable,2,1,8.6,7,0,deliberate,0.896,0.627,0.643,0.689,0.959
strategic_thinker,64.1,0.184,0,0,0,4.9,stable,2,2,9.1,7,0,deliberate,0.754,0.965,0.769,0.85,0.938
strategic_thinker,78.9,0.167,0,0,0,5.4,stable,4,2,10.0,7,0,deliberate,0.82,0.901,0.896,0.805,0.723
strategic_thinker,64.9,0.137,0,1,0,5.5,stable,0,0,8.9,7,0,deliberate,0.868,0.8,0.761,0.785,0.712
strategic_thinker,49.4,0.231,0,1,1,7.5,stable,2,0,8.7,7,0,deliberate,0.833,0.81,0.703,0.786,0.975
strategic_thinker,81.9,0.162,0,0,0,4.9,stable,3,5,8.1,7,0,deliberate,0.854,0.806,0.744,0.685,0.808
strategic_thinker,66.5,0.278,0,1,0,7.0,stable,2,2,8.3,7,0,deliberate,0.814,0.858,0.802,0.78,0.847
strategic_thinker,68.1,0.158,0,1,0,5.5,stable,3,0,9.0,7,0,deliberate,0.987,0.669,0.935,0.855,0.864
strategic_thinker,73.0,0.2,0,0,1,7.8,stable,2,0,8.8,7,0,deliberate,0.852,0.78,0.936,0.803,0.854
strategic_thinker,71.8,0.241,0,0,0,5.8,stable,1,4,8.7,7,0,deliberate,0.939,0.767,0.789,0.732,0.789
strategic_thinker,65.1,0.175,0,0,1,4.9,stable,2,3,9.2,7,0,deliberate,0.849,0.997,0.933,0.846,0.686
strategic_thinker,62.5,0.103,0,1,0,7.8,stable,2,0,8.3,7,0,deliberate,0.462,0.9,0.551,0.65,0.83
strategic_thinker,54.8,0.25,0,1,0,6.0,stable,4,0,9.6,7,0,deliberate,0.877,0.872,0.975,0.821,0.927
strategic_thinker,65.0,0.2,0,1,1,8.2,stable,1,1,8.8,7,0,deliberate,0.709,0.718,0.824,0.71,0.621
strategic_thinker,63.0,0.265,0,0,0,4.3,stable,4,2,9.3,7,0,deliberate,0.936,0.762,0.781,0.776,0.832
strategic_thinker,74.4,0.185,0,0,0,6.8,stable,0,4,7.8,7,0,deliberate,0.95,0.979,0.814,0.931,0.998
strategic_thinker,56.6,0.199,0,0,0,6.8,stable,2,2,8.7,7,0,deliberate,0.874,0.973,0.949,0.882,0.795
strategic_thinker,74.9,0.25,0,0,0,5.0,stable,1,0,8.4,7,0,deliberate,0.803,0.769,0.969,0.724,0.885
strategic_thinker,65.2,0.195,0,0,0,7.3,stable,1,3,8.6,7,0,deliberate,0.83,0.822,0.865,0.756,0.84
strategic_thinker,63.5,0.227,0,0,0,8.0,stable,2,1,9.4,7,0,deliberate,0.784,0.933,0.594,0.765,0.914
strategic_thinker,73.1,0.163,0,1,0,5.2,stable,1,1,9.3,7,0,deliberate,0.878,0.963,0.808,0.828,0.736
strategic_thinker,75.7,0.164,0,0,0,5.5,stable,2,0,9.0,7,0,deliberate,0.728,0.635,0.634,0.655,0.9
strategic_thinker,72.3,0.201,0,1,0,4.4,stable,4,0,8.9,7,0,deliberate,0.757,0.895,0.908,0.78,0.957
strategic_thinker,55.8,0.287,0,0,0,7.7,stable,0,1,9.2,7,0,deliberate,0.874,0.945,0.887,0.78,0.761
strategic_thinker,65.1,0.213,0,0,0,6.7,stable,3,0,8.7,7,0,deliberate,0.841,0.893,0.925,0.84,0.817
strategic_thinker,82.3,0.144,0,0,1,7.9,stable,2,0,9.0,7,0,deliberate,0.78,0.918,0.858,0.85,0.911
strategic_thinker,64.5,0.268,0,0,0,6.2,stable,3,0,9.2,7,0,deliberate,0.869,0.879,0.738,0.791,0.704
strategic_thinker,73.6,0.192,0,0,0,5.3,stable,2,0,8.7,7,0,deliberate,0.746,0.866,0.536,0.793,0.856
strategic_thinker,63.7,0.17,0,0,0,8.7,stable,4,0,8.2,7,0,deliberate,0.796,0.76,0.79,0.724,0.949
strategic_thinker,82.4,0.185,0,0,0,8.0,stable,0,1,9.3,7,0,deliberate,0.863,0.987,0.742,0.892,0.809
strategic_thinker,70.1,0.192,0,1,0,6.8,stable,3,1,9.4,7,0,deliberate,0.68,0.748,0.755,0.662,0.984
strategic_thinker,67.7,0.122,0,0,0,6.1,stable,1,2,9.3,7,0,deliberate,0.888,0.876,0.539,0.852,0.728
strategic_thinker,64.0,0.172,0,0,0,6.0,stable,0,1,9.0,7,0,deliberate,0.782,0.88,0.82,0.767,0.955
strategic_thinker,72.0,0.186,0,0,0,6.7,stable,1,3,8.9,7,0,deliberate,0.901,0.909,0.646,0.75,0.863
strategic_thinker,71.0,0.212,0,0,0,6.9,stable,2,3,9.1,7,0,deliberate,0.744,0.893,0.803,0.669,0.96
strategic_thinker,67.8,0.141,0,1,0,5.1,stable,1,1,8.8,7,0,deliberate,0.851,0.893,0.782,0.776,0.906
strategic_thinker,61.1,0.073,0,0,0,5.3,stable,7,1,8.6,7,0,deliberate,0.774,0.929,0.935,0.804,0.703
strategic_thinker,77.5,0.182,0,0,0,5.2,stable,2,3,9.2,7,0,deliberate,0.703,0.928,0.802,0.807,0.96
strategic_thinker,71.5,0.139,0,1,0,7.2,stable,1,1,8.6,7,0,deliberate,0.872,0.928,0.95,0.821,0.716
strategic_thinker,62.6,0.156,0,0,0,5.8,stable,1,1,9.3,7,0,deliberate,0.765,0.884,0.579,0.758,0.908
strategic_thinker,72.1,0.192,0,0,1,4.7,stable,1,1,8.9,7,0,deliberate,0.958,0.874,0.876,0.891,0.708
strategic_thinker,75.4,0.286,0,0,0,8.0,stable,3,2,8.8,7,0,deliberate,0.88,0.864,0.833,0.739,0.639
strategic_thinker,60.3,0.114,0,0,0,6.5,stable,0,0,9.1,7,0,deliberate,0.704,0.954,0.773,0.706,0.74
strategic_thinker,74.1,0.256,0,0,0,7.5,stable,2,1,9.7,7,0,deliberate,0.874,0.789,0.925,0.76,0.865
strategic_thinker,67.4,0.141,0,0,0,4.6,stable,0,1,9.4,7,0,deliberate,0.883,0.934,0.899,0.883,0.89
strategic_thinker,67.5,0.145,0,1,1,6.3,stable,4,1,7.7,7,0,deliberate,0.913,0.832,0.906,0.784,0.805
strategic_thinker,65.0,0.229,0,0,0,6.4,stable,1,0,8.3,7,0,deliberate,0.886,0.782,0.91,0.795,0.758
strategic_thinker,55.1,0.154,0,0,1,5.8,stable,2,2,8.6,7,0,deliberate,0.698,0.814,0.817,0.702,0.954
strategic_thinker,56.0,0.185,0,0,0,5.9,stable,3,1,7.9,7,0,deliberate,0.668,0.773,0.876,0.737,0.83
strategic_thinker,63.8,0.151,0,0,0,5.9,stable,0,1,9.0,7,0,deliberate,0.915,0.885,0.763,0.782,0.986
strategic_thinker,69.3,0.175,0,0,0,7.0,stable,2,1,7.7,7,0,deliberate,0.813,0.794,0.777,0.761,0.914
strategic_thinker,59.0,0.181,0,0,0,6.7,stable,1,1,9.6,7,0,deliberate,0.706,0.823,0.716,0.727,0.751
strategic_thinker,70.4,0.184,0,0,0,8.4,stable,2,0,9.2,7,0,deliberate,0.612,0.707,0.973,0.554,0.752
strategic_thinker,63.3,0.355,0,1,0,5.3,stable,1,1,9.6,7,0,deliberate,0.883,0.753,0.842,0.739,0.84
strategic_thinker,70.5,0.249,0,1,0,6.4,stable,3,2,8.6,7,0,deliberate,0.636,0.998,0.751,0.792,0.986
strategic_thinker,65.8,0.138,0,0,0,7.5,stable,4,1,9.4,7,0,deliberate,0.903,0.923,0.856,0.837,0.799
strategic_thinker,66.3,0.113,0,0,0,6.8,stable,5,3,7.7,7,0,deliberate,0.91,0.827,0.594,0.92,0.874
strategic_thinker,66.5,0.143,0,0,0,6.6,stable,1,1,8.8,7,0,deliberate,0.942,0.691,0.85,0.748,0.655
strategic_thinker,64.2,0.149,0,0,0,6.3,stable,3,2,9.9,7,0,deliberate,0.969,0.937,0.76,0.812,0.919
strategic_thinker,66.2,0.221,0,0,0,6.3,stable,2,0,9.9,7,0,deliberate,0.81,0.556,0.795,0.651,0.713
strategic_thinker,65.3,0.22,0,0,0,5.0,stable,5,1,9.1,7,0,deliberate,0.601,0.891,0.865,0.682,0.963
strategic_thinker,74.3,0.167,0,0,1,7.2,stable,1,1,7.7,7,0,deliberate,0.691,0.933,0.856,0.726,0.68
strategic_thinker,70.3,0.113,0,0,0,7.1,stable,4,3,8.3,7,0,deliberate,0.885,0.91,0.935,0.881,0.99
strategic_thinker,67.7,0.265,0,0,0,6.8,stable,2,1,8.0,7,0,deliberate,0.851,0.912,0.918,0.938,0.838
strategic_thinker,66.3,0.183,0,1,1,9.3,stable,3,1,8.5,7,0,deliberate,0.749,0.944,0.836,0.748,0.949
strategic_thinker,67.3,0.187,0,0,0,2.9,stable,1,2,9.0,7,0,deliberate,0.717,0.946,0.726,0.732,0.966
strategic_thinker,78.9,0.147,0,0,1,6.3,stable,1,1,9.2,7,0,deliberate,0.672,0.927,0.898,0.656,0.927
strategic_thinker,72.4,0.116,0,1,0,4.7,stable,3,0,8.5,7,0,deliberate,0.623,0.875,0.922,0.794,0.745
strategic_thinker,62.2,0.204,0,0,0,6.0,stable,5,0,7.8,7,0,deliberate,0.819,0.938,0.729,0.827,0.898
strategic_thinker,71.7,0.23,0,0,0,6.9,stable,3,2,9.2,7,0,deliberate,0.982,0.921,0.882,0.807,0.695
strategic_thinker,65.4,0.092,0,0,1,6.2,stable,0,2,7.5,7,0,deliberate,0.889,0.926,0.955,0.837,0.763
strategic_thinker,46.7,0.071,0,1,1,6.4,stable,2,1,8.9,7,0,deliberate,0.853,0.912,0.899,0.836,0.883
strategic_thinker,62.9,0.198,0,0,0,7.7,stable,0,0,9.0,7,0,deliberate,0.551,0.903,0.525,0.642,0.835
strategic_thinker,75.2,0.085,0,0,0,7.0,stable,4,0,8.6,7,0,deliberate,0.873,0.828,0.754,0.79,0.799
strategic_thinker,54.7,0.13,0,1,0,6.5,stable,4,4,8.5,7,0,deliberate,0.853,0.904,0.814,0.812,0.846
strategic_thinker,69.8,0.211,0,0,0,6.6,stable,1,0,9.2,7,0,deliberate,0.965,0.809,0.974,0.844,0.814
strategic_thinker,60.7,0.231,0,0,0,6.7,stable,2,2,8.7,7,0,deliberate,0.915,0.764,0.955,0.735,0.752
strategic_thinker,79.8,0.277,0,0,0,7.1,stable,0,0,9.4,7,0,deliberate,0.827,0.806,0.746,0.769,0.979
strategic_thinker,64.8,0.141,0,0,0,7.0,stable,3,2,9.9,7,0,deliberate,0.778,0.911,0.863,0.746,0.856
strategic_thinker,84.3,0.204,0,0,0,6.5,stable,4,2,8.0,7,0,deliberate,0.794,0.89,0.948,0.769,0.912
strategic_thinker,54.7,0.188,0,0,1,3.9,stable,1,1,9.1,7,0,deliberate,0.843,0.922,0.872,0.836,0.942
strategic_thinker,71.8,0.314,0,1,0,7.3,stable,2,2,7.2,7,0,deliberate,0.884,0.854,0.626,0.779,0.92
strategic_thinker,75.4,0.193,0,0,0,5.7,stable,4,0,8.2,7,0,deliberate,0.781,0.781,0.778,0.712,0.748
strategic_thinker,66.4,0.225,0,0,0,4.5,stable,0,2,9.1,7,0,deliberate,0.578,0.979,0.795,0.677,0.737
strategic_thinker,56.9,0.149,0,0,0,5.1,stable,3,0,8.6,7,0,deliberate,0.853,0.936,0.867,0.765,0.827
strategic_thinker,67.7,0.176,0,0,0,4.1,stable,3,3,8.7,7,0,deliberate,0.973,0.922,0.967,0.855,0.7
strategic_thinker,70.2,0.191,0,0,0,6.1,stable,1,2,10.0,7,0,deliberate,0.927,0.886,0.897,0.793,0.834
strategic_thinker,69.9,0.217,0,1,0,4.0,stable,1,0,8.1,7,0,deliberate,0.84,0.678,0.976,0.733,0.971
strategic_thinker,63.1,0.199,0,0,0,6.3,stable,5,0,9.8,7,0,deliberate,0.914,0.953,0.818,0.746,0.93
strategic_thinker,69.2,0.133,0,1,1,4.8,stable,2,2,8.3,7,0,deliberate,0.943,0.798,0.893,0.73,0.963
strategic_thinker,72.3,0.194,0,0,0,5.0,stable,4,1,9.3,7,0,deliberate,0.894,0.942,0.935,0.794,0.942
strategic_thinker,55.5,0.143,0,0,1,6.0,stable,2,0,8.9,7,0,deliberate,0.903,0.903,0.915,0.745,0.988
strategic_thinker,66.8,0.139,0,0,0,6.3,stable,1,2,9.9,7,0,deliberate,0.941,0.897,0.964,0.832,0.824
strategic_thinker,56.5,0.118,0,0,0,6.3,stable,1,0,7.8,7,0,deliberate,0.622,0.854,0.809,0.732,0.753
strategic_thinker,69.7,0.219,0,0,0,7.8,stable,0,1,8.8,7,0,deliberate,0.853,0.868,0.962,0.778,0.978
strategic_thinker,66.8,0.107,0,0,0,6.0,stable,1,3,9.3,7,0,deliberate,0.601,0.823,0.698,0.781,0.803
strategic_thinker,72.4,0.261,0,0,1,8.1,stable,2,1,9.1,7,0,deliberate,0.777,0.617,0.918,0.68,0.957
strategic_thinker,50.8,0.234,0,0,1,4.9,stable,3,0,8.9,7,0,deliberate,0.894,0.923,0.627,0.806,0.765
strategic_thinker,73.7,0.143,0,0,0,3.9,stable,0,1,9.3,7,0,deliberate,0.8,0.82,0.614,0.738,0.994
strategic_thinker,59.9,0.203,0,1,0,5.8,stable,1,1,8.3,7,0,deliberate,0.709,0.677,0.836,0.627,0.771
strategic_thinker,71.7,0.168,0,0,0,7.4,stable,1,0,7.7,7,0,deliberate,0.67,0.64,0.81,0.691,0.87
strategic_thinker,72.4,0.206,0,1,0,5.6,stable,2,1,8.8,7,0,deliberate,0.844,0.913,0.899,0.785,0.973
strategic_thinker,64.8,0.219,0,1,1,5.1,stable,2,1,8.5,7,0,deliberate,0.576,0.839,0.916,0.694,0.728
strategic_thinker,60.8,0.192,0,0,0,6.4,stable,3,0,8.6,7,0,deliberate,0.806,0.866,0.901,0.677,0.731
strategic_thinker,64.4,0.255,0,0,0,7.9,stable,2,0,8.7,7,0,deliberate,0.625,0.939,0.925,0.677,0.89
strategic_thinker,70.2,0.219,0,1,0,5.5,stable,3,2,9.8,7,0,deliberate,0.96,0.956,0.88,0.881,0.854
strategic_thinker,72.7,0.258,0,0,0,5.8,stable,2,2,8.7,7,0,deliberate,0.822,0.908,0.859,0.768,0.99
strategic_thinker,59.1,0.157,0,0,0,4.2,stable,1,1,8.4,7,0,deliberate,0.711,0.951,0.833,0.711,0.864
strategic_thinker,62.2,0.115,0,0,0,5.0,stable,2,0,9.6,7,0,deliberate,0.735,0.798,0.865,0.733,0.926
strategic_thinker,71.0,0.116,0,0,0,8.1,stable,0,1,9.0,7,0,deliberate,0.807,0.98,0.729,0.815,0.719
strategic_thinker,64.2,0.177,0,1,1,5.8,stable,3,0,8.0,7,0,deliberate,0.646,0.989,0.859,0.761,0.867
strategic_thinker,62.2,0.074,0,0,0,5.2,stable,6,1,9.6,7,0,deliberate,0.888,0.734,0.815,0.74,0.912
strategic_thinker,64.9,0.15,0,1,0,6.1,stable,4,2,9.5,7,0,deliberate,0.876,0.879,0.639,0.808,0.933
strategic_thinker,63.2,0.093,0,0,0,6.2,stable,3,2,7.2,7,0,deliberate,0.625,0.754,0.59,0.636,0.894
strategic_thinker,72.9,0.245,0,0,0,7.1,stable,1,0,9.3,7,0,deliberate,0.926,0.782,0.899,0.806,0.906
strategic_thinker,70.4,0.204,0,1,0,8.0,stable,2,1,9.1,7,0,deliberate,0.866,0.564,0.731,0.673,0.864
strategic_thinker,63.6,0.146,0,0,1,6.2,stable,2,0,8.0,7,0,deliberate,0.759,0.977,0.566,0.89,0.769
strategic_thinker,50.1,0.162,0,0,0,4.2,stable,5,2,9.2,7,0,deliberate,0.516,0.655,0.796,0.559,0.856
strategic_thinker,63.3,0.116,0,0,0,5.1,stable,3,0,8.1,7,0,deliberate,0.834,0.961,0.784,0.842,0.669
strategic_thinker,68.8,0.162,0,0,0,6.1,stable,2,1,8.9,7,0,deliberate,0.736,0.859,0.884,0.646,0.982
strategic_thinker,73.3,0.232,0,0,0,5.3,stable,2,1,9.3,7,0,deliberate,0.872,0.81,0.875,0.807,0.784
strategic_thinker,58.7,0.273,0,1,1,6.9,stable,1,3,9.6,7,0,deliberate,0.747,0.881,0.924,0.763,0.797
strategic_thinker,57.2,0.185,0,0,0,6.1,stable,2,1,9.5,7,0,deliberate,0.782,0.813,0.853,0.761,0.798
strategic_thinker,64.7,0.145,0,1,0,7.1,stable,2,1,9.6,7,0,deliberate,0.896,0.834,0.942,0.738,0.769
strategic_thinker,68.6,0.198,0,0,0,4.7,stable,1,2,9.4,7,0,deliberate,0.808,0.966,0.57,0.738,0.809
strategic_thinker,77.2,0.201,0,0,0,7.7,stable,3,0,9.2,7,0,deliberate,0.863,0.946,0.983,0.786,0.863
strategic_thinker,73.7,0.128,0,0,0,8.9,stable,1,1,9.3,7,0,deliberate,0.582,0.975,0.899,0.722,0.916
strategic_thinker,67.8,0.035,0,1,0,7.0,stable,2,1,7.7,7,0,deliberate,0.824,0.8,0.84,0.743,0.875
strategic_thinker,71.7,0.136,0,0,1,6.7,stable,0,0,8.7,7,0,deliberate,0.684,0.817,0.947,0.764,0.96
strategic_thinker,50.4,0.226,0,0,0,4.5,stable,1,0,8.5,7,0,deliberate,0.923,0.918,0.931,0.855,0.922
strategic_thinker,73.2,0.14,0,0,0,6.3,stable,3,0,8.0,7,0,deliberate,0.809,0.939,0.893,0.817,0.882
strategic_thinker,67.4,0.164,0,0,1,5.8,stable,2,1,8.3,7,0,deliberate,0.768,0.911,0.942,0.81,0.926
strategic_thinker,61.6,0.025,0,0,0,7.0,stable,2,1,8.5,7,0,deliberate,0.801,0.948,0.829,0.915,0.913
strategic_thinker,68.0,0.19,0,1,0,4.7,stable,5,1,9.1,7,0,deliberate,0.916,0.883,0.768,0.821,0.855
strategic_thinker,70.7,0.181,0,0,0,7.6,stable,2,2,8.3,7,0,deliberate,0.792,0.893,0.903,0.751,0.941
strategic_thinker,81.2,0.186,0,0,0,5.5,stable,3,2,8.4,7,0,deliberate,0.797,0.787,0.794,0.765,0.933
strategic_thinker,71.1,0.216,0,0,1,5.2,stable,0,1,8.4,7,0,deliberate,0.953,0.826,0.902,0.892,0.929
strategic_thinker,75.8,0.188,0,0,1,8.1,stable,1,0,8.6,7,0,deliberate,0.79,0.795,0.795,0.659,0.664
strategic_thinker,71.2,0.136,0,0,1,7.0,stable,2,1,7.5,7,0,deliberate,0.603,0.854,0.756,0.636,0.867
strategic_thinker,64.2,0.102,0,0,0,4.2,stable,4,1,8.1,7,0,deliberate,0.844,0.817,0.906,0.688,0.989
strategic_thinker,74.2,0.21,0,0,0,6.3,stable,3,2,8.9,7,0,deliberate,0.842,0.883,0.725,0.724,0.94
strategic_thinker,92.7,0.148,0,0,0,5.9,stable,3,2,9.2,7,0,deliberate,0.905,0.792,0.741,0.753,0.719
strategic_thinker,57.8,0.248,0,1,0,6.1,stable,1,0,8.8,7,0,deliberate,0.886,0.935,0.963,0.81,0.875
strategic_thinker,72.2,0.218,0,0,1,6.7,stable,0,1,9.3,7,0,deliberate,0.686,0.963,0.841,0.841,0.909
strategic_thinker,77.3,0.18,0,0,0,5.5,stable,1,6,7.6,7,0,deliberate,0.803,0.902,0.608,0.704,0.849
strategic_thinker,57.4,0.196,0,0,0,7.6,stable,3,2,8.6,7,0,deliberate,0.922,0.851,0.824,0.735,0.949
strategic_thinker,70.1,0.182,0,0,0,5.1,stable,0,2,9.0,7,0,deliberate,0.821,0.966,0.971,0.788,0.755
strategic_thinker,68.5,0.236,0,0,0,5.1,stable,2,0,8.8,7,0,deliberate,0.858,0.834,0.862,0.688,0.864
strategic_thinker,86.5,0.298,0,0,1,4.4,stable,3,0,8.3,7,0,deliberate,0.875,0.682,0.861,0.777,0.735
strategic_thinker,74.5,0.151,0,1,0,7.8,stable,3,2,7.6,7,0,deliberate,0.889,0.579,0.831,0.706,0.956
strategic_thinker,71.8,0.195,0,0,0,6.5,stable,3,2,9.6,7,0,deliberate,0.85,0.896,0.786,0.776,0.942
strategic_thinker,70.1,0.218,0,0,1,6.3,stable,1,2,9.3,7,0,deliberate,0.895,0.923,0.747,0.874,0.859
strategic_thinker,55.5,0.159,0,0,0,7.5,stable,4,2,10.0,7,0,deliberate,0.817,0.796,0.727,0.743,0.923
strategic_thinker,59.0,0.157,0,0,1,7.7,stable,2,2,8.9,7,0,deliberate,0.794,0.886,0.709,0.755,0.752
strategic_thinker,71.1,0.237,0,0,0,6.3,stable,0,1,8.7,7,0,deliberate,0.955,0.948,0.578,0.869,0.784
strategic_thinker,55.6,0.231,0,1,0,6.0,stable,3,1,8.7,7,0,deliberate,0.766,0.875,0.927,0.684,0.935
strategic_thinker,63.2,0.248,0,0,0,5.1,stable,1,3,8.2,7,0,deliberate,0.849,0.862,0.704,0.864,0.731
strategic_thinker,72.3,0.265,0,1,0,5.7,stable,4,3,7.6,7,0,deliberate,0.614,0.908,0.972,0.694,0.92
strategic_thinker,52.9,0.151,0,1,0,5.5,stable,2,1,9.0,7,0,deliberate,0.892,0.871,0.708,0.825,0.921
strategic_thinker,70.1,0.185,0,0,0,5.1,stable,1,0,9.7,7,0,deliberate,0.633,0.877,0.927,0.717,0.962
strategic_thinker,70.9,0.229,0,0,0,7.2,stable,4,1,9.0,7,0,deliberate,0.91,0.97,0.754,0.883,0.937
strategic_thinker,69.1,0.222,0,0,0,6.3,stable,2,1,8.6,7,0,deliberate,0.687,0.586,0.819,0.552,0.943
strategic_thinker,67.3,0.184,0,0,1,4.6,stable,0,1,9.2,7,0,deliberate,0.83,0.65,0.666,0.639,0.954
strategic_thinker,68.5,0.102,0,0,0,8.5,stable,1,0,9.6,7,0,deliberate,0.864,0.897,0.86,0.73,0.931
strategic_thinker,55.4,0.089,0,0,0,7.1,stable,2,0,8.0,7,0,deliberate,0.93,0.921,0.739,0.89,0.848
strategic_thinker,78.2,0.223,0,0,0,6.7,stable,4,2,8.7,7,0,deliberate,0.919,0.934,0.854,0.793,0.955
strategic_thinker,79.1,0.144,0,0,0,3.8,stable,2,1,8.6,7,0,deliberate,0.685,0.846,0.772,0.785,0.883
strategic_thinker,74.5,0.195,0,0,0,7.6,stable,3,0,8.3,7,0,deliberate,0.771,0.939,0.822,0.778,0.896
strategic_thinker,73.2,0.086,0,0,1,7.4,stable,2,3,8.7,7,0,deliberate,0.817,0.737,0.866,0.714,0.744
strategic_thinker,61.1,0.19,0,0,1,5.9,stable,1,0,7.6,7,0,deliberate,0.818,0.707,0.862,0.808,0.949
strategic_thinker,64.7,0.169,0,1,0,5.2,stable,0,1,9.5,7,0,deliberate,0.908,0.98,0.959,0.892,0.813
strategic_thinker,78.4,0.206,0,0,0,6.5,stable,1,1,8.5,7,0,deliberate,0.871,0.908,0.865,0.826,0.956
strategic_thinker,69.7,0.146,0,0,0,5.1,stable,3,1,7.4,7,0,deliberate,0.951,0.902,0.977,0.833,0.962
strategic_thinker,78.1,0.129,0,1,1,6.8,stable,0,0,8.4,7,0,deliberate,0.971,0.959,0.815,0.911,0.935
strategic_thinker,63.3,0.149,0,0,0,6.3,stable,3,2,8.3,7,0,deliberate,0.82,0.709,0.805,0.723,0.632
strategic_thinker,70.5,0.238,0,0,0,5.3,stable,0,1,8.5,7,0,deliberate,0.917,0.957,0.89,0.846,0.987
strategic_thinker,63.3,0.231,0,0,1,6.5,stable,1,2,8.9,7,0,deliberate,0.923,0.739,0.823,0.692,0.919
strategic_thinker,70.9,0.209,0,0,0,6.0,stable,3,1,10.0,7,0,deliberate,0.866,0.817,0.847,0.827,0.956
strategic_thinker,73.6,0.127,0,0,0,5.9,stable,0,1,8.0,7,0,deliberate,0.735,0.944,0.785,0.762,0.932
strategic_thinker,63.3,0.132,0,1,1,6.5,stable,2,0,8.3,7,0,deliberate,0.933,0.367,0.84,0.576,0.881
strategic_thinker,75.8,0.12,0,0,0,4.3,stable,5,1,9.5,7,0,deliberate,0.697,0.537,0.898,0.544,0.398
strategic_thinker,64.9,0.238,0,0,1,3.7,stable,0,3,8.5,7,0,deliberate,0.977,0.897,0.985,0.847,0.847
strategic_thinker,70.7,0.18,0,0,0,7.6,stable,1,1,8.1,7,0,deliberate,0.828,0.71,0.93,0.655,0.805
strategic_thinker,59.3,0.24,0,0,0,5.7,stable,2,2,8.6,7,0,deliberate,0.847,0.989,0.633,0.779,0.79
strategic_thinker,53.5,0.23,0,0,1,4.6,stable,0,2,8.9,7,0,deliberate,0.862,0.881,0.847,0.804,0.964
strategic_thinker,56.1,0.15,0,0,0,6.0,stable,2,2,8.9,7,0,deliberate,0.774,0.871,0.906,0.741,0.631
strategic_thinker,68.3,0.199,0,0,1,5.9,stable,3,1,9.4,7,0,deliberate,0.681,0.87,0.738,0.737,0.688
strategic_thinker,80.9,0.149,0,0,1,6.4,stable,0,2,8.7,7,0,deliberate,0.603,0.873,0.947,0.649,0.875
strategic_thinker,73.2,0.163,0,0,1,4.0,stable,2,0,9.6,7,0,deliberate,0.967,0.894,0.781,0.846,0.844
strategic_thinker,72.2,0.285,0,0,0,3.6,stable,2,1,9.3,7,0,deliberate,0.872,0.971,0.82,0.88,0.736
strategic_thinker,66.9,0.17,0,1,1,6.4,stable,0,0,9.9,7,0,deliberate,0.718,0.78,0.847,0.662,0.851
strategic_thinker,73.9,0.161,0,0,0,8.0,stable,2,0,8.4,7,0,deliberate,0.642,0.587,0.855,0.489,0.719
strategic_thinker,69.9,0.167,0,0,0,8.5,stable,1,0,8.8,7,0,deliberate,0.975,0.966,0.506,0.899,0.869
strategic_thinker,72.5,0.153,0,0,1,7.0,stable,1,1,8.1,7,0,deliberate,0.49,0.981,0.971,0.685,0.937
strategic_thinker,68.1,0.3,0,0,0,7.9,stable,2,0,9.1,7,0,deliberate,0.935,0.947,0.93,0.834,0.691
strategic_thinker,59.6,0.191,0,0,1,6.0,stable,0,1,8.7,7,0,deliberate,0.559,0.916,0.775,0.706,0.967
strategic_thinker,81.9,0.124,0,0,0,6.9,stable,2,2,9.4,7,0,deliberate,0.868,0.91,0.826,0.87,0.862
strategic_thinker,73.8,0.143,0,0,1,4.4,stable,2,1,7.5,7,0,deliberate,0.721,0.728,0.823,0.693,0.595
strategic_thinker,69.0,0.27,0,1,0,6.2,stable,1,1,8.6,7,0,deliberate,0.852,0.923,0.626,0.877,0.63
strategic_thinker,72.1,0.169,0,1,1,8.0,stable,2,1,9.3,7,0,deliberate,0.934,0.778,0.703,0.682,0.77
strategic_thinker,76.2,0.165,0,0,0,4.1,stable,4,1,8.5,7,0,deliberate,0.822,0.668,0.77,0.639,0.971
strategic_thinker,68.8,0.149,0,1,0,5.6,stable,1,0,9.2,7,0,deliberate,0.753,0.876,0.898,0.767,0.786
strategic_thinker,57.7,0.187,0,0,0,5.9,stable,3,0,8.5,7,0,deliberate,0.953,0.95,0.579,0.847,0.715
strategic_thinker,72.2,0.16,0,0,0,5.1,stable,2,0,9.1,7,0,deliberate,0.883,0.986,0.866,0.829,0.925
strategic_thinker,77.6,0.172,0,0,0,5.7,stable,3,1,8.1,7,0,deliberate,0.959,0.954,0.728,0.832,0.768
strategic_thinker,71.9,0.184,0,0,0,7.2,stable,1,1,7.5,7,0,deliberate,0.96,0.973,0.919,0.865,0.977
strategic_thinker,68.7,0.136,0,1,0,7.4,stable,1,0,8.0,7,0,deliberate,0.915,0.804,0.821,0.811,0.864
strategic_thinker,67.6,0.154,0,0,0,5.1,stable,2,0,8.7,7,0,deliberate,0.783,0.805,0.955,0.747,0.861
strategic_thinker,67.8,0.203,0,0,0,5.7,stable,2,0,8.7,7,0,deliberate,0.887,0.884,0.786,0.833,0.948
strategic_thinker,73.7,0.211,0,0,0,6.4,stable,3,1,9.2,7,0,deliberate,0.818,0.931,0.851,0.771,0.823
strategic_thinker,71.7,0.176,0,0,0,6.6,stable,1,0,8.1,7,0,deliberate,0.902,0.369,0.89,0.598,0.787
strategic_thinker,72.6,0.205,0,0,0,6.0,stable,2,1,9.0,7,0,deliberate,0.989,0.945,0.915,0.912,0.93
strategic_thinker,59.1,0.224,0,0,0,4.7,stable,1,1,9.2,7,0,deliberate,0.909,0.806,0.851,0.803,0.975
strategic_thinker,77.6,0.277,0,0,0,4.4,stable,2,1,9.3,7,0,deliberate,0.677,0.952,0.852,0.811,0.941
strategic_thinker,64.8,0.278,0,0,0,5.6,stable,4,1,8.1,7,0,deliberate,0.853,0.931,0.898,0.775,0.79
strategic_thinker,75.5,0.228,0,1,0,6.5,stable,2,0,9.1,7,0,deliberate,0.812,0.742,0.826,0.657,0.859
strategic_thinker,63.6,0.134,0,0,1,6.3,stable,1,1,8.2,7,0,deliberate,0.75,0.866,0.902,0.708,0.57
strategic_thinker,69.2,0.192,0,0,0,5.8,stable,1,1,9.3,7,0,deliberate,0.799,0.786,0.587,0.673,0.867
strategic_thinker,62.8,0.203,0,0,1,7.1,stable,0,1,8.7,7,0,deliberate,0.98,0.752,0.853,0.752,0.976
strategic_thinker,63.9,0.121,0,1,0,6.7,stable,2,0,8.6,7,0,deliberate,0.923,0.845,0.847,0.864,0.886
strategic_thinker,71.8,0.15,0,0,0,4.8,stable,2,3,9.2,7,0,deliberate,0.663,0.71,0.918,0.567,0.866
strategic_thinker,69.4,0.148,0,0,0,6.4,stable,2,0,8.5,7,0,deliberate,0.882,0.814,0.923,0.779,0.89
strategic_thinker,69.9,0.145,0,0,0,6.2,stable,1,2,8.1,7,0,deliberate,0.925,0.899,0.952,0.866,0.755
strategic_thinker,63.6,0.207,0,1,0,7.2,stable,3,3,9.4,7,0,deliberate,0.916,0.955,0.666,0.844,0.679
strategic_thinker,62.7,0.118,0,0,0,4.6,stable,1,0,8.7,7,0,deliberate,0.946,0.831,0.844,0.846,0.967
strategic_thinker,62.4,0.157,0,1,0,4.8,stable,2,2,8.8,7,0,deliberate,0.926,0.984,0.586,0.96,0.71
strategic_thinker,66.4,0.177,0,1,0,8.0,stable,2,2,9.2,7,0,deliberate,0.842,0.737,0.786,0.722,0.901
strategic_thinker,84.4,0.136,0,1,0,6.7,stable,4,0,8.5,7,0,deliberate,0.522,0.94,0.79,0.756,0.784
strategic_thinker,61.4,0.223,0,0,0,5.8,stable,2,1,7.9,7,0,deliberate,0.975,0.888,0.992,0.79,0.941
strategic_thinker,68.2,0.165,0,0,0,5.5,stable,0,0,8.5,7,0,deliberate,0.698,0.728,0.796,0.664,0.884
strategic_thinker,71.2,0.217,0,1,0,7.3,stable,1,1,8.2,7,0,deliberate,0.847,0.755,0.703,0.759,0.908
strategic_thinker,75.5,0.188,0,1,1,3.8,stable,1,4,9.7,7,0,deliberate,0.71,0.991,0.749,0.785,0.831
strategic_thinker,65.7,0.216,0,0,0,7.5,stable,0,0,8.4,7,0,deliberate,0.634,0.919,0.957,0.717,0.918
strategic_thinker,64.0,0.217,0,0,0,3.5,stable,2,3,9.5,7,0,deliberate,0.842,0.949,0.938,0.882,0.681
strategic_thinker,59.5,0.157,0,0,0,6.2,stable,2,0,8.7,7,0,deliberate,0.898,0.976,0.649,0.93,0.742
strategic_thinker,75.1,0.166,0,0,0,4.3,stable,1,1,8.8,7,0,deliberate,0.81,0.881,0.916,0.826,0.645
strategic_thinker,65.0,0.168,0,0,0,7.5,stable,0,0,8.9,7,0,deliberate,0.874,0.898,0.685,0.794,0.843
strategic_thinker,74.7,0.222,0,1,0,6.0,stable,1,2,9.0,7,0,deliberate,0.799,0.867,0.925,0.788,0.743
strategic_thinker,59.0,0.17,0,0,0,6.2,stable,2,1,9.3,7,0,deliberate,0.957,0.916,0.867,0.836,0.611
strategic_thinker,61.8,0.175,0,0,0,4.3,stable,2,1,7.8,7,0,deliberate,0.868,0.785,0.928,0.748,0.978
strategic_thinker,65.5,0.156,0,0,1,5.9,stable,0,1,9.4,7,0,deliberate,0.912,0.871,0.876,0.922,0.792
strategic_thinker,81.7,0.216,0,0,0,6.7,stable,5,1,9.9,7,0,deliberate,0.777,0.869,0.668,0.828,0.887
strategic_thinker,68.2,0.201,0,0,1,5.4,stable,2,2,8.4,7,0,deliberate,0.795,0.856,0.765,0.752,0.896
strategic_thinker,72.0,0.184,0,0,0,6.1,stable,3,2,8.6,7,0,deliberate,0.786,0.981,0.841,0.684,0.973
strategic_thinker,70.3,0.193,0,0,0,8.0,stable,1,1,9.5,7,0,deliberate,0.686,0.874,0.975,0.669,0.886
strategic_thinker,69.8,0.163,0,0,1,6.0,stable,3,0,8.7,7,0,deliberate,0.726,0.744,0.897,0.617,0.926
strategic_thinker,75.9,0.283,0,0,0,6.7,stable,2,0,9.0,7,0,deliberate,0.838,0.922,0.74,0.839,0.857
strategic_thinker,86.9,0.15,0,1,0,8.7,stable,2,2,9.3,7,0,deliberate,0.812,0.879,0.805,0.796,0.861
strategic_thinker,76.6,0.182,0,0,1,4.3,stable,4,2,8.3,7,0,deliberate,0.753,0.95,0.844,0.776,0.755
strategic_thinker,55.2,0.166,0,0,0,5.6,stable,2,2,8.4,7,0,deliberate,0.908,0.952,0.978,0.79,0.886
strategic_thinker,72.5,0.126,0,1,0,8.7,stable,0,2,8.6,7,0,deliberate,0.834,0.922,0.524,0.922,0.868
strategic_thinker,83.9,0.127,0,0,0,6.1,stable,3,2,8.2,7,0,deliberate,0.617,0.612,0.839,0.626,0.998
strategic_thinker,59.5,0.142,0,1,0,5.8,stable,1,0,8.9,7,0,deliberate,0.919,0.97,0.53,0.843,0.982
strategic_thinker,67.2,0.135,0,0,0,5.3,stable,2,1,8.1,7,0,deliberate,0.823,0.654,0.915,0.645,0.901
strategic_thinker,69.3,0.14,0,0,1,4.5,stable,1,2,9.5,7,0,deliberate,0.813,0.704,0.695,0.612,0.73
strategic_thinker,65.7,0.115,0,1,0,6.8,stable,2,0,8.0,7,0,deliberate,0.932,0.831,0.859,0.759,0.877
strategic_thinker,63.7,0.248,0,1,0,7.6,stable,1,0,7.5,7,0,deliberate,0.85,0.746,0.738,0.685,0.763
strategic_thinker,77.9,0.221,0,1,0,5.9,stable,1,0,9.2,7,0,deliberate,0.759,0.97,0.889,0.793,0.828
strategic_thinker,60.7,0.275,0,0,1,5.5,stable,1,1,8.8,7,0,deliberate,0.809,0.82,0.914,0.722,0.78
strategic_thinker,64.3,0.171,0,1,0,5.9,stable,1,0,7.8,7,0,deliberate,0.623,0.682,0.728,0.692,0.955
strategic_thinker,62.8,0.217,0,0,0,8.4,stable,2,0,9.3,7,0,deliberate,0.792,0.821,0.868,0.698,0.933
strategic_thinker,64.4,0.181,0,0,0,6.4,stable,2,1,7.9,7,0,deliberate,0.828,0.82,0.695,0.804,0.909
strategic_thinker,69.8,0.224,0,0,0,6.4,stable,3,1,9.9,7,0,deliberate,0.762,0.697,0.69,0.684,0.666
strategic_thinker,74.3,0.257,0,0,0,5.2,stable,2,1,9.4,7,0,deliberate,0.67,0.885,0.669,0.771,0.852
strategic_thinker,61.7,0.178,0,0,0,5.4,stable,4,1,9.1,7,0,deliberate,0.91,0.988,0.826,0.811,0.825
strategic_thinker,65.6,0.261,0,0,0,6.7,stable,4,0,9.1,7,0,deliberate,0.673,0.642,0.571,0.614,0.87
strategic_thinker,74.1,0.288,0,0,0,6.2,stable,2,0,8.8,7,0,deliberate,0.772,0.716,0.91,0.773,0.84
strategic_thinker,69.0,0.193,0,0,0,8.3,stable,3,3,8.3,7,0,deliberate,0.931,0.914,0.956,0.889,0.969
strategic_thinker,74.0,0.222,0,1,1,6.4,stable,2,0,9.7,7,0,deliberate,0.887,0.882,0.826,0.819,0.715
strategic_thinker,68.1,0.27,0,1,0,5.0,stable,3,1,9.6,7,0,deliberate,0.765,0.915,0.814,0.826,0.854
strategic_thinker,68.3,0.228,0,0,0,6.6,stable,2,1,8.1,7,0,deliberate,0.989,0.902,0.947,0.901,0.95
strategic_thinker,54.4,0.201,0,1,0,6.1,stable,6,1,9.3,7,0,deliberate,0.793,0.903,0.894,0.816,0.848
strategic_thinker,72.8,0.13,0,0,0,5.1,stable,2,1,8.5,7,0,deliberate,0.996,0.683,0.764,0.827,0.974
strategic_thinker,70.8,0.164,0,0,1,4.9,stable,2,2,8.8,7,0,deliberate,0.828,0.782,0.878,0.803,0.898
strategic_thinker,56.3,0.111,0,0,0,5.7,stable,2,2,9.2,7,0,deliberate,0.871,0.803,0.853,0.815,0.813
strategic_thinker,73.1,0.217,0,0,0,6.6,stable,2,1,9.2,7,0,deliberate,0.915,0.799,0.88,0.761,0.988
strategic_thinker,77.7,0.224,0,1,0,6.3,stable,1,1,8.5,7,0,deliberate,0.732,0.818,0.835,0.769,0.877
strategic_thinker,59.1,0.211,0,0,0,7.4,stable,2,2,7.7,7,0,deliberate,0.91,0.711,0.919,0.768,0.75
strategic_thinker,60.9,0.061,0,0,0,5.4,stable,2,2,8.7,7,0,deliberate,0.82,0.698,0.879,0.678,0.567
strategic_thinker,60.3,0.303,0,0,0,5.0,stable,3,0,8.0,7,0,deliberate,0.904,0.89,0.763,0.83,0.789
strategic_thinker,83.7,0.17,0,1,1,7.2,stable,0,1,9.3,7,0,deliberate,0.668,0.831,0.958,0.78,0.715
strategic_thinker,63.2,0.107,0,1,0,5.2,stable,1,0,9.1,7,0,deliberate,0.611,0.816,0.752,0.628,0.966
strategic_thinker,71.0,0.327,0,0,0,6.3,stable,1,1,8.6,7,0,deliberate,0.85,0.934,0.876,0.83,0.865
strategic_thinker,67.6,0.2,0,0,0,4.7,stable,4,1,8.6,7,0,deliberate,0.757,0.958,0.737,0.785,0.933
strategic_thinker,63.2,0.136,0,1,0,5.3,stable,3,0,8.1,7,0,deliberate,0.756,0.641,0.932,0.672,0.888
strategic_thinker,67.0,0.296,0,0,1,6.5,stable,5,2,9.3,7,0,deliberate,0.818,0.797,0.786,0.725,0.741
strategic_thinker,58.4,0.208,0,1,0,7.3,stable,2,0,8.7,7,0,deliberate,0.797,0.923,0.966,0.806,0.886
strategic_thinker,60.8,0.257,0,1,0,6.6,stable,0,1,9.6,7,0,deliberate,0.571,0.931,0.95,0.778,0.902
strategic_thinker,70.0,0.2,0,0,1,4.4,stable,2,1,9.0,7,0,deliberate,0.961,0.982,0.791,0.846,0.935
strategic_thinker,54.1,0.235,0,0,0,6.7,stable,0,1,8.8,7,0,deliberate,0.836,0.885,0.701,0.691,0.877
strategic_thinker,72.1,0.182,0,0,1,6.6,stable,2,2,8.5,7,0,deliberate,0.492,0.947,0.95,0.674,0.909
strategic_thinker,55.3,0.206,0,0,1,4.7,stable,1,1,8.8,7,0,deliberate,0.593,0.789,0.81,0.668,0.909
strategic_thinker,77.0,0.179,0,0,0,6.5,stable,4,1,8.3,7,0,deliberate,0.811,0.952,0.919,0.747,0.865
strategic_thinker,68.1,0.134,0,1,0,6.7,stable,2,1,8.1,7,0,deliberate,0.718,0.709,0.815,0.653,0.945
strategic_thinker,81.5,0.206,0,1,0,9.1,stable,2,0,8.9,7,0,deliberate,0.904,0.957,0.825,0.878,0.868
strategic_thinker,54.5,0.186,0,0,0,6.8,stable,3,3,8.8,7,0,deliberate,0.696,0.913,0.805,0.723,0.802
strategic_thinker,78.6,0.273,0,1,0,7.1,stable,0,1,8.1,7,0,deliberate,0.594,0.894,0.834,0.649,0.873
strategic_thinker,93.4,0.222,0,0,0,4.4,stable,3,2,9.0,7,0,deliberate,0.968,0.772,0.797,0.713,0.915
strategic_thinker,63.8,0.165,0,1,0,6.1,stable,1,0,8.7,7,0,deliberate,0.928,0.973,0.635,0.838,0.688
strategic_thinker,68.1,0.142,0,0,1,7.1,stable,4,1,8.8,7,0,deliberate,0.968,0.852,0.917,0.834,0.782
strategic_thinker,60.6,0.112,0,1,1,6.2,stable,1,2,8.9,7,0,deliberate,0.98,0.595,0.874,0.725,0.88
strategic_thinker,64.6,0.157,0,1,0,5.2,stable,5,0,9.2,7,0,deliberate,0.975,0.944,0.686,0.904,0.904
strategic_thinker,61.6,0.183,0,0,0,6.1,stable,4,0,9.2,7,0,deliberate,0.675,0.974,0.779,0.788,0.987
strategic_thinker,74.0,0.216,0,0,0,6.7,stable,1,1,9.1,7,0,deliberate,0.784,0.828,0.514,0.745,0.75
strategic_thinker,59.3,0.187,0,1,0,6.9,stable,3,1,8.8,7,0,deliberate,0.932,0.964,0.899,0.767,0.94
strategic_thinker,67.0,0.212,0,0,0,5.4,stable,2,0,8.6,7,0,deliberate,0.964,0.839,0.885,0.78,0.913
strategic_thinker,57.7,0.181,0,0,0,5.9,stable,2,4,8.8,7,0,deliberate,0.869,0.944,0.877,0.887,0.809
strategic_thinker,64.9,0.178,0,0,1,4.6,stable,4,0,9.9,7,0,deliberate,0.851,0.985,0.623,0.89,0.966
strategic_thinker,66.0,0.177,0,1,0,3.0,stable,2,0,7.9,7,0,deliberate,0.948,0.91,0.919,0.8,0.959
strategic_thinker,74.0,0.144,0,0,0,5.7,stable,2,3,8.6,7,0,deliberate,0.84,0.682,0.685,0.741,0.394
strategic_thinker,64.6,0.112,0,0,1,7.3,stable,3,1,8.6,7,0,deliberate,0.938,0.849,0.671,0.874,0.928
strategic_thinker,64.9,0.182,0,0,0,6.3,stable,2,1,9.1,7,0,deliberate,0.915,0.91,0.882,0.833,0.929
ignorant_avoider,6.0,0.171,7,0,0,1.3,speeding_up,0,0,0.0,4,3,impulsive,0.118,0.0,0.0,0.0,0.0
ignorant_avoider,9.2,0.106,1,0,0,0.8,speeding_up,1,0,0.0,2,5,impulsive,0.021,0.0,0.0,0.0,0.0
ignorant_avoider,18.4,0.181,3,0,0,1.0,speeding_up,0,0,0.0,4,3,impulsive,0.049,0.0,0.0,0.0,0.0
ignorant_avoider,11.7,0.161,3,0,0,1.0,speeding_up,0,0,0.0,2,5,impulsive,0.052,0.0,0.0,0.0,0.0
ignorant_avoider,10.1,0.205,6,0,0,1.2,speeding_up,0,0,0.0,4,3,impulsive,0.019,0.0,0.0,0.0,0.0
ignorant_avoider,16.1,0.169,3,0,0,1.0,speeding_up,0,0,0.0,3,4,impulsive,0.049,0.0,0.0,0.0,0.0
ignorant_avoider,8.0,0.16,7,0,0,2.3,speeding_up,0,0,0.0,2,5,impulsive,0.007,0.0,0.0,0.0,0.0
ignorant_avoider,16.8,0.167,4,0,0,1.1,speeding_up,0,0,0.0,3,4,impulsive,0.023,0.0,0.0,0.0,0.0
ignorant_avoider,9.7,0.153,6,0,0,1.2,speeding_up,1,0,0.0,4,3,impulsive,0.337,0.0,0.0,0.0,0.0
ignorant_avoider,7.7,0.192,2,0,0,0.6,speeding_up,0,0,0.0,3,4,impulsive,0.173,0.0,0.0,0.0,0.0
ignorant_avoider,13.0,0.16,4,0,0,1.3,speeding_up,1,0,0.0,3,4,impulsive,0.319,0.0,0.0,0.0,0.0
ignorant_avoider,13.1,0.067,3,0,0,0.7,speeding_up,0,0,0.0,4,3,impulsive,0.039,0.0,0.0,0.0,0.0
ignorant_avoider,10.9,0.176,6,0,0,1.1,speeding_up,0,0,0.0,4,3,impulsive,0.123,0.0,0.0,0.0,0.0
ignorant_avoider,12.0,0.187,5,0,0,0.6,speeding_up,1,0,0.0,2,5,impulsive,0.011,0.0,0.0,0.0,0.0
ignorant_avoider,12.1,0.138,4,0,0,1.2,speeding_up,0,0,0.0,4,3,impulsive,0.377,0.0,0.0,0.0,0.0
ignorant_avoider,11.4,0.2,4,0,0,1.7,speeding_up,0,0,0.0,3,4,impulsive,0.485,0.0,0.0,0.0,0.0
ignorant_avoider,12.4,0.049,4,0,0,0.9,speeding_up,0,0,0.0,3,4,impulsive,0.041,0.0,0.0,0.0,0.0
ignorant_avoider,14.9,0.13,3,0,0,1.5,speeding_up,0,0,0.0,4,3,impulsive,0.112,0.0,0.0,0.0,0.0
ignorant_avoider,8.6,0.184,6,0,0,1.5,speeding_up,0,0,0.0,2,5,impulsive,0.108,0.0,0.0,0.0,0.0
ignorant_avoider,10.2,0.118,7,0,0,1.2,speeding_up,0,0,0.0,3,4,impulsive,0.257,0.0,0.0,0.0,0.0
ignorant_avoider,7.0,0.075,5,0,0,1.1,speeding_up,0,0,0.0,2,5,impulsive,0.137,0.0,0.0,0.0,0.0
ignorant_avoider,2.0,0.178,4,0,0,0.5,speeding_up,0,0,0.0,3,4,impulsive,0.011,0.0,0.0,0.0,0.0
ignorant_avoider,8.2,0.13,4,0,0,0.6,speeding_up,0,0,0.0,2,5,impulsive,0.061,0.0,0.0,0.0,0.0
ignorant_avoider,12.8,0.07,7,0,0,1.3,speeding_up,0,0,0.0,3,4,impulsive,0.192,0.0,0.0,0.0,0.0
ignorant_avoider,15.2,0.16,1,0,0,1.7,speeding_up,0,0,0.0,4,3,impulsive,0.093,0.0,0.0,0.0,0.0
ignorant_avoider,11.7,0.157,3,0,0,1.1,speeding_up,1,0,0.0,4,3,impulsive,0.021,0.0,0.0,0.0,0.0
ignorant_avoider,12.1,0.153,6,0,0,1.4,speeding_up,0,0,0.0,3,4,impulsive,0.051,0.0,0.0,0.0,0.0
ignorant_avoider,8.6,0.124,7,0,0,1.4,speeding_up,0,0,0.0,2,5,impulsive,0.097,0.0,0.0,0.0,0.0
ignorant_avoider,15.5,0.117,4,0,0,0.7,speeding_up,0,0,0.0,4,3,impulsive,0.088,0.0,0.0,0.0,0.0
ignorant_avoider,9.6,0.239,0,0,0,0.4,speeding_up,0,0,0.0,3,4,impulsive,0.072,0.0,0.0,0.0,0.0
ignorant_avoider,13.7,0.183,5,0,0,1.1,speeding_up,0,0,0.0,4,3,impulsive,0.004,0.0,0.0,0.0,0.0
ignorant_avoider,13.9,0.062,7,0,0,0.6,speeding_up,0,0,0.0,3,4,impulsive,0.207,0.0,0.0,0.0,0.0
ignorant_avoider,13.4,0.212,4,0,0,1.1,speeding_up,0,0,0.0,3,4,impulsive,0.018,0.0,0.0,0.0,0.0
ignorant_avoider,9.5,0.227,5,0,0,0.8,speeding_up,0,0,0.0,3,4,impulsive,0.134,0.0,0.0,0.0,0.0
ignorant_avoider,11.1,0.134,6,0,0,1.5,speeding_up,0,0,0.0,3,4,impulsive,0.139,0.0,0.0,0.0,0.0
ignorant_avoider,10.1,0.127,5,0,0,0.6,speeding_up,0,0,0.0,4,3,impulsive,0.22,0.0,0.0,0.0,0.0
ignorant_avoider,17.2,0.174,4,0,0,1.4,speeding_up,0,0,0.0,2,5,impulsive,0.082,0.0,0.0,0.0,0.0
ignorant_avoider,11.6,0.207,7,0,0,0.8,speeding_up,0,0,0.0,4,3,impulsive,0.075,0.0,0.0,0.0,0.0
ignorant_avoider,9.5,0.094,3,0,0,0.8,speeding_up,0,0,0.0,3,4,impulsive,0.194,0.0,0.0,0.0,0.0
ignorant_avoider,14.0,0.103,6,0,0,1.1,speeding_up,0,0,0.0,4,3,impulsive,0.003,0.0,0.0,0.0,0.0
ignorant_avoider,13.7,0.168,7,0,0,1.1,speeding_up,0,0,0.0,2,5,impulsive,0.093,0.0,0.0,0.0,0.0
ignorant_avoider,14.0,0.139,4,0,0,0.9,speeding_up,0,0,0.0,2,5,impulsive,0.128,0.0,0.0,0.0,0.0
ignorant_avoider,10.7,0.15,7,0,0,1.2,speeding_up,0,0,0.0,2,5,impulsive,0.181,0.0,0.0,0.0,0.0
ignorant_avoider,7.2,0.142,1,0,0,1.4,speeding_up,0,0,0.0,4,3,impulsive,0.13,0.0,0.0,0.0,0.0
ignorant_avoider,11.6,0.142,7,0,0,1.1,speeding_up,0,0,0.0,3,4,impulsive,0.224,0.0,0.0,0.0,0.0
ignorant_avoider,13.0,0.158,6,0,0,1.1,speeding_up,0,0,0.0,4,3,impulsive,0.07,0.0,0.0,0.0,0.0
ignorant_avoider,15.3,0.206,6,0,0,1.0,speeding_up,0,0,0.0,3,4,impulsive,0.042,0.0,0.0,0.0,0.0
ignorant_avoider,17.7,0.152,7,0,0,1.5,speeding_up,0,0,0.0,3,4,impulsive,0.026,0.0,0.0,0.0,0.0
ignorant_avoider,14.1,0.126,7,0,0,0.7,speeding_up,0,0,0.0,3,4,impulsive,0.302,0.0,0.0,0.0,0.0
ignorant_avoider,12.4,0.181,4,0,0,0.7,speeding_up,0,0,0.0,4,3,impulsive,0.065,0.0,0.0,0.0,0.0
ignorant_avoider,13.7,0.168,2,0,0,0.7,speeding_up,0,0,0.0,4,3,impulsive,0.294,0.0,0.0,0.0,0.0
ignorant_avoider,10.6,0.176,6,0,0,1.2,speeding_up,0,0,0.0,3,4,impulsive,0.352,0.0,0.0,0.0,0.0
ignorant_avoider,7.5,0.114,1,0,0,0.5,speeding_up,1,0,0.0,3,4,impulsive,0.05,0.0,0.0,0.0,0.0
ignorant_avoider,8.9,0.093,4,0,0,0.8,speeding_up,1,0,0.0,2,5,impulsive,0.273,0.0,0.0,0.0,0.0
ignorant_avoider,6.4,0.169,5,0,0,0.4,speeding_up,0,0,0.0,4,3,impulsive,0.042,0.0,0.0,0.0,0.0
ignorant_avoider,11.2,0.09,4,0,0,0.9,speeding_up,0,0,0.0,3,4,impulsive,0.43,0.0,0.0,0.0,0.0
ignorant_avoider,10.1,0.151,6,0,0,1.0,speeding_up,0,0,0.0,2,5,impulsive,0.012,0.0,0.0,0.0,0.0
ignorant_avoider,8.9,0.145,2,0,0,0.7,speeding_up,0,0,0.0,3,4,impulsive,0.005,0.0,0.0,0.0,0.0
ignorant_avoider,19.1,0.157,2,0,0,1.5,speeding_up,0,0,0.0,2,5,impulsive,0.111,0.0,0.0,0.0,0.0
ignorant_avoider,13.8,0.133,7,0,0,0.8,speeding_up,0,0,0.0,4,3,impulsive,0.141,0.0,0.0,0.0,0.0
ignorant_avoider,7.1,0.105,4,0,0,1.0,speeding_up,0,0,0.0,3,4,impulsive,0.044,0.0,0.0,0.0,0.0
ignorant_avoider,13.2,0.211,5,0,0,0.3,speeding_up,0,0,0.0,2,5,impulsive,0.152,0.0,0.0,0.0,0.0
ignorant_avoider,17.0,0.144,2,0,0,1.0,speeding_up,0,0,0.0,4,3,impulsive,0.095,0.0,0.0,0.0,0.0
ignorant_avoider,10.1,0.121,4,0,0,0.9,speeding_up,0,0,0.0,3,4,impulsive,0.107,0.0,0.0,0.0,0.0
ignorant_avoider,11.6,0.164,3,0,0,1.1,speeding_up,0,0,0.0,2,5,impulsive,0.061,0.0,0.0,0.0,0.0
ignorant_avoider,14.9,0.135,7,0,0,0.7,speeding_up,0,0,0.0,2,5,impulsive,0.1,0.0,0.0,0.0,0.0
ignorant_avoider,10.8,0.145,4,0,0,1.0,speeding_up,0,0,0.0,4,3,impulsive,0.022,0.0,0.0,0.0,0.0
ignorant_avoider,12.0,0.165,6,0,0,0.9,speeding_up,0,0,0.0,3,4,impulsive,0.106,0.0,0.0,0.0,0.0
ignorant_avoider,13.8,0.198,5,0,0,1.3,speeding_up,0,0,0.0,2,5,impulsive,0.028,0.0,0.0,0.0,0.0
ignorant_avoider,14.0,0.181,3,0,0,1.2,speeding_up,0,0,0.0,2,5,impulsive,0.014,0.0,0.0,0.0,0.0
ignorant_avoider,13.3,0.203,4,0,0,1.4,speeding_up,0,0,0.0,3,4,impulsive,0.18,0.0,0.0,0.0,0.0
ignorant_avoider,6.8,0.131,4,0,0,1.0,speeding_up,0,0,0.0,3,4,impulsive,0.074,0.0,0.0,0.0,0.0
ignorant_avoider,13.7,0.181,4,0,0,0.8,speeding_up,0,0,0.0,4,3,impulsive,0.0,0.0,0.0,0.0,0.0
ignorant_avoider,12.1,0.192,4,0,0,1.0,speeding_up,0,0,0.0,2,5,impulsive,0.021,0.0,0.0,0.0,0.0
ignorant_avoider,7.9,0.222,6,0,0,1.5,speeding_up,0,0,0.0,2,5,impulsive,0.496,0.0,0.0,0.0,0.0
ignorant_avoider,10.3,0.169,2,0,0,0.9,speeding_up,0,0,0.0,3,4,impulsive,0.005,0.0,0.0,0.0,0.0
ignorant_avoider,15.9,0.109,1,0,0,1.3,speeding_up,0,0,0.0,4,3,impulsive,0.044,0.0,0.0,0.0,0.0
ignorant_avoider,5.5,0.131,3,0,0,1.4,speeding_up,0,0,0.0,4,3,impulsive,0.277,0.0,0.0,0.0,0.0
ignorant_avoider,12.8,0.133,7,0,0,1.0,speeding_up,0,0,0.0,4,3,impulsive,0.28,0.0,0.0,0.0,0.0
ignorant_avoider,13.1,0.154,3,0,0,1.4,speeding_up,0,0,0.0,2,5,impulsive,0.132,0.0,0.0,0.0,0.0
ignorant_avoider,12.6,0.198,5,0,0,1.1,speeding_up,0,0,0.0,4,3,impulsive,0.148,0.0,0.0,0.0,0.0
ignorant_avoider,12.2,0.147,3,0,0,1.3,speeding_up,0,0,0.0,3,4,impulsive,0.27,0.0,0.0,0.0,0.0
ignorant_avoider,13.1,0.083,4,0,0,0.9,speeding_up,0,0,0.0,4,3,impulsive,0.035,0.0,0.0,0.0,0.0
ignorant_avoider,9.9,0.126,4,0,0,1.4,speeding_up,0,0,0.0,3,4,impulsive,0.02,0.0,0.0,0.0,0.0
ignorant_avoider,16.6,0.199,2,0,0,1.1,speeding_up,0,0,0.0,3,4,impulsive,0.11,0.0,0.0,0.0,0.0
ignorant_avoider,13.3,0.057,3,0,0,1.1,speeding_up,0,0,0.0,2,5,impulsive,0.18,0.0,0.0,0.0,0.0
ignorant_avoider,11.5,0.077,4,0,0,1.4,speeding_up,0,0,0.0,4,3,impulsive,0.508,0.0,0.0,0.0,0.0
ignorant_avoider,12.0,0.133,5,0,0,1.4,speeding_up,0,0,0.0,4,3,impulsive,0.434,0.0,0.0,0.0,0.0
ignorant_avoider,19.5,0.127,6,0,0,0.4,speeding_up,0,0,0.0,2,5,impulsive,0.319,0.0,0.0,0.0,0.0
ignorant_avoider,13.0,0.069,3,0,0,0.7,speeding_up,0,0,0.0,3,4,impulsive,0.343,0.0,0.0,0.0,0.0
ignorant_avoider,8.6,0.105,5,0,0,0.7,speeding_up,0,0,0.0,2,5,impulsive,0.224,0.0,0.0,0.0,0.0
ignorant_avoider,10.5,0.212,7,0,0,1.1,speeding_up,0,0,0.0,3,4,impulsive,0.072,0.0,0.0,0.0,0.0
ignorant_avoider,15.1,0.112,4,0,0,0.9,speeding_up,0,0,0.0,2,5,impulsive,0.304,0.0,0.0,0.0,0.0
ignorant_avoider,7.6,0.183,6,0,0,0.8,speeding_up,0,0,0.0,2,5,impulsive,0.235,0.0,0.0,0.0,0.0
ignorant_avoider,10.4,0.045,7,0,0,0.8,speeding_up,0,0,0.0,2,5,impulsive,0.088,0.0,0.0,0.0,0.0
ignorant_avoider,10.6,0.113,3,0,0,1.3,speeding_up,0,0,0.0,3,4,impulsive,0.012,0.0,0.0,0.0,0.0
ignorant_avoider,14.1,0.251,7,0,0,1.0,speeding_up,0,0,0.0,3,4,impulsive,0.136,0.0,0.0,0.0,0.0
ignorant_avoider,11.9,0.143,2,0,0,0.9,speeding_up,0,0,0.0,2,5,impulsive,0.007,0.0,0.0,0.0,0.0
ignorant_avoider,14.3,0.225,7,0,0,1.2,speeding_up,0,0,0.0,3,4,impulsive,0.023,0.0,0.0,0.0,0.0
ignorant_avoider,15.5,0.183,7,0,0,1.1,speeding_up,0,0,0.0,4,3,impulsive,0.038,0.0,0.0,0.0,0.0
ignorant_avoider,12.0,0.156,4,0,0,1.8,speeding_up,0,0,0.0,3,4,impulsive,0.155,0.0,0.0,0.0,0.0
ignorant_avoider,16.3,0.15,5,0,0,1.1,speeding_up,0,0,0.0,3,4,impulsive,0.266,0.0,0.0,0.0,0.0
ignorant_avoider,12.6,0.123,5,0,0,0.5,speeding_up,0,0,0.0,2,5,impulsive,0.195,0.0,0.0,0.0,0.0
ignorant_avoider,12.0,0.103,3,0,0,0.8,speeding_up,0,0,0.0,3,4,impulsive,0.319,0.0,0.0,0.0,0.0
ignorant_avoider,15.1,0.133,2,0,0,1.2,speeding_up,0,0,0.0,4,3,impulsive,0.263,0.0,0.0,0.0,0.0
ignorant_avoider,6.8,0.135,3,0,0,1.1,speeding_up,0,0,0.0,4,3,impulsive,0.178,0.0,0.0,0.0,0.0
ignorant_avoider,14.5,0.168,6,0,0,0.6,speeding_up,0,0,0.0,2,5,impulsive,0.087,0.0,0.0,0.0,0.0
ignorant_avoider,7.5,0.114,6,0,0,0.8,speeding_up,0,0,0.0,4,3,impulsive,0.509,0.0,0.0,0.0,0.0
ignorant_avoider,8.3,0.148,7,0,0,1.2,speeding_up,0,0,0.0,4,3,impulsive,0.109,0.0,0.0,0.0,0.0
ignorant_avoider,17.6,0.117,4,0,0,1.2,speeding_up,0,0,0.0,4,3,impulsive,0.102,0.0,0.0,0.0,0.0
ignorant_avoider,10.1,0.163,6,0,0,1.4,speeding_up,0,0,0.0,2,5,impulsive,0.21,0.0,0.0,0.0,0.0
ignorant_avoider,16.0,0.193,7,0,0,0.8,speeding_up,1,0,0.0,4,3,impulsive,0.429,0.0,0.0,0.0,0.0
ignorant_avoider,10.3,0.137,2,0,0,1.5,speeding_up,0,0,0.0,4,3,impulsive,0.02,0.0,0.0,0.0,0.0
ignorant_avoider,4.8,0.104,7,0,0,0.3,speeding_up,0,0,0.0,2,5,impulsive,0.248,0.0,0.0,0.0,0.0
ignorant_avoider,11.8,0.125,5,0,0,0.8,speeding_up,0,0,0.0,2,5,impulsive,0.104,0.0,0.0,0.0,0.0
ignorant_avoider,15.4,0.098,1,0,0,1.3,speeding_up,0,0,0.0,2,5,impulsive,0.142,0.0,0.0,0.0,0.0
ignorant_avoider,9.7,0.105,2,0,0,1.0,speeding_up,0,0,0.0,4,3,impulsive,0.07,0.0,0.0,0.0,0.0
ignorant_avoider,10.3,0.129,7,0,0,1.1,speeding_up,0,0,0.0,3,4,impulsive,0.131,0.0,0.0,0.0,0.0
ignorant_avoider,11.1,0.079,3,0,0,0.6,speeding_up,0,0,0.0,2,5,impulsive,0.28,0.0,0.0,0.0,0.0
ignorant_avoider,6.6,0.204,2,0,0,1.4,speeding_up,0,0,0.0,4,3,impulsive,0.109,0.0,0.0,0.0,0.0
ignorant_avoider,13.0,0.113,4,0,0,1.0,speeding_up,0,0,0.0,2,5,impulsive,0.16,0.0,0.0,0.0,0.0
ignorant_avoider,12.3,0.157,3,0,0,1.0,speeding_up,0,0,0.0,4,3,impulsive,0.069,0.0,0.0,0.0,0.0
ignorant_avoider,17.2,0.223,4,0,0,1.1,speeding_up,0,0,0.0,2,5,impulsive,0.063,0.0,0.0,0.0,0.0
ignorant_avoider,11.4,0.195,4,0,0,0.9,speeding_up,1,0,0.0,4,3,impulsive,0.061,0.0,0.0,0.0,0.0
ignorant_avoider,11.3,0.151,7,0,0,1.0,speeding_up,0,0,0.0,4,3,impulsive,0.028,0.0,0.0,0.0,0.0
ignorant_avoider,14.4,0.08,2,0,0,1.0,speeding_up,0,0,0.0,4,3,impulsive,0.128,0.0,0.0,0.0,0.0
ignorant_avoider,13.4,0.204,7,0,0,1.0,speeding_up,0,0,0.0,3,4,impulsive,0.159,0.0,0.0,0.0,0.0
ignorant_avoider,10.4,0.116,5,0,0,1.7,speeding_up,0,0,0.0,3,4,impulsive,0.085,0.0,0.0,0.0,0.0
ignorant_avoider,15.4,0.17,7,0,0,1.1,speeding_up,0,0,0.0,4,3,impulsive,0.039,0.0,0.0,0.0,0.0
ignorant_avoider,19.3,0.226,6,0,0,0.7,speeding_up,1,0,0.0,2,5,impulsive,0.089,0.0,0.0,0.0,0.0
ignorant_avoider,11.3,0.196,5,0,0,0.7,speeding_up,0,0,0.0,3,4,impulsive,0.091,0.0,0.0,0.0,0.0
ignorant_avoider,12.5,0.186,3,0,0,0.7,speeding_up,0,0,0.0,2,5,impulsive,0.309,0.0,0.0,0.0,0.0
ignorant_avoider,16.0,0.186,5,0,0,1.5,speeding_up,0,0,0.0,3,4,impulsive,0.081,0.0,0.0,0.0,0.0
ignorant_avoider,11.1,0.168,7,0,0,1.0,speeding_up,0,0,0.0,2,5,impulsive,0.078,0.0,0.0,0.0,0.0
ignorant_avoider,13.6,0.182,7,0,0,1.8,speeding_up,0,0,0.0,4,3,impulsive,0.05,0.0,0.0,0.0,0.0
ignorant_avoider,10.4,0.156,6,0,0,1.5,speeding_up,0,0,0.0,3,4,impulsive,0.043,0.0,0.0,0.0,0.0
ignorant_avoider,11.5,0.105,5,0,0,1.3,speeding_up,0,0,0.0,4,3,impulsive,0.326,0.0,0.0,0.0,0.0
ignorant_avoider,14.7,0.133,5,0,0,1.2,speeding_up,0,0,0.0,2,5,impulsive,0.056,0.0,0.0,0.0,0.0
ignorant_avoider,10.7,0.184,4,0,0,1.5,speeding_up,0,0,0.0,3,4,impulsive,0.305,0.0,0.0,0.0,0.0
ignorant_avoider,11.4,0.072,2,0,0,1.2,speeding_up,0,0,0.0,2,5,impulsive,0.257,0.0,0.0,0.0,0.0
ignorant_avoider,11.1,0.129,7,0,0,0.4,speeding_up,0,0,0.0,2,5,impulsive,0.228,0.0,0.0,0.0,0.0
ignorant_avoider,17.0,0.143,3,0,0,1.2,speeding_up,0,0,0.0,3,4,impulsive,0.139,0.0,0.0,0.0,0.0
ignorant_avoider,13.2,0.276,2,0,0,0.7,speeding_up,0,0,0.0,2,5,impulsive,0.056,0.0,0.0,0.0,0.0
ignorant_avoider,10.8,0.241,2,0,0,1.5,speeding_up,0,0,0.0,3,4,impulsive,0.098,0.0,0.0,0.0,0.0
ignorant_avoider,16.3,0.239,5,0,0,0.8,speeding_up,0,0,0.0,4,3,impulsive,0.123,0.0,0.0,0.0,0.0
ignorant_avoider,14.8,0.125,6,0,0,0.7,speeding_up,0,0,0.0,4,3,impulsive,0.038,0.0,0.0,0.0,0.0
ignorant_avoider,9.6,0.119,7,0,0,1.9,speeding_up,0,0,0.0,3,4,impulsive,0.097,0.0,0.0,0.0,0.0
ignorant_avoider,14.5,0.197,7,0,0,1.2,speeding_up,0,0,0.0,3,4,impulsive,0.236,0.0,0.0,0.0,0.0
ignorant_avoider,10.9,0.147,5,0,0,1.3,speeding_up,0,0,0.0,3,4,impulsive,0.019,0.0,0.0,0.0,0.0
ignorant_avoider,9.6,0.037,4,0,0,0.8,speeding_up,0,0,0.0,4,3,impulsive,0.19,0.0,0.0,0.0,0.0
ignorant_avoider,7.1,0.149,6,0,0,1.1,speeding_up,0,0,0.0,4,3,impulsive,0.007,0.0,0.0,0.0,0.0
ignorant_avoider,10.2,0.075,7,0,0,0.9,speeding_up,0,0,0.0,4,3,impulsive,0.093,0.0,0.0,0.0,0.0
ignorant_avoider,13.2,0.15,7,0,0,1.4,speeding_up,0,0,0.0,4,3,impulsive,0.005,0.0,0.0,0.0,0.0
ignorant_avoider,16.3,0.135,4,0,0,1.1,speeding_up,0,0,0.0,4,3,impulsive,0.054,0.0,0.0,0.0,0.0
ignorant_avoider,12.2,0.106,7,0,0,1.0,speeding_up,0,0,0.0,2,5,impulsive,0.114,0.0,0.0,0.0,0.0
ignorant_avoider,14.7,0.151,4,0,0,1.1,speeding_up,0,0,0.0,3,4,impulsive,0.018,0.0,0.0,0.0,0.0
ignorant_avoider,10.3,0.118,7,0,0,0.9,speeding_up,0,0,0.0,3,4,impulsive,0.234,0.0,0.0,0.0,0.0
ignorant_avoider,8.2,0.131,3,0,0,1.1,speeding_up,0,0,0.0,4,3,impulsive,0.066,0.0,0.0,0.0,0.0
ignorant_avoider,11.8,0.141,3,0,0,1.3,speeding_up,0,0,0.0,2,5,impulsive,0.326,0.0,0.0,0.0,0.0
ignorant_avoider,9.8,0.223,3,0,0,1.3,speeding_up,0,0,0.0,4,3,impulsive,0.01,0.0,0.0,0.0,0.0
ignorant_avoider,22.4,0.132,5,0,0,1.0,speeding_up,0,0,0.0,2,5,impulsive,0.119,0.0,0.0,0.0,0.0
ignorant_avoider,8.8,0.081,2,0,0,0.9,speeding_up,0,0,0.0,4,3,impulsive,0.082,0.0,0.0,0.0,0.0
ignorant_avoider,12.1,0.188,2,0,0,1.5,speeding_up,0,0,0.0,3,4,impulsive,0.096,0.0,0.0,0.0,0.0
ignorant_avoider,12.9,0.157,6,0,0,1.0,speeding_up,0,0,0.0,2,5,impulsive,0.122,0.0,0.0,0.0,0.0
ignorant_avoider,8.4,0.179,4,0,0,0.9,speeding_up,0,0,0.0,3,4,impulsive,0.127,0.0,0.0,0.0,0.0
ignorant_avoider,6.7,0.044,7,0,0,1.1,speeding_up,0,0,0.0,4,3,impulsive,0.099,0.0,0.0,0.0,0.0
ignorant_avoider,10.8,0.165,3,0,0,1.5,speeding_up,0,0,0.0,2,5,impulsive,0.045,0.0,0.0,0.0,0.0
ignorant_avoider,13.0,0.195,3,0,0,0.7,speeding_up,0,0,0.0,3,4,impulsive,0.457,0.0,0.0,0.0,0.0
ignorant_avoider,14.4,0.177,7,0,0,1.5,speeding_up,0,0,0.0,4,3,impulsive,0.274,0.0,0.0,0.0,0.0
ignorant_avoider,16.2,0.21,3,0,0,1.2,speeding_up,0,0,0.0,4,3,impulsive,0.031,0.0,0.0,0.0,0.0
ignorant_avoider,12.2,0.183,3,0,0,1.5,speeding_up,0,0,0.0,2,5,impulsive,0.073,0.0,0.0,0.0,0.0
ignorant_avoider,16.0,0.13,1,0,0,0.8,speeding_up,0,0,0.0,2,5,impulsive,0.067,0.0,0.0,0.0,0.0
ignorant_avoider,6.0,0.178,3,0,0,1.2,speeding_up,0,0,0.0,2,5,impulsive,0.118,0.0,0.0,0.0,0.0
ignorant_avoider,10.7,0.154,5,0,0,1.5,speeding_up,0,0,0.0,2,5,impulsive,0.075,0.0,0.0,0.0,0.0
ignorant_avoider,11.5,0.114,4,0,0,1.1,speeding_up,0,0,0.0,2,5,impulsive,0.073,0.0,0.0,0.0,0.0
ignorant_avoider,13.5,0.077,7,0,0,1.1,speeding_up,1,0,0.0,4,3,impulsive,0.106,0.0,0.0,0.0,0.0
ignorant_avoider,15.3,0.091,4,0,0,1.3,speeding_up,0,0,0.0,3,4,impulsive,0.041,0.0,0.0,0.0,0.0
ignorant_avoider,14.5,0.225,1,0,0,1.0,speeding_up,0,0,0.0,3,4,impulsive,0.109,0.0,0.0,0.0,0.0
ignorant_avoider,9.1,0.115,7,0,0,1.1,speeding_up,0,0,0.0,4,3,impulsive,0.163,0.0,0.0,0.0,0.0
ignorant_avoider,10.2,0.129,7,0,0,1.2,speeding_up,0,0,0.0,4,3,impulsive,0.027,0.0,0.0,0.0,0.0
ignorant_avoider,11.4,0.185,5,0,0,1.1,speeding_up,0,0,0.0,3,4,impulsive,0.232,0.0,0.0,0.0,0.0
ignorant_avoider,11.0,0.153,3,0,0,0.9,speeding_up,0,0,0.0,4,3,impulsive,0.198,0.0,0.0,0.0,0.0
ignorant_avoider,6.7,0.222,7,0,0,0.8,speeding_up,0,0,0.0,3,4,impulsive,0.282,0.0,0.0,0.0,0.0
ignorant_avoider,10.7,0.142,2,0,0,1.3,speeding_up,0,0,0.0,2,5,impulsive,0.011,0.0,0.0,0.0,0.0
ignorant_avoider,18.2,0.145,5,0,0,0.7,speeding_up,0,0,0.0,2,5,impulsive,0.034,0.0,0.0,0.0,0.0
ignorant_avoider,13.7,0.092,3,0,0,1.1,speeding_up,0,0,0.0,4,3,impulsive,0.094,0.0,0.0,0.0,0.0
ignorant_avoider,15.9,0.104,3,0,0,1.1,speeding_up,0,0,0.0,4,3,impulsive,0.051,0.0,0.0,0.0,0.0
ignorant_avoider,6.6,0.077,4,0,0,0.6,speeding_up,0,0,0.0,3,4,impulsive,0.166,0.0,0.0,0.0,0.0
ignorant_avoider,16.1,0.21,3,0,0,2.1,speeding_up,0,0,0.0,4,3,impulsive,0.315,0.0,0.0,0.0,0.0
ignorant_avoider,12.8,0.15,3,0,0,0.8,speeding_up,0,0,0.0,2,5,impulsive,0.093,0.0,0.0,0.0,0.0
ignorant_avoider,10.7,0.048,1,0,0,1.3,speeding_up,0,0,0.0,4,3,impulsive,0.058,0.0,0.0,0.0,0.0
ignorant_avoider,13.0,0.197,3,0,0,1.2,speeding_up,1,0,0.0,2,5,impulsive,0.196,0.0,0.0,0.0,0.0
ignorant_avoider,8.6,0.115,5,0,0,0.8,speeding_up,0,0,0.0,3,4,impulsive,0.086,0.0,0.0,0.0,0.0
ignorant_avoider,12.1,0.155,2,0,0,0.9,speeding_up,0,0,0.0,4,3,impulsive,0.46,0.0,0.0,0.0,0.0
ignorant_avoider,15.8,0.143,3,0,0,0.9,speeding_up,0,0,0.0,4,3,impulsive,0.179,0.0,0.0,0.0,0.0
ignorant_avoider,14.9,0.151,2,0,0,1.3,speeding_up,1,0,0.0,3,4,impulsive,0.297,0.0,0.0,0.0,0.0
ignorant_avoider,13.7,0.085,7,0,0,0.7,speeding_up,0,0,0.0,2,5,impulsive,0.22,0.0,0.0,0.0,0.0
ignorant_avoider,10.0,0.164,7,0,0,0.7,speeding_up,0,0,0.0,4,3,impulsive,0.036,0.0,0.0,0.0,0.0
ignorant_avoider,11.4,0.113,3,0,0,1.7,speeding_up,0,0,0.0,4,3,impulsive,0.023,0.0,0.0,0.0,0.0
ignorant_avoider,5.4,0.082,6,0,0,0.8,speeding_up,0,0,0.0,2,5,impulsive,0.311,0.0,0.0,0.0,0.0
ignorant_avoider,12.3,0.204,5,0,0,1.2,speeding_up,0,0,0.0,3,4,impulsive,0.303,0.0,0.0,0.0,0.0
ignorant_avoider,16.0,0.152,4,0,0,0.9,speeding_up,0,0,0.0,4,3,impulsive,0.013,0.0,0.0,0.0,0.0
ignorant_avoider,10.7,0.206,7,0,0,1.1,speeding_up,0,0,0.0,3,4,impulsive,0.077,0.0,0.0,0.0,0.0
ignorant_avoider,10.2,0.162,7,0,0,1.3,speeding_up,0,0,0.0,4,3,impulsive,0.377,0.0,0.0,0.0,0.0
ignorant_avoider,14.6,0.203,3,0,0,1.3,speeding_up,0,0,0.0,3,4,impulsive,0.012,0.0,0.0,0.0,0.0
ignorant_avoider,9.1,0.174,3,0,0,1.3,speeding_up,0,0,0.0,2,5,impulsive,0.187,0.0,0.0,0.0,0.0
ignorant_avoider,12.8,0.132,3,0,0,0.7,speeding_up,0,0,0.0,3,4,impulsive,0.238,0.0,0.0,0.0,0.0
ignorant_avoider,13.8,0.179,5,0,0,1.8,speeding_up,0,0,0.0,2,5,impulsive,0.321,0.0,0.0,0.0,0.0
ignorant_avoider,6.9,0.147,5,0,0,0.8,speeding_up,0,0,0.0,2,5,impulsive,0.161,0.0,0.0,0.0,0.0
ignorant_avoider,12.9,0.099,5,0,0,1.2,speeding_up,0,0,0.0,3,4,impulsive,0.011,0.0,0.0,0.0,0.0
ignorant_avoider,10.7,0.218,7,0,0,1.2,speeding_up,0,0,0.0,2,5,impulsive,0.233,0.0,0.0,0.0,0.0
ignorant_avoider,12.9,0.048,4,0,0,0.9,speeding_up,0,0,0.0,3,4,impulsive,0.41,0.0,0.0,0.0,0.0
ignorant_avoider,12.9,0.177,6,0,0,1.2,speeding_up,0,0,0.0,4,3,impulsive,0.02,0.0,0.0,0.0,0.0
ignorant_avoider,13.5,0.184,4,0,0,0.8,speeding_up,0,0,0.0,4,3,impulsive,0.069,0.0,0.0,0.0,0.0
ignorant_avoider,12.2,0.147,4,0,0,1.2,speeding_up,1,0,0.0,2,5,impulsive,0.1,0.0,0.0,0.0,0.0
ignorant_avoider,9.7,0.152,5,0,0,1.1,speeding_up,0,0,0.0,2,5,impulsive,0.044,0.0,0.0,0.0,0.0
ignorant_avoider,9.7,0.117,5,0,0,1.3,speeding_up,0,0,0.0,3,4,impulsive,0.041,0.0,0.0,0.0,0.0
ignorant_avoider,13.4,0.112,6,0,0,0.7,speeding_up,0,0,0.0,2,5,impulsive,0.036,0.0,0.0,0.0,0.0
ignorant_avoider,15.0,0.115,7,0,0,1.5,speeding_up,0,0,0.0,4,3,impulsive,0.055,0.0,0.0,0.0,0.0
ignorant_avoider,12.0,0.212,6,0,0,1.4,speeding_up,0,0,0.0,2,5,impulsive,0.05,0.0,0.0,0.0,0.0
ignorant_avoider,15.7,0.236,5,0,0,1.1,speeding_up,1,0,0.0,2,5,impulsive,0.133,0.0,0.0,0.0,0.0
ignorant_avoider,12.2,0.166,5,0,0,0.9,speeding_up,0,0,0.0,4,3,impulsive,0.179,0.0,0.0,0.0,0.0
ignorant_avoider,9.9,0.159,3,0,0,1.3,speeding_up,0,0,0.0,2,5,impulsive,0.06,0.0,0.0,0.0,0.0
ignorant_avoider,9.0,0.095,6,0,0,1.1,speeding_up,0,0,0.0,4,3,impulsive,0.108,0.0,0.0,0.0,0.0
ignorant_avoider,8.6,0.076,4,0,0,1.5,speeding_up,1,0,0.0,2,5,impulsive,0.175,0.0,0.0,0.0,0.0
ignorant_avoider,10.1,0.167,4,0,0,1.3,speeding_up,0,0,0.0,2,5,impulsive,0.125,0.0,0.0,0.0,0.0
ignorant_avoider,10.0,0.251,4,0,0,1.1,speeding_up,0,0,0.0,3,4,impulsive,0.206,0.0,0.0,0.0,0.0
ignorant_avoider,10.3,0.137,4,0,0,1.1,speeding_up,0,0,0.0,2,5,impulsive,0.016,0.0,0.0,0.0,0.0
ignorant_avoider,10.7,0.167,3,0,0,0.3,speeding_up,0,0,0.0,4,3,impulsive,0.03,0.0,0.0,0.0,0.0
ignorant_avoider,13.2,0.01,1,0,0,1.1,speeding_up,0,0,0.0,3,4,impulsive,0.165,0.0,0.0,0.0,0.0
ignorant_avoider,10.1,0.16,3,0,0,0.7,speeding_up,0,0,0.0,2,5,impulsive,0.182,0.0,0.0,0.0,0.0
ignorant_avoider,13.5,0.165,6,0,0,1.5,speeding_up,0,0,0.0,3,4,impulsive,0.197,0.0,0.0,0.0,0.0
ignorant_avoider,14.0,0.158,3,0,0,0.8,speeding_up,0,0,0.0,2,5,impulsive,0.187,0.0,0.0,0.0,0.0
ignorant_avoider,16.3,0.144,5,0,0,0.7,speeding_up,0,0,0.0,2,5,impulsive,0.262,0.0,0.0,0.0,0.0
ignorant_avoider,18.6,0.262,4,0,0,1.2,speeding_up,0,0,0.0,4,3,impulsive,0.063,0.0,0.0,0.0,0.0
ignorant_avoider,12.9,0.152,4,0,0,0.7,speeding_up,0,0,0.0,2,5,impulsive,0.108,0.0,0.0,0.0,0.0
ignorant_avoider,13.5,0.141,7,0,0,1.3,speeding_up,0,0,0.0,4,3,impulsive,0.051,0.0,0.0,0.0,0.0
ignorant_avoider,14.9,0.13,4,0,0,1.1,speeding_up,0,0,0.0,2,5,impulsive,0.046,0.0,0.0,0.0,0.0
ignorant_avoider,12.1,0.265,1,0,0,1.3,speeding_up,0,0,0.0,2,5,impulsive,0.178,0.0,0.0,0.0,0.0
ignorant_avoider,13.3,0.159,3,0,0,1.1,speeding_up,0,0,0.0,4,3,impulsive,0.046,0.0,0.0,0.0,0.0
ignorant_avoider,10.3,0.155,5,0,0,1.2,speeding_up,0,0,0.0,3,4,impulsive,0.154,0.0,0.0,0.0,0.0
ignorant_avoider,16.0,0.117,5,0,0,1.1,speeding_up,0,0,0.0,4,3,impulsive,0.161,0.0,0.0,0.0,0.0
ignorant_avoider,17.5,0.132,4,0,0,1.2,speeding_up,0,0,0.0,2,5,impulsive,0.103,0.0,0.0,0.0,0.0
ignorant_avoider,9.1,0.207,3,0,0,0.9,speeding_up,1,0,0.0,4,3,impulsive,0.1,0.0,0.0,0.0,0.0
ignorant_avoider,15.2,0.247,2,0,0,1.4,speeding_up,0,0,0.0,4,3,impulsive,0.379,0.0,0.0,0.0,0.0
ignorant_avoider,13.5,0.135,6,0,0,1.5,speeding_up,0,0,0.0,4,3,impulsive,0.181,0.0,0.0,0.0,0.0
ignorant_avoider,10.5,0.143,3,0,0,1.5,speeding_up,1,0,0.0,4,3,impulsive,0.07,0.0,0.0,0.0,0.0
ignorant_avoider,8.6,0.066,7,0,0,1.2,speeding_up,0,0,0.0,2,5,impulsive,0.091,0.0,0.0,0.0,0.0
ignorant_avoider,11.1,0.041,7,0,0,0.9,speeding_up,0,0,0.0,3,4,impulsive,0.097,0.0,0.0,0.0,0.0
ignorant_avoider,10.0,0.278,7,0,0,1.4,speeding_up,0,0,0.0,4,3,impulsive,0.068,0.0,0.0,0.0,0.0
ignorant_avoider,15.0,0.181,4,0,0,1.0,speeding_up,0,0,0.0,4,3,impulsive,0.217,0.0,0.0,0.0,0.0
ignorant_avoider,10.0,0.086,3,0,0,1.4,speeding_up,0,0,0.0,4,3,impulsive,0.203,0.0,0.0,0.0,0.0
ignorant_avoider,9.7,0.111,2,0,0,1.5,speeding_up,0,0,0.0,2,5,impulsive,0.313,0.0,0.0,0.0,0.0
ignorant_avoider,11.2,0.192,7,0,0,0.6,speeding_up,0,0,0.0,3,4,impulsive,0.011,0.0,0.0,0.0,0.0
ignorant_avoider,9.3,0.123,7,0,0,1.2,speeding_up,0,0,0.0,4,3,impulsive,0.164,0.0,0.0,0.0,0.0
ignorant_avoider,6.5,0.026,5,0,0,0.4,speeding_up,0,0,0.0,4,3,impulsive,0.447,0.0,0.0,0.0,0.0
ignorant_avoider,11.9,0.075,5,0,0,0.7,speeding_up,0,0,0.0,4,3,impulsive,0.064,0.0,0.0,0.0,0.0
ignorant_avoider,8.5,0.121,7,0,0,1.5,speeding_up,1,0,0.0,2,5,impulsive,0.043,0.0,0.0,0.0,0.0
ignorant_avoider,10.9,0.079,5,0,0,1.3,speeding_up,0,0,0.0,3,4,impulsive,0.053,0.0,0.0,0.0,0.0
ignorant_avoider,10.7,0.169,1,0,0,0.8,speeding_up,0,0,0.0,2,5,impulsive,0.101,0.0,0.0,0.0,0.0
ignorant_avoider,12.4,0.07,3,0,0,1.1,speeding_up,0,0,0.0,4,3,impulsive,0.056,0.0,0.0,0.0,0.0
ignorant_avoider,16.3,0.227,5,0,0,0.9,speeding_up,0,0,0.0,4,3,impulsive,0.327,0.0,0.0,0.0,0.0
ignorant_avoider,6.0,0.183,7,0,0,0.7,speeding_up,0,0,0.0,3,4,impulsive,0.058,0.0,0.0,0.0,0.0
ignorant_avoider,12.6,0.079,6,0,0,1.2,speeding_up,0,0,0.0,3,4,impulsive,0.148,0.0,0.0,0.0,0.0
ignorant_avoider,13.7,0.187,1,0,0,0.9,speeding_up,0,0,0.0,4,3,impulsive,0.137,0.0,0.0,0.0,0.0
ignorant_avoider,7.3,0.069,3,0,0,0.5,speeding_up,0,0,0.0,2,5,impulsive,0.378,0.0,0.0,0.0,0.0
ignorant_avoider,16.2,0.209,5,0,0,1.0,speeding_up,0,0,0.0,4,3,impulsive,0.003,0.0,0.0,0.0,0.0
ignorant_avoider,10.3,0.188,4,0,0,1.0,speeding_up,0,0,0.0,3,4,impulsive,0.055,0.0,0.0,0.0,0.0
ignorant_avoider,18.9,0.125,4,0,0,1.2,speeding_up,0,0,0.0,4,3,impulsive,0.12,0.0,0.0,0.0,0.0
ignorant_avoider,17.5,0.143,7,0,0,1.2,speeding_up,0,0,0.0,2,5,impulsive,0.293,0.0,0.0,0.0,0.0
ignorant_avoider,9.2,0.164,2,0,0,1.1,speeding_up,0,0,0.0,3,4,impulsive,0.023,0.0,0.0,0.0,0.0
ignorant_avoider,9.4,0.195,5,0,0,1.2,speeding_up,0,0,0.0,3,4,impulsive,0.186,0.0,0.0,0.0,0.0
ignorant_avoider,15.8,0.077,4,0,0,0.6,speeding_up,0,0,0.0,2,5,impulsive,0.076,0.0,0.0,0.0,0.0
ignorant_avoider,11.8,0.226,7,0,0,0.9,speeding_up,0,0,0.0,3,4,impulsive,0.197,0.0,0.0,0.0,0.0
ignorant_avoider,16.3,0.191,5,0,0,0.9,speeding_up,0,0,0.0,2,5,impulsive,0.019,0.0,0.0,0.0,0.0
ignorant_avoider,11.1,0.122,5,0,0,1.1,speeding_up,0,0,0.0,3,4,impulsive,0.373,0.0,0.0,0.0,0.0
ignorant_avoider,11.0,0.055,7,0,0,1.6,speeding_up,0,0,0.0,4,3,impulsive,0.306,0.0,0.0,0.0,0.0
ignorant_avoider,14.0,0.075,4,0,0,1.2,speeding_up,1,0,0.0,2,5,impulsive,0.049,0.0,0.0,0.0,0.0
ignorant_avoider,6.8,0.194,7,0,0,1.2,speeding_up,0,0,0.0,2,5,impulsive,0.05,0.0,0.0,0.0,0.0
ignorant_avoider,12.4,0.141,7,0,0,1.0,speeding_up,0,0,0.0,2,5,impulsive,0.122,0.0,0.0,0.0,0.0
ignorant_avoider,17.0,0.01,3,0,0,0.8,speeding_up,0,0,0.0,2,5,impulsive,0.095,0.0,0.0,0.0,0.0
ignorant_avoider,12.0,0.189,7,0,0,1.1,speeding_up,1,0,0.0,3,4,impulsive,0.003,0.0,0.0,0.0,0.0
ignorant_avoider,12.1,0.127,4,0,0,0.9,speeding_up,0,0,0.0,2,5,impulsive,0.229,0.0,0.0,0.0,0.0
ignorant_avoider,14.0,0.133,6,0,0,0.8,speeding_up,0,0,0.0,4,3,impulsive,0.046,0.0,0.0,0.0,0.0
ignorant_avoider,9.4,0.134,6,0,0,1.2,speeding_up,0,0,0.0,3,4,impulsive,0.211,0.0,0.0,0.0,0.0
ignorant_avoider,12.4,0.123,5,0,0,0.8,speeding_up,0,0,0.0,3,4,impulsive,0.012,0.0,0.0,0.0,0.0
ignorant_avoider,11.8,0.202,7,0,0,0.8,speeding_up,0,0,0.0,2,5,impulsive,0.132,0.0,0.0,0.0,0.0
ignorant_avoider,11.6,0.169,1,0,0,1.1,speeding_up,0,0,0.0,3,4,impulsive,0.118,0.0,0.0,0.0,0.0
ignorant_avoider,11.6,0.141,4,0,0,1.1,speeding_up,0,0,0.0,4,3,impulsive,0.35,0.0,0.0,0.0,0.0
ignorant_avoider,12.0,0.13,7,0,0,0.9,speeding_up,0,0,0.0,2,5,impulsive,0.177,0.0,0.0,0.0,0.0
ignorant_avoider,12.3,0.181,6,0,0,1.1,speeding_up,0,0,0.0,4,3,impulsive,0.02,0.0,0.0,0.0,0.0
ignorant_avoider,10.9,0.243,2,0,0,1.2,speeding_up,0,0,0.0,2,5,impulsive,0.052,0.0,0.0,0.0,0.0
ignorant_avoider,10.7,0.186,4,0,0,1.1,speeding_up,0,0,0.0,2,5,impulsive,0.001,0.0,0.0,0.0,0.0
ignorant_avoider,10.8,0.15,5,0,0,1.0,speeding_up,1,0,0.0,3,4,impulsive,0.123,0.0,0.0,0.0,0.0
ignorant_avoider,8.2,0.108,3,0,0,1.1,speeding_up,0,0,0.0,3,4,impulsive,0.244,0.0,0.0,0.0,0.0
ignorant_avoider,12.5,0.2,6,0,0,1.2,speeding_up,0,0,0.0,4,3,impulsive,0.219,0.0,0.0,0.0,0.0
ignorant_avoider,13.2,0.132,5,0,0,0.6,speeding_up,0,0,0.0,2,5,impulsive,0.051,0.0,0.0,0.0,0.0
ignorant_avoider,10.9,0.142,1,0,0,0.8,speeding_up,0,0,0.0,2,5,impulsive,0.215,0.0,0.0,0.0,0.0
ignorant_avoider,9.6,0.123,5,0,0,1.1,speeding_up,0,0,0.0,2,5,impulsive,0.07,0.0,0.0,0.0,0.0
ignorant_avoider,14.8,0.07,4,0,0,1.0,speeding_up,0,0,0.0,3,4,impulsive,0.294,0.0,0.0,0.0,0.0
ignorant_avoider,12.4,0.07,7,0,0,0.8,speeding_up,0,0,0.0,4,3,impulsive,0.226,0.0,0.0,0.0,0.0
ignorant_avoider,12.4,0.176,6,0,0,0.8,speeding_up,0,0,0.0,3,4,impulsive,0.075,0.0,0.0,0.0,0.0
ignorant_avoider,14.3,0.12,6,0,0,1.2,speeding_up,0,0,0.0,3,4,impulsive,0.1,0.0,0.0,0.0,0.0
ignorant_avoider,9.9,0.111,7,0,0,1.3,speeding_up,0,0,0.0,4,3,impulsive,0.29,0.0,0.0,0.0,0.0
ignorant_avoider,8.0,0.229,4,0,0,0.9,speeding_up,0,0,0.0,4,3,impulsive,0.219,0.0,0.0,0.0,0.0
ignorant_avoider,10.4,0.124,5,0,0,1.3,speeding_up,1,0,0.0,4,3,impulsive,0.258,0.0,0.0,0.0,0.0
ignorant_avoider,11.4,0.148,3,0,0,1.2,speeding_up,0,0,0.0,4,3,impulsive,0.133,0.0,0.0,0.0,0.0
ignorant_avoider,13.2,0.219,5,0,0,1.3,speeding_up,0,0,0.0,3,4,impulsive,0.002,0.0,0.0,0.0,0.0
ignorant_avoider,12.2,0.164,4,0,0,1.5,speeding_up,1,0,0.0,3,4,impulsive,0.091,0.0,0.0,0.0,0.0
ignorant_avoider,11.2,0.138,4,0,0,1.3,speeding_up,0,0,0.0,3,4,impulsive,0.129,0.0,0.0,0.0,0.0
ignorant_avoider,13.8,0.05,6,0,0,1.3,speeding_up,0,0,0.0,3,4,impulsive,0.371,0.0,0.0,0.0,0.0
ignorant_avoider,17.3,0.15,1,0,0,1.4,speeding_up,0,0,0.0,4,3,impulsive,0.048,0.0,0.0,0.0,0.0
ignorant_avoider,9.6,0.052,7,0,0,0.6,speeding_up,0,0,0.0,2,5,impulsive,0.37,0.0,0.0,0.0,0.0
ignorant_avoider,8.0,0.14,4,0,0,1.4,speeding_up,0,0,0.0,2,5,impulsive,0.133,0.0,0.0,0.0,0.0
ignorant_avoider,12.5,0.129,3,0,0,1.1,speeding_up,0,0,0.0,2,5,impulsive,0.095,0.0,0.0,0.0,0.0
ignorant_avoider,8.5,0.178,3,0,0,0.8,speeding_up,0,0,0.0,2,5,impulsive,0.027,0.0,0.0,0.0,0.0
ignorant_avoider,9.1,0.203,7,0,0,1.0,speeding_up,0,0,0.0,3,4,impulsive,0.548,0.0,0.0,0.0,0.0
ignorant_avoider,13.0,0.154,3,0,0,1.1,speeding_up,0,0,0.0,4,3,impulsive,0.302,0.0,0.0,0.0,0.0
ignorant_avoider,15.4,0.209,7,0,0,1.5,speeding_up,0,0,0.0,3,4,impulsive,0.305,0.0,0.0,0.0,0.0
ignorant_avoider,10.5,0.128,3,0,0,1.1,speeding_up,0,0,0.0,4,3,impulsive,0.215,0.0,0.0,0.0,0.0
ignorant_avoider,6.9,0.13,4,0,0,1.0,speeding_up,0,0,0.0,2,5,impulsive,0.097,0.0,0.0,0.0,0.0
ignorant_avoider,14.2,0.097,6,0,0,1.4,speeding_up,0,0,0.0,2,5,impulsive,0.007,0.0,0.0,0.0,0.0
ignorant_avoider,9.9,0.166,6,0,0,0.7,speeding_up,0,0,0.0,2,5,impulsive,0.196,0.0,0.0,0.0,0.0
ignorant_avoider,13.1,0.11,2,0,0,0.3,speeding_up,0,0,0.0,2,5,impulsive,0.101,0.0,0.0,0.0,0.0
ignorant_avoider,16.5,0.099,5,0,0,0.9,speeding_up,0,0,0.0,4,3,impulsive,0.078,0.0,0.0,0.0,0.0
ignorant_avoider,15.3,0.267,7,0,0,1.4,speeding_up,0,0,0.0,3,4,impulsive,0.129,0.0,0.0,0.0,0.0
ignorant_avoider,15.9,0.166,6,0,0,1.3,speeding_up,0,0,0.0,2,5,impulsive,0.053,0.0,0.0,0.0,0.0
ignorant_avoider,14.0,0.113,5,0,0,1.4,speeding_up,1,0,0.0,3,4,impulsive,0.273,0.0,0.0,0.0,0.0
ignorant_avoider,8.7,0.225,7,0,0,1.1,speeding_up,0,0,0.0,3,4,impulsive,0.007,0.0,0.0,0.0,0.0
ignorant_avoider,11.2,0.087,2,0,0,1.4,speeding_up,0,0,0.0,4,3,impulsive,0.016,0.0,0.0,0.0,0.0
ignorant_avoider,13.4,0.07,4,0,0,1.5,speeding_up,0,0,0.0,2,5,impulsive,0.033,0.0,0.0,0.0,0.0
ignorant_avoider,11.9,0.141,2,0,0,1.4,speeding_up,0,0,0.0,3,4,impulsive,0.113,0.0,0.0,0.0,0.0
ignorant_avoider,14.2,0.162,6,0,0,1.4,speeding_up,0,0,0.0,3,4,impulsive,0.372,0.0,0.0,0.0,0.0
ignorant_avoider,8.4,0.124,5,0,0,0.8,speeding_up,0,0,0.0,4,3,impulsive,0.03,0.0,0.0,0.0,0.0
ignorant_avoider,11.4,0.111,3,0,0,1.2,speeding_up,0,0,0.0,2,5,impulsive,0.066,0.0,0.0,0.0,0.0
ignorant_avoider,14.7,0.163,4,0,0,0.8,speeding_up,0,0,0.0,3,4,impulsive,0.492,0.0,0.0,0.0,0.0
ignorant_avoider,9.4,0.078,5,0,0,0.8,speeding_up,0,0,0.0,4,3,impulsive,0.014,0.0,0.0,0.0,0.0
ignorant_avoider,12.6,0.209,7,0,0,1.3,speeding_up,0,0,0.0,2,5,impulsive,0.037,0.0,0.0,0.0,0.0
ignorant_avoider,10.7,0.122,2,0,0,1.2,speeding_up,0,0,0.0,3,4,impulsive,0.512,0.0,0.0,0.0,0.0
ignorant_avoider,8.1,0.108,7,0,0,0.5,speeding_up,0,0,0.0,4,3,impulsive,0.005,0.0,0.0,0.0,0.0
ignorant_avoider,12.0,0.226,7,0,0,0.8,speeding_up,0,0,0.0,3,4,impulsive,0.052,0.0,0.0,0.0,0.0
ignorant_avoider,11.1,0.183,5,0,0,1.3,speeding_up,0,0,0.0,3,4,impulsive,0.21,0.0,0.0,0.0,0.0
ignorant_avoider,12.2,0.252,2,0,0,0.8,speeding_up,0,0,0.0,2,5,impulsive,0.05,0.0,0.0,0.0,0.0
ignorant_avoider,14.0,0.215,1,0,0,1.0,speeding_up,0,0,0.0,3,4,impulsive,0.061,0.0,0.0,0.0,0.0
ignorant_avoider,9.4,0.167,2,0,0,1.1,speeding_up,0,0,0.0,3,4,impulsive,0.033,0.0,0.0,0.0,0.0
ignorant_avoider,9.7,0.215,3,0,0,0.8,speeding_up,0,0,0.0,3,4,impulsive,0.291,0.0,0.0,0.0,0.0
ignorant_avoider,5.9,0.175,7,0,0,1.3,speeding_up,0,0,0.0,4,3,impulsive,0.102,0.0,0.0,0.0,0.0
ignorant_avoider,11.7,0.123,6,0,0,1.3,speeding_up,0,0,0.0,4,3,impulsive,0.001,0.0,0.0,0.0,0.0
ignorant_avoider,15.6,0.14,7,0,0,0.9,speeding_up,0,0,0.0,2,5,impulsive,0.077,0.0,0.0,0.0,0.0
ignorant_avoider,15.0,0.189,7,0,0,1.3,speeding_up,0,0,0.0,4,3,impulsive,0.196,0.0,0.0,0.0,0.0
ignorant_avoider,18.2,0.122,7,0,0,0.6,speeding_up,0,0,0.0,4,3,impulsive,0.098,0.0,0.0,0.0,0.0
ignorant_avoider,15.5,0.147,7,0,0,0.9,speeding_up,0,0,0.0,4,3,impulsive,0.018,0.0,0.0,0.0,0.0
ignorant_avoider,13.5,0.213,5,0,0,1.4,speeding_up,0,0,0.0,3,4,impulsive,0.261,0.0,0.0,0.0,0.0
ignorant_avoider,13.1,0.19,5,0,0,0.7,speeding_up,1,0,0.0,4,3,impulsive,0.034,0.0,0.0,0.0,0.0
ignorant_avoider,11.8,0.142,7,0,0,1.4,speeding_up,0,0,0.0,4,3,impulsive,0.265,0.0,0.0,0.0,0.0
ignorant_avoider,11.3,0.187,3,0,0,1.0,speeding_up,0,0,0.0,4,3,impulsive,0.01,0.0,0.0,0.0,0.0
ignorant_avoider,9.5,0.129,4,0,0,1.3,speeding_up,0,0,0.0,3,4,impulsive,0.117,0.0,0.0,0.0,0.0
ignorant_avoider,17.1,0.156,7,0,0,1.2,speeding_up,0,0,0.0,4,3,impulsive,0.04,0.0,0.0,0.0,0.0
ignorant_avoider,11.0,0.198,7,0,0,0.9,speeding_up,0,0,0.0,2,5,impulsive,0.183,0.0,0.0,0.0,0.0
ignorant_avoider,8.8,0.135,5,0,0,1.4,speeding_up,0,0,0.0,3,4,impulsive,0.064,0.0,0.0,0.0,0.0
ignorant_avoider,14.5,0.147,7,0,0,1.1,speeding_up,0,0,0.0,2,5,impulsive,0.164,0.0,0.0,0.0,0.0
ignorant_avoider,8.1,0.101,5,0,0,1.4,speeding_up,1,0,0.0,2,5,impulsive,0.194,0.0,0.0,0.0,0.0
ignorant_avoider,12.0,0.188,6,0,0,1.8,speeding_up,0,0,0.0,3,4,impulsive,0.072,0.0,0.0,0.0,0.0
ignorant_avoider,11.3,0.128,4,0,0,1.0,speeding_up,0,0,0.0,4,3,impulsive,0.521,0.0,0.0,0.0,0.0
ignorant_avoider,9.3,0.164,5,0,0,0.7,speeding_up,0,0,0.0,2,5,impulsive,0.011,0.0,0.0,0.0,0.0
ignorant_avoider,15.4,0.154,2,0,0,1.1,speeding_up,0,0,0.0,4,3,impulsive,0.006,0.0,0.0,0.0,0.0
ignorant_avoider,11.4,0.222,4,0,0,0.9,speeding_up,0,0,0.0,2,5,impulsive,0.299,0.0,0.0,0.0,0.0
ignorant_avoider,6.4,0.174,2,0,0,1.5,speeding_up,0,0,0.0,4,3,impulsive,0.048,0.0,0.0,0.0,0.0
ignorant_avoider,10.3,0.158,6,0,0,0.7,speeding_up,0,0,0.0,4,3,impulsive,0.005,0.0,0.0,0.0,0.0
ignorant_avoider,12.9,0.268,0,0,0,1.1,speeding_up,0,0,0.0,3,4,impulsive,0.197,0.0,0.0,0.0,0.0
ignorant_avoider,8.3,0.154,4,0,0,0.8,speeding_up,1,0,0.0,2,5,impulsive,0.124,0.0,0.0,0.0,0.0
ignorant_avoider,13.6,0.17,3,0,0,1.5,speeding_up,0,0,0.0,2,5,impulsive,0.024,0.0,0.0,0.0,0.0
ignorant_avoider,7.8,0.153,3,0,0,0.8,speeding_up,0,0,0.0,3,4,impulsive,0.582,0.0,0.0,0.0,0.0
ignorant_avoider,13.9,0.108,6,0,0,1.3,speeding_up,0,0,0.0,2,5,impulsive,0.504,0.0,0.0,0.0,0.0
ignorant_avoider,18.5,0.178,5,0,0,0.9,speeding_up,0,0,0.0,4,3,impulsive,0.222,0.0,0.0,0.0,0.0
ignorant_avoider,13.7,0.177,7,0,0,1.0,speeding_up,0,0,0.0,2,5,impulsive,0.4,0.0,0.0,0.0,0.0
ignorant_avoider,12.2,0.23,5,0,0,0.7,speeding_up,0,0,0.0,4,3,impulsive,0.35,0.0,0.0,0.0,0.0
ignorant_avoider,16.0,0.196,5,0,0,1.0,speeding_up,0,0,0.0,2,5,impulsive,0.01,0.0,0.0,0.0,0.0
ignorant_avoider,13.2,0.181,6,0,0,1.0,speeding_up,0,0,0.0,2,5,impulsive,0.043,0.0,0.0,0.0,0.0
ignorant_avoider,10.7,0.157,3,0,0,1.5,speeding_up,0,0,0.0,3,4,impulsive,0.093,0.0,0.0,0.0,0.0
ignorant_avoider,19.0,0.202,6,0,0,0.6,speeding_up,0,0,0.0,2,5,impulsive,0.174,0.0,0.0,0.0,0.0
ignorant_avoider,12.4,0.134,4,0,0,0.6,speeding_up,0,0,0.0,4,3,impulsive,0.148,0.0,0.0,0.0,0.0
ignorant_avoider,12.1,0.191,4,0,0,1.3,speeding_up,1,0,0.0,2,5,impulsive,0.104,0.0,0.0,0.0,0.0
ignorant_avoider,14.6,0.155,5,0,0,0.8,speeding_up,0,0,0.0,3,4,impulsive,0.063,0.0,0.0,0.0,0.0
ignorant_avoider,7.5,0.142,2,0,0,1.3,speeding_up,0,0,0.0,3,4,impulsive,0.193,0.0,0.0,0.0,0.0
ignorant_avoider,10.8,0.15,3,0,0,1.0,speeding_up,0,0,0.0,2,5,impulsive,0.221,0.0,0.0,0.0,0.0
ignorant_avoider,12.1,0.225,2,0,0,1.0,speeding_up,0,0,0.0,4,3,impulsive,0.16,0.0,0.0,0.0,0.0
ignorant_avoider,10.3,0.089,6,0,0,0.9,speeding_up,0,0,0.0,3,4,impulsive,0.009,0.0,0.0,0.0,0.0
ignorant_avoider,13.7,0.142,7,0,0,0.9,speeding_up,1,0,0.0,3,4,impulsive,0.092,0.0,0.0,0.0,0.0
ignorant_avoider,15.4,0.137,4,0,0,1.2,speeding_up,0,0,0.0,2,5,impulsive,0.147,0.0,0.0,0.0,0.0
ignorant_avoider,12.0,0.043,5,0,0,1.2,speeding_up,0,0,0.0,4,3,impulsive,0.271,0.0,0.0,0.0,0.0
ignorant_avoider,9.7,0.193,4,0,0,1.7,speeding_up,0,0,0.0,4,3,impulsive,0.04,0.0,0.0,0.0,0.0
ignorant_avoider,16.2,0.115,5,0,0,1.5,speeding_up,1,0,0.0,4,3,impulsive,0.053,0.0,0.0,0.0,0.0
ignorant_avoider,11.8,0.211,3,0,0,0.8,speeding_up,0,0,0.0,2,5,impulsive,0.345,0.0,0.0,0.0,0.0
ignorant_avoider,12.2,0.168,2,0,0,0.9,speeding_up,0,0,0.0,3,4,impulsive,0.113,0.0,0.0,0.0,0.0
ignorant_avoider,9.0,0.212,7,0,0,0.7,speeding_up,0,0,0.0,4,3,impulsive,0.308,0.0,0.0,0.0,0.0
ignorant_avoider,15.2,0.114,4,0,0,0.9,speeding_up,0,0,0.0,2,5,impulsive,0.657,0.0,0.0,0.0,0.0
ignorant_avoider,10.6,0.186,2,0,0,1.1,speeding_up,0,0,0.0,2,5,impulsive,0.215,0.0,0.0,0.0,0.0
ignorant_avoider,9.8,0.074,3,0,0,1.0,speeding_up,0,0,0.0,4,3,impulsive,0.228,0.0,0.0,0.0,0.0
ignorant_avoider,8.6,0.137,7,0,0,1.5,speeding_up,0,0,0.0,3,4,impulsive,0.198,0.0,0.0,0.0,0.0
ignorant_avoider,9.0,0.208,4,0,0,1.0,speeding_up,0,0,0.0,4,3,impulsive,0.119,0.0,0.0,0.0,0.0
ignorant_avoider,15.7,0.129,7,0,0,1.2,speeding_up,0,0,0.0,4,3,impulsive,0.007,0.0,0.0,0.0,0.0
ignorant_avoider,12.0,0.084,4,0,0,1.2,speeding_up,0,0,0.0,4,3,impulsive,0.073,0.0,0.0,0.0,0.0
ignorant_avoider,7.9,0.106,4,0,0,1.4,speeding_up,0,0,0.0,4,3,impulsive,0.077,0.0,0.0,0.0,0.0
ignorant_avoider,7.0,0.143,1,0,0,1.2,speeding_up,0,0,0.0,3,4,impulsive,0.013,0.0,0.0,0.0,0.0
ignorant_avoider,15.0,0.154,3,0,0,1.0,speeding_up,0,0,0.0,3,4,impulsive,0.008,0.0,0.0,0.0,0.0
ignorant_avoider,9.7,0.271,4,0,0,1.1,speeding_up,0,0,0.0,2,5,impulsive,0.126,0.0,0.0,0.0,0.0
ignorant_avoider,11.3,0.206,2,0,0,1.6,speeding_up,0,0,0.0,2,5,impulsive,0.044,0.0,0.0,0.0,0.0
ignorant_avoider,7.4,0.167,4,0,0,1.7,speeding_up,0,0,0.0,3,4,impulsive,0.013,0.0,0.0,0.0,0.0
ignorant_avoider,15.1,0.083,5,0,0,1.1,speeding_up,0,0,0.0,4,3,impulsive,0.107,0.0,0.0,0.0,0.0
ignorant_avoider,12.5,0.103,5,0,0,1.2,speeding_up,0,0,0.0,3,4,impulsive,0.1,0.0,0.0,0.0,0.0
ignorant_avoider,15.2,0.116,5,0,0,1.4,speeding_up,1,0,0.0,3,4,impulsive,0.087,0.0,0.0,0.0,0.0
ignorant_avoider,15.1,0.194,2,0,0,1.3,speeding_up,0,0,0.0,2,5,impulsive,0.059,0.0,0.0,0.0,0.0
ignorant_avoider,10.9,0.228,2,0,0,1.0,speeding_up,0,0,0.0,4,3,impulsive,0.01,0.0,0.0,0.0,0.0
ignorant_avoider,17.4,0.149,2,0,0,1.2,speeding_up,0,0,0.0,3,4,impulsive,0.101,0.0,0.0,0.0,0.0
ignorant_avoider,11.8,0.095,1,0,0,1.6,speeding_up,0,0,0.0,3,4,impulsive,0.382,0.0,0.0,0.0,0.0
ignorant_avoider,8.6,0.111,5,0,0,1.1,speeding_up,0,0,0.0,3,4,impulsive,0.216,0.0,0.0,0.0,0.0
ignorant_avoider,16.5,0.137,7,0,0,1.1,speeding_up,0,0,0.0,4,3,impulsive,0.083,0.0,0.0,0.0,0.0
ignorant_avoider,8.0,0.248,4,0,0,1.1,speeding_up,0,0,0.0,3,4,impulsive,0.093,0.0,0.0,0.0,0.0
ignorant_avoider,11.5,0.186,3,0,0,1.1,speeding_up,0,0,0.0,4,3,impulsive,0.013,0.0,0.0,0.0,0.0
ignorant_avoider,9.3,0.109,5,0,0,1.1,speeding_up,0,0,0.0,4,3,impulsive,0.051,0.0,0.0,0.0,0.0
ignorant_avoider,10.5,0.129,6,0,0,1.9,speeding_up,0,0,0.0,2,5,impulsive,0.122,0.0,0.0,0.0,0.0
ignorant_avoider,11.1,0.25,4,0,0,1.1,speeding_up,0,0,0.0,3,4,impulsive,0.319,0.0,0.0,0.0,0.0
ignorant_avoider,11.1,0.204,7,0,0,1.5,speeding_up,0,0,0.0,3,4,impulsive,0.304,0.0,0.0,0.0,0.0
ignorant_avoider,15.0,0.219,3,0,0,1.4,speeding_up,0,0,0.0,2,5,impulsive,0.085,0.0,0.0,0.0,0.0
ignorant_avoider,11.7,0.102,5,0,0,1.1,speeding_up,0,0,0.0,3,4,impulsive,0.04,0.0,0.0,0.0,0.0
ignorant_avoider,12.1,0.091,6,0,0,1.0,speeding_up,1,0,0.0,3,4,impulsive,0.014,0.0,0.0,0.0,0.0
ignorant_avoider,14.8,0.135,2,0,0,0.8,speeding_up,0,0,0.0,2,5,impulsive,0.282,0.0,0.0,0.0,0.0
ignorant_avoider,13.7,0.078,6,0,0,1.1,speeding_up,0,0,0.0,4,3,impulsive,0.118,0.0,0.0,0.0,0.0
ignorant_avoider,12.3,0.066,5,0,0,0.9,speeding_up,0,0,0.0,2,5,impulsive,0.043,0.0,0.0,0.0,0.0
ignorant_avoider,11.1,0.127,3,0,0,1.2,speeding_up,0,0,0.0,3,4,impulsive,0.031,0.0,0.0,0.0,0.0
ignorant_avoider,17.0,0.136,7,0,0,1.5,speeding_up,1,0,0.0,3,4,impulsive,0.496,0.0,0.0,0.0,0.0
ignorant_avoider,10.0,0.197,4,0,0,0.7,speeding_up,0,0,0.0,3,4,impulsive,0.075,0.0,0.0,0.0,0.0
ignorant_avoider,12.5,0.089,4,0,0,1.1,speeding_up,0,0,0.0,3,4,impulsive,0.464,0.0,0.0,0.0,0.0
ignorant_avoider,12.0,0.191,3,0,0,1.0,speeding_up,0,0,0.0,2,5,impulsive,0.026,0.0,0.0,0.0,0.0
ignorant_avoider,12.1,0.144,7,0,0,0.7,speeding_up,0,0,0.0,4,3,impulsive,0.129,0.0,0.0,0.0,0.0
ignorant_avoider,9.7,0.146,7,0,0,0.9,speeding_up,0,0,0.0,2,5,impulsive,0.004,0.0,0.0,0.0,0.0
ignorant_avoider,11.7,0.209,3,0,0,1.3,speeding_up,0,0,0.0,3,4,impulsive,0.393,0.0,0.0,0.0,0.0
ignorant_avoider,8.5,0.218,5,0,0,1.2,speeding_up,0,0,0.0,4,3,impulsive,0.068,0.0,0.0,0.0,0.0
ignorant_avoider,10.3,0.147,5,0,0,1.3,speeding_up,0,0,0.0,2,5,impulsive,0.003,0.0,0.0,0.0,0.0
ignorant_avoider,16.6,0.147,4,0,0,1.5,speeding_up,0,0,0.0,2,5,impulsive,0.132,0.0,0.0,0.0,0.0
ignorant_avoider,5.1,0.029,4,0,0,1.1,speeding_up,0,0,0.0,3,4,impulsive,0.156,0.0,0.0,0.0,0.0
ignorant_avoider,18.8,0.137,2,0,0,1.3,speeding_up,0,0,0.0,3,4,impulsive,0.242,0.0,0.0,0.0,0.0
ignorant_avoider,15.7,0.137,4,0,0,1.0,speeding_up,0,0,0.0,3,4,impulsive,0.015,0.0,0.0,0.0,0.0
ignorant_avoider,12.6,0.109,7,0,0,1.5,speeding_up,0,0,0.0,3,4,impulsive,0.091,0.0,0.0,0.0,0.0
ignorant_avoider,11.0,0.208,1,0,0,1.4,speeding_up,0,0,0.0,3,4,impulsive,0.017,0.0,0.0,0.0,0.0
ignorant_avoider,12.2,0.161,5,0,0,0.6,speeding_up,0,0,0.0,4,3,impulsive,0.299,0.0,0.0,0.0,0.0
ignorant_avoider,12.5,0.163,7,0,0,1.8,speeding_up,0,0,0.0,2,5,impulsive,0.088,0.0,0.0,0.0,0.0
ignorant_avoider,14.0,0.193,3,0,0,1.1,speeding_up,0,0,0.0,4,3,impulsive,0.098,0.0,0.0,0.0,0.0
ignorant_avoider,17.4,0.187,3,0,0,0.7,speeding_up,0,0,0.0,4,3,impulsive,0.108,0.0,0.0,0.0,0.0
ignorant_avoider,11.2,0.228,4,0,0,0.7,speeding_up,0,0,0.0,3,4,impulsive,0.092,0.0,0.0,0.0,0.0
ignorant_avoider,14.3,0.177,6,0,0,1.0,speeding_up,0,0,0.0,3,4,impulsive,0.146,0.0,0.0,0.0,0.0
ignorant_avoider,7.4,0.145,3,0,0,1.0,speeding_up,0,0,0.0,3,4,impulsive,0.035,0.0,0.0,0.0,0.0
ignorant_avoider,16.0,0.072,3,0,0,1.0,speeding_up,0,0,0.0,3,4,impulsive,0.095,0.0,0.0,0.0,0.0
ignorant_avoider,11.7,0.265,4,0,0,0.3,speeding_up,0,0,0.0,4,3,impulsive,0.123,0.0,0.0,0.0,0.0
ignorant_avoider,10.3,0.197,2,0,0,1.4,speeding_up,0,0,0.0,3,4,impulsive,0.22,0.0,0.0,0.0,0.0
ignorant_avoider,12.7,0.231,5,0,0,1.4,speeding_up,0,0,0.0,3,4,impulsive,0.051,0.0,0.0,0.0,0.0
ignorant_avoider,7.0,0.168,2,0,0,0.9,speeding_up,0,0,0.0,3,4,impulsive,0.159,0.0,0.0,0.0,0.0
ignorant_avoider,11.7,0.111,5,0,0,0.7,speeding_up,0,0,0.0,2,5,impulsive,0.014,0.0,0.0,0.0,0.0
ignorant_avoider,11.2,0.154,3,0,0,0.7,speeding_up,0,0,0.0,3,4,impulsive,0.195,0.0,0.0,0.0,0.0
ignorant_avoider,11.0,0.104,6,0,0,1.1,speeding_up,0,0,0.0,2,5,impulsive,0.07,0.0,0.0,0.0,0.0
ignorant_avoider,11.7,0.225,3,0,0,1.4,speeding_up,0,0,0.0,4,3,impulsive,0.163,0.0,0.0,0.0,0.0
ignorant_avoider,8.6,0.14,4,0,0,1.1,speeding_up,0,0,0.0,2,5,impulsive,0.474,0.0,0.0,0.0,0.0
ignorant_avoider,12.1,0.098,2,0,0,1.1,speeding_up,0,0,0.0,4,3,impulsive,0.194,0.0,0.0,0.0,0.0
ignorant_avoider,12.6,0.167,6,0,0,1.1,speeding_up,1,0,0.0,4,3,impulsive,0.11,0.0,0.0,0.0,0.0
ignorant_avoider,13.8,0.077,3,0,0,0.8,speeding_up,0,0,0.0,4,3,impulsive,0.042,0.0,0.0,0.0,0.0
ignorant_avoider,13.3,0.16,7,0,0,1.2,speeding_up,0,0,0.0,3,4,impulsive,0.181,0.0,0.0,0.0,0.0
ignorant_avoider,7.8,0.151,7,0,0,0.7,speeding_up,0,0,0.0,4,3,impulsive,0.155,0.0,0.0,0.0,0.0
ignorant_avoider,11.3,0.103,6,0,0,0.9,speeding_up,0,0,0.0,2,5,impulsive,0.059,0.0,0.0,0.0,0.0
ignorant_avoider,13.8,0.089,6,0,0,1.3,speeding_up,0,0,0.0,3,4,impulsive,0.297,0.0,0.0,0.0,0.0
ignorant_avoider,12.4,0.074,4,0,0,0.9,speeding_up,0,0,0.0,3,4,impulsive,0.024,0.0,0.0,0.0,0.0
ignorant_avoider,13.0,0.226,4,0,0,1.4,speeding_up,0,0,0.0,2,5,impulsive,0.045,0.0,0.0,0.0,0.0
ignorant_avoider,10.1,0.136,7,0,0,0.9,speeding_up,0,0,0.0,2,5,impulsive,0.096,0.0,0.0,0.0,0.0
ignorant_avoider,7.0,0.114,4,0,0,1.3,speeding_up,0,0,0.0,4,3,impulsive,0.026,0.0,0.0,0.0,0.0
ignorant_avoider,9.0,0.107,5,0,0,1.8,speeding_up,0,0,0.0,4,3,impulsive,0.052,0.0,0.0,0.0,0.0
ignorant_avoider,10.6,0.16,4,0,0,1.2,speeding_up,0,0,0.0,4,3,impulsive,0.079,0.0,0.0,0.0,0.0
ignorant_avoider,17.6,0.124,3,0,0,1.6,speeding_up,0,0,0.0,4,3,impulsive,0.081,0.0,0.0,0.0,0.0
ignorant_avoider,8.2,0.061,5,0,0,1.8,speeding_up,0,0,0.0,3,4,impulsive,0.127,0.0,0.0,0.0,0.0
ignorant_avoider,11.5,0.23,6,0,0,0.4,speeding_up,1,0,0.0,3,4,impulsive,0.289,0.0,0.0,0.0,0.0
ignorant_avoider,9.7,0.197,5,0,0,0.6,speeding_up,1,0,0.0,2,5,impulsive,0.368,0.0,0.0,0.0,0.0
ignorant_avoider,13.3,0.156,5,0,0,0.8,speeding_up,0,0,0.0,4,3,impulsive,0.421,0.0,0.0,0.0,0.0
ignorant_avoider,15.9,0.165,7,0,0,1.3,speeding_up,0,0,0.0,3,4,impulsive,0.234,0.0,0.0,0.0,0.0
ignorant_avoider,10.9,0.108,3,0,0,1.0,speeding_up,0,0,0.0,2,5,impulsive,0.275,0.0,0.0,0.0,0.0
ignorant_avoider,12.1,0.19,4,0,0,0.8,speeding_up,0,0,0.0,4,3,impulsive,0.293,0.0,0.0,0.0,0.0
ignorant_avoider,8.6,0.138,7,0,0,0.8,speeding_up,0,0,0.0,2,5,impulsive,0.104,0.0,0.0,0.0,0.0
ignorant_avoider,10.8,0.161,6,0,0,1.0,speeding_up,0,0,0.0,2,5,impulsive,0.331,0.0,0.0,0.0,0.0
ignorant_avoider,6.7,0.241,2,0,0,1.2,speeding_up,0,0,0.0,4,3,impulsive,0.157,0.0,0.0,0.0,0.0
ignorant_avoider,13.5,0.107,3,0,0,0.8,speeding_up,0,0,0.0,4,3,impulsive,0.378,0.0,0.0,0.0,0.0
ignorant_avoider,13.4,0.117,6,0,0,1.5,speeding_up,1,0,0.0,2,5,impulsive,0.274,0.0,0.0,0.0,0.0
ignorant_avoider,15.4,0.066,3,0,0,1.7,speeding_up,0,0,0.0,4,3,impulsive,0.01,0.0,0.0,0.0,0.0
ignorant_avoider,10.9,0.24,5,0,0,1.1,speeding_up,0,0,0.0,3,4,impulsive,0.306,0.0,0.0,0.0,0.0
ignorant_avoider,7.7,0.174,7,0,0,1.5,speeding_up,0,0,0.0,4,3,impulsive,0.054,0.0,0.0,0.0,0.0
ignorant_avoider,11.7,0.079,0,0,0,1.1,speeding_up,0,0,0.0,3,4,impulsive,0.097,0.0,0.0,0.0,0.0
ignorant_avoider,12.7,0.24,6,0,0,1.6,speeding_up,0,0,0.0,3,4,impulsive,0.16,0.0,0.0,0.0,0.0
ignorant_avoider,9.1,0.153,5,0,0,0.8,speeding_up,0,0,0.0,4,3,impulsive,0.061,0.0,0.0,0.0,0.0
ignorant_avoider,9.5,0.195,7,0,0,1.5,speeding_up,0,0,0.0,3,4,impulsive,0.132,0.0,0.0,0.0,0.0
ignorant_avoider,16.3,0.088,1,0,0,1.0,speeding_up,0,0,0.0,3,4,impulsive,0.242,0.0,0.0,0.0,0.0
ignorant_avoider,15.7,0.062,3,0,0,0.7,speeding_up,0,0,0.0,2,5,impulsive,0.439,0.0,0.0,0.0,0.0
ignorant_avoider,14.1,0.127,7,0,0,1.1,speeding_up,0,0,0.0,2,5,impulsive,0.071,0.0,0.0,0.0,0.0
ignorant_avoider,13.1,0.153,7,0,0,0.8,speeding_up,0,0,0.0,4,3,impulsive,0.151,0.0,0.0,0.0,0.0
ignorant_avoider,14.9,0.19,2,0,0,0.9,speeding_up,0,0,0.0,4,3,impulsive,0.039,0.0,0.0,0.0,0.0
ignorant_avoider,12.0,0.142,7,0,0,1.1,speeding_up,0,0,0.0,3,4,impulsive,0.185,0.0,0.0,0.0,0.0
ignorant_avoider,13.5,0.203,6,0,0,1.0,speeding_up,0,0,0.0,3,4,impulsive,0.032,0.0,0.0,0.0,0.0
ignorant_avoider,13.5,0.179,3,0,0,1.2,speeding_up,0,0,0.0,2,5,impulsive,0.083,0.0,0.0,0.0,0.0
ignorant_avoider,11.8,0.108,4,0,0,1.4,speeding_up,0,0,0.0,3,4,impulsive,0.404,0.0,0.0,0.0,0.0
ignorant_avoider,8.8,0.093,1,0,0,1.0,speeding_up,0,0,0.0,4,3,impulsive,0.258,0.0,0.0,0.0,0.0
ignorant_avoider,9.9,0.195,6,0,0,0.9,speeding_up,0,0,0.0,4,3,impulsive,0.008,0.0,0.0,0.0,0.0
ignorant_avoider,11.2,0.157,7,0,0,1.1,speeding_up,0,0,0.0,4,3,impulsive,0.25,0.0,0.0,0.0,0.0
ignorant_avoider,11.2,0.15,4,0,0,1.1,speeding_up,0,0,0.0,4,3,impulsive,0.016,0.0,0.0,0.0,0.0
ignorant_avoider,9.2,0.096,3,0,0,0.8,speeding_up,0,0,0.0,4,3,impulsive,0.238,0.0,0.0,0.0,0.0
ignorant_avoider,8.7,0.144,3,0,0,1.0,speeding_up,0,0,0.0,2,5,impulsive,0.084,0.0,0.0,0.0,0.0
ignorant_avoider,14.4,0.112,6,0,0,1.1,speeding_up,0,0,0.0,4,3,impulsive,0.026,0.0,0.0,0.0,0.0
ignorant_avoider,12.4,0.146,7,0,0,1.1,speeding_up,0,0,0.0,2,5,impulsive,0.371,0.0,0.0,0.0,0.0
ignorant_avoider,12.8,0.152,6,0,0,1.2,speeding_up,0,0,0.0,2,5,impulsive,0.188,0.0,0.0,0.0,0.0
ignorant_avoider,16.8,0.092,7,0,0,1.1,speeding_up,0,0,0.0,2,5,impulsive,0.017,0.0,0.0,0.0,0.0
ignorant_avoider,7.4,0.187,3,0,0,1.0,speeding_up,0,0,0.0,2,5,impulsive,0.359,0.0,0.0,0.0,0.0
ignorant_avoider,12.6,0.112,6,0,0,1.4,speeding_up,0,0,0.0,3,4,impulsive,0.003,0.0,0.0,0.0,0.0
ignorant_avoider,9.6,0.209,4,0,0,1.2,speeding_up,0,0,0.0,3,4,impulsive,0.127,0.0,0.0,0.0,0.0
ignorant_avoider,13.7,0.151,1,0,0,1.3,speeding_up,0,0,0.0,4,3,impulsive,0.135,0.0,0.0,0.0,0.0
ignorant_avoider,15.0,0.143,1,0,0,1.6,speeding_up,0,0,0.0,4,3,impulsive,0.034,0.0,0.0,0.0,0.0
ignorant_avoider,14.0,0.112,4,0,0,1.0,speeding_up,0,0,0.0,4,3,impulsive,0.329,0.0,0.0,0.0,0.0
ignorant_avoider,13.3,0.268,5,0,0,1.5,speeding_up,0,0,0.0,4,3,impulsive,0.403,0.0,0.0,0.0,0.0
ignorant_avoider,11.4,0.147,4,0,0,0.7,speeding_up,0,0,0.0,2,5,impulsive,0.153,0.0,0.0,0.0,0.0
ignorant_avoider,7.3,0.187,4,0,0,1.0,speeding_up,0,0,0.0,3,4,impulsive,0.242,0.0,0.0,0.0,0.0
ignorant_avoider,10.5,0.198,6,0,0,0.7,speeding_up,0,0,0.0,4,3,impulsive,0.155,0.0,0.0,0.0,0.0
ignorant_avoider,8.7,0.13,3,0,0,1.1,speeding_up,0,0,0.0,2,5,impulsive,0.094,0.0,0.0,0.0,0.0
ignorant_avoider,9.7,0.132,0,0,0,1.0,speeding_up,0,0,0.0,2,5,impulsive,0.049,0.0,0.0,0.0,0.0
ignorant_avoider,14.4,0.224,7,0,0,0.8,speeding_up,0,0,0.0,2,5,impulsive,0.056,0.0,0.0,0.0,0.0
ignorant_avoider,5.4,0.109,6,0,0,0.3,speeding_up,0,0,0.0,4,3,impulsive,0.033,0.0,0.0,0.0,0.0
ignorant_avoider,15.6,0.251,6,0,0,0.6,speeding_up,0,0,0.0,4,3,impulsive,0.087,0.0,0.0,0.0,0.0
ignorant_avoider,8.3,0.187,7,0,0,0.7,speeding_up,0,0,0.0,4,3,impulsive,0.275,0.0,0.0,0.0,0.0
ignorant_avoider,11.0,0.149,5,0,0,0.9,speeding_up,0,0,0.0,3,4,impulsive,0.057,0.0,0.0,0.0,0.0
ignorant_avoider,17.2,0.124,3,0,0,1.4,speeding_up,0,0,0.0,4,3,impulsive,0.024,0.0,0.0,0.0,0.0
ignorant_avoider,14.2,0.146,3,0,0,1.3,speeding_up,0,0,0.0,4,3,impulsive,0.069,0.0,0.0,0.0,0.0
ignorant_avoider,15.6,0.118,7,0,0,1.0,speeding_up,0,0,0.0,3,4,impulsive,0.01,0.0,0.0,0.0,0.0
ignorant_avoider,10.0,0.201,5,0,0,0.7,speeding_up,0,0,0.0,4,3,impulsive,0.107,0.0,0.0,0.0,0.0
ignorant_avoider,8.6,0.208,1,0,0,1.1,speeding_up,0,0,0.0,2,5,impulsive,0.498,0.0,0.0,0.0,0.0
ignorant_avoider,8.3,0.158,6,0,0,0.9,speeding_up,0,0,0.0,4,3,impulsive,0.078,0.0,0.0,0.0,0.0
ignorant_avoider,16.0,0.218,6,0,0,0.8,speeding_up,0,0,0.0,4,3,impulsive,0.022,0.0,0.0,0.0,0.0
ignorant_avoider,14.4,0.179,4,0,0,1.5,speeding_up,0,0,0.0,2,5,impulsive,0.184,0.0,0.0,0.0,0.0
ignorant_avoider,11.6,0.135,5,0,0,1.2,speeding_up,0,0,0.0,3,4,impulsive,0.051,0.0,0.0,0.0,0.0
ignorant_avoider,9.8,0.134,7,0,0,1.0,speeding_up,0,0,0.0,2,5,impulsive,0.04,0.0,0.0,0.0,0.0
ignorant_avoider,18.2,0.093,4,0,0,1.0,speeding_up,0,0,0.0,2,5,impulsive,0.052,0.0,0.0,0.0,0.0
ignorant_avoider,15.1,0.189,4,0,0,1.5,speeding_up,0,0,0.0,3,4,impulsive,0.08,0.0,0.0,0.0,0.0
ignorant_avoider,13.9,0.154,3,0,0,1.3,speeding_up,0,0,0.0,2,5,impulsive,0.072,0.0,0.0,0.0,0.0
ignorant_avoider,13.7,0.203,7,0,0,1.9,speeding_up,0,0,0.0,3,4,impulsive,0.358,0.0,0.0,0.0,0.0
ignorant_avoider,8.7,0.2,6,0,0,1.0,speeding_up,0,0,0.0,4,3,impulsive,0.086,0.0,0.0,0.0,0.0
ignorant_avoider,12.7,0.125,6,0,0,1.1,speeding_up,0,0,0.0,3,4,impulsive,0.011,0.0,0.0,0.0,0.0
ignorant_avoider,8.4,0.162,3,0,0,0.7,speeding_up,0,0,0.0,2,5,impulsive,0.104,0.0,0.0,0.0,0.0
ignorant_avoider,13.4,0.172,3,0,0,1.2,speeding_up,0,0,0.0,4,3,impulsive,0.261,0.0,0.0,0.0,0.0
ignorant_avoider,13.7,0.126,2,0,0,1.3,speeding_up,0,0,0.0,3,4,impulsive,0.325,0.0,0.0,0.0,0.0
ignorant_avoider,11.8,0.115,1,0,0,0.7,speeding_up,1,0,0.0,2,5,impulsive,0.122,0.0,0.0,0.0,0.0
ignorant_avoider,12.0,0.185,6,0,0,1.0,speeding_up,0,0,0.0,3,4,impulsive,0.179,0.0,0.0,0.0,0.0
ignorant_avoider,9.6,0.181,5,0,0,1.5,speeding_up,0,0,0.0,2,5,impulsive,0.145,0.0,0.0,0.0,0.0
ignorant_avoider,13.7,0.205,3,0,0,1.0,speeding_up,0,0,0.0,3,4,impulsive,0.014,0.0,0.0,0.0,0.0
ignorant_avoider,11.5,0.157,7,0,0,1.2,speeding_up,0,0,0.0,4,3,impulsive,0.058,0.0,0.0,0.0,0.0
ignorant_avoider,12.9,0.177,6,0,0,1.1,speeding_up,0,0,0.0,4,3,impulsive,0.158,0.0,0.0,0.0,0.0
ignorant_avoider,10.3,0.11,6,0,0,1.2,speeding_up,0,0,0.0,4,3,impulsive,0.003,0.0,0.0,0.0,0.0
ignorant_avoider,11.9,0.141,7,0,0,0.8,speeding_up,0,0,0.0,4,3,impulsive,0.093,0.0,0.0,0.0,0.0
ignorant_avoider,8.7,0.214,6,0,0,0.6,speeding_up,0,0,0.0,4,3,impulsive,0.154,0.0,0.0,0.0,0.0
ignorant_avoider,12.1,0.118,3,0,0,1.4,speeding_up,0,0,0.0,2,5,impulsive,0.253,0.0,0.0,0.0,0.0
ignorant_avoider,11.5,0.114,4,0,0,1.1,speeding_up,0,0,0.0,4,3,impulsive,0.114,0.0,0.0,0.0,0.0
ignorant_avoider,12.0,0.113,3,0,0,1.2,speeding_up,0,0,0.0,2,5,impulsive,0.08,0.0,0.0,0.0,0.0
ignorant_avoider,15.9,0.163,4,0,0,1.1,speeding_up,0,0,0.0,2,5,impulsive,0.27,0.0,0.0,0.0,0.0
ignorant_avoider,14.8,0.159,7,0,0,1.4,speeding_up,0,0,0.0,3,4,impulsive,0.16,0.0,0.0,0.0,0.0
ignorant_avoider,9.7,0.139,4,0,0,1.0,speeding_up,0,0,0.0,2,5,impulsive,0.201,0.0,0.0,0.0,0.0
ignorant_avoider,9.4,0.197,4,0,0,1.0,speeding_up,0,0,0.0,2,5,impulsive,0.418,0.0,0.0,0.0,0.0
ignorant_avoider,10.0,0.133,6,0,0,1.1,speeding_up,0,0,0.0,3,4,impulsive,0.001,0.0,0.0,0.0,0.0
ignorant_avoider,13.1,0.233,5,0,0,1.3,speeding_up,1,0,0.0,2,5,impulsive,0.172,0.0,0.0,0.0,0.0
ignorant_avoider,12.2,0.221,2,0,0,1.4,speeding_up,0,0,0.0,4,3,impulsive,0.081,0.0,0.0,0.0,0.0
ignorant_avoider,9.1,0.151,6,0,0,1.0,speeding_up,0,0,0.0,4,3,impulsive,0.201,0.0,0.0,0.0,0.0
ignorant_avoider,10.7,0.15,7,0,0,1.0,speeding_up,0,0,0.0,2,5,impulsive,0.013,0.0,0.0,0.0,0.0
ignorant_avoider,10.4,0.146,2,0,0,1.1,speeding_up,0,0,0.0,2,5,impulsive,0.028,0.0,0.0,0.0,0.0
ignorant_avoider,18.0,0.213,6,0,0,1.1,speeding_up,0,0,0.0,2,5,impulsive,0.009,0.0,0.0,0.0,0.0
ignorant_avoider,14.6,0.065,4,0,0,0.8,speeding_up,0,0,0.0,3,4,impulsive,0.101,0.0,0.0,0.0,0.0
ignorant_avoider,11.6,0.165,4,0,0,1.0,speeding_up,0,0,0.0,4,3,impulsive,0.164,0.0,0.0,0.0,0.0
ignorant_avoider,11.7,0.057,6,0,0,1.2,speeding_up,0,0,0.0,2,5,impulsive,0.432,0.0,0.0,0.0,0.0
ignorant_avoider,13.0,0.087,5,0,0,1.2,speeding_up,0,0,0.0,3,4,impulsive,0.039,0.0,0.0,0.0,0.0
ignorant_avoider,10.1,0.159,7,0,0,0.9,speeding_up,0,0,0.0,4,3,impulsive,0.169,0.0,0.0,0.0,0.0
ignorant_avoider,14.5,0.158,3,0,0,0.9,speeding_up,0,0,0.0,2,5,impulsive,0.125,0.0,0.0,0.0,0.0
ignorant_avoider,5.4,0.144,0,0,0,1.4,speeding_up,0,0,0.0,3,4,impulsive,0.037,0.0,0.0,0.0,0.0
ignorant_avoider,18.6,0.167,7,0,0,0.7,speeding_up,0,0,0.0,2,5,impulsive,0.254,0.0,0.0,0.0,0.0
ignorant_avoider,10.7,0.131,5,0,0,1.1,speeding_up,0,0,0.0,2,5,impulsive,0.181,0.0,0.0,0.0,0.0
ignorant_avoider,9.7,0.035,4,0,0,1.4,speeding_up,0,0,0.0,3,4,impulsive,0.187,0.0,0.0,0.0,0.0
ignorant_avoider,14.3,0.179,6,0,0,1.6,speeding_up,0,0,0.0,3,4,impulsive,0.113,0.0,0.0,0.0,0.0
ignorant_avoider,13.6,0.145,7,0,0,1.3,speeding_up,0,0,0.0,4,3,impulsive,0.018,0.0,0.0,0.0,0.0
ignorant_avoider,12.5,0.112,5,0,0,1.0,speeding_up,0,0,0.0,3,4,impulsive,0.17,0.0,0.0,0.0,0.0
ignorant_avoider,5.6,0.116,6,0,0,1.5,speeding_up,0,0,0.0,2,5,impulsive,0.016,0.0,0.0,0.0,0.0
ignorant_avoider,13.0,0.236,6,0,0,1.1,speeding_up,0,0,0.0,4,3,impulsive,0.13,0.0,0.0,0.0,0.0
ignorant_avoider,13.3,0.157,2,0,0,1.3,speeding_up,0,0,0.0,2,5,impulsive,0.259,0.0,0.0,0.0,0.0
ignorant_avoider,12.2,0.108,3,0,0,1.2,speeding_up,0,0,0.0,4,3,impulsive,0.052,0.0,0.0,0.0,0.0
ignorant_avoider,11.7,0.123,2,0,0,0.8,speeding_up,0,0,0.0,2,5,impulsive,0.009,0.0,0.0,0.0,0.0
ignorant_avoider,12.1,0.086,7,0,0,0.7,speeding_up,0,0,0.0,4,3,impulsive,0.181,0.0,0.0,0.0,0.0
ignorant_avoider,12.4,0.19,6,0,0,0.8,speeding_up,0,0,0.0,4,3,impulsive,0.103,0.0,0.0,0.0,0.0
ignorant_avoider,10.5,0.155,7,0,0,1.6,speeding_up,0,0,0.0,4,3,impulsive,0.179,0.0,0.0,0.0,0.0
ignorant_avoider,11.1,0.202,6,0,0,0.9,speeding_up,0,0,0.0,2,5,impulsive,0.108,0.0,0.0,0.0,0.0
ignorant_avoider,10.8,0.267,5,0,0,0.9,speeding_up,0,0,0.0,3,4,impulsive,0.361,0.0,0.0,0.0,0.0
ignorant_avoider,9.6,0.127,5,0,0,1.0,speeding_up,0,0,0.0,4,3,impulsive,0.284,0.0,0.0,0.0,0.0
ignorant_avoider,13.6,0.092,7,0,0,1.2,speeding_up,0,0,0.0,4,3,impulsive,0.032,0.0,0.0,0.0,0.0
ignorant_avoider,14.4,0.131,7,0,0,1.4,speeding_up,1,0,0.0,2,5,impulsive,0.248,0.0,0.0,0.0,0.0
ignorant_avoider,12.4,0.168,3,0,0,1.4,speeding_up,0,0,0.0,2,5,impulsive,0.193,0.0,0.0,0.0,0.0
ignorant_avoider,13.4,0.147,6,0,0,0.4,speeding_up,0,0,0.0,4,3,impulsive,0.274,0.0,0.0,0.0,0.0
ignorant_avoider,14.4,0.144,5,0,0,1.5,speeding_up,0,0,0.0,4,3,impulsive,0.034,0.0,0.0,0.0,0.0
ignorant_avoider,11.8,0.189,7,0,0,1.3,speeding_up,0,0,0.0,2,5,impulsive,0.113,0.0,0.0,0.0,0.0
ignorant_avoider,13.8,0.219,4,0,0,1.1,speeding_up,0,0,0.0,3,4,impulsive,0.096,0.0,0.0,0.0,0.0
ignorant_avoider,15.5,0.218,6,0,0,1.3,speeding_up,0,0,0.0,4,3,impulsive,0.006,0.0,0.0,0.0,0.0
ignorant_avoider,16.5,0.142,2,0,0,1.1,speeding_up,0,0,0.0,4,3,impulsive,0.297,0.0,0.0,0.0,0.0
ignorant_avoider,14.6,0.226,7,0,0,0.8,speeding_up,0,0,0.0,2,5,impulsive,0.122,0.0,0.0,0.0,0.0
ignorant_avoider,15.4,0.13,3,0,0,0.7,speeding_up,0,0,0.0,2,5,impulsive,0.109,0.0,0.0,0.0,0.0
ignorant_avoider,12.1,0.151,4,0,0,0.6,speeding_up,0,0,0.0,3,4,impulsive,0.277,0.0,0.0,0.0,0.0
ignorant_avoider,11.9,0.161,7,0,0,1.3,speeding_up,0,0,0.0,3,4,impulsive,0.151,0.0,0.0,0.0,0.0
ignorant_avoider,12.2,0.172,7,0,0,1.0,speeding_up,0,0,0.0,4,3,impulsive,0.016,0.0,0.0,0.0,0.0
ignorant_avoider,11.7,0.11,7,0,0,1.0,speeding_up,0,0,0.0,4,3,impulsive,0.204,0.0,0.0,0.0,0.0
ignorant_avoider,11.7,0.212,3,0,0,1.1,speeding_up,0,0,0.0,2,5,impulsive,0.172,0.0,0.0,0.0,0.0
ignorant_avoider,11.3,0.255,4,0,0,1.3,speeding_up,0,0,0.0,4,3,impulsive,0.08,0.0,0.0,0.0,0.0
ignorant_avoider,16.5,0.154,4,0,0,1.3,speeding_up,0,0,0.0,3,4,impulsive,0.052,0.0,0.0,0.0,0.0
ignorant_avoider,13.4,0.16,4,0,0,1.6,speeding_up,1,0,0.0,4,3,impulsive,0.106,0.0,0.0,0.0,0.0
ignorant_avoider,4.8,0.126,3,0,0,1.5,speeding_up,0,0,0.0,3,4,impulsive,0.089,0.0,0.0,0.0,0.0
ignorant_avoider,13.3,0.137,5,0,0,1.3,speeding_up,0,0,0.0,2,5,impulsive,0.181,0.0,0.0,0.0,0.0
ignorant_avoider,10.4,0.14,7,0,0,1.3,speeding_up,0,0,0.0,2,5,impulsive,0.073,0.0,0.0,0.0,0.0
ignorant_avoider,12.1,0.036,5,0,0,1.6,speeding_up,0,0,0.0,4,3,impulsive,0.021,0.0,0.0,0.0,0.0
ignorant_avoider,11.5,0.17,7,0,0,0.7,speeding_up,0,0,0.0,2,5,impulsive,0.038,0.0,0.0,0.0,0.0
ignorant_avoider,13.5,0.17,4,0,0,1.5,speeding_up,0,0,0.0,4,3,impulsive,0.011,0.0,0.0,0.0,0.0
ignorant_avoider,12.7,0.096,4,0,0,1.6,speeding_up,0,0,0.0,4,3,impulsive,0.282,0.0,0.0,0.0,0.0
ignorant_avoider,15.5,0.145,5,0,0,1.3,speeding_up,0,0,0.0,4,3,impulsive,0.064,0.0,0.0,0.0,0.0
ignorant_avoider,9.6,0.157,5,0,0,1.1,speeding_up,0,0,0.0,3,4,impulsive,0.078,0.0,0.0,0.0,0.0
ignorant_avoider,13.3,0.03,6,0,0,1.5,speeding_up,0,0,0.0,2,5,impulsive,0.103,0.0,0.0,0.0,0.0
ignorant_avoider,12.8,0.119,3,0,0,0.5,speeding_up,0,0,0.0,4,3,impulsive,0.292,0.0,0.0,0.0,0.0
ignorant_avoider,13.5,0.093,6,0,0,0.4,speeding_up,0,0,0.0,2,5,impulsive,0.013,0.0,0.0,0.0,0.0
ignorant_avoider,16.1,0.176,6,0,0,1.1,speeding_up,0,0,0.0,3,4,impulsive,0.003,0.0,0.0,0.0,0.0
ignorant_avoider,14.6,0.157,6,0,0,1.2,speeding_up,1,0,0.0,2,5,impulsive,0.071,0.0,0.0,0.0,0.0
ignorant_avoider,14.8,0.149,1,0,0,1.2,speeding_up,0,0,0.0,4,3,impulsive,0.296,0.0,0.0,0.0,0.0
ignorant_avoider,12.1,0.136,3,0,0,1.2,speeding_up,0,0,0.0,3,4,impulsive,0.402,0.0,0.0,0.0,0.0
ignorant_avoider,10.2,0.176,5,0,0,0.5,speeding_up,0,0,0.0,3,4,impulsive,0.256,0.0,0.0,0.0,0.0
ignorant_avoider,16.3,0.167,7,0,0,1.2,speeding_up,0,0,0.0,2,5,impulsive,0.024,0.0,0.0,0.0,0.0
ignorant_avoider,14.8,0.091,4,0,0,1.1,speeding_up,0,0,0.0,2,5,impulsive,0.043,0.0,0.0,0.0,0.0
ignorant_avoider,11.3,0.146,4,0,0,1.6,speeding_up,0,0,0.0,3,4,impulsive,0.082,0.0,0.0,0.0,0.0
ignorant_avoider,12.9,0.149,4,0,0,1.2,speeding_up,0,0,0.0,3,4,impulsive,0.232,0.0,0.0,0.0,0.0
ignorant_avoider,7.7,0.195,5,0,0,1.2,speeding_up,0,0,0.0,2,5,impulsive,0.045,0.0,0.0,0.0,0.0
ignorant_avoider,12.0,0.206,7,0,0,0.7,speeding_up,0,0,0.0,4,3,impulsive,0.122,0.0,0.0,0.0,0.0
ignorant_avoider,10.0,0.16,5,0,0,1.1,speeding_up,0,0,0.0,4,3,impulsive,0.197,0.0,0.0,0.0,0.0
ignorant_avoider,13.1,0.137,7,0,0,0.9,speeding_up,0,0,0.0,3,4,impulsive,0.364,0.0,0.0,0.0,0.0
ignorant_avoider,16.4,0.229,2,0,0,0.9,speeding_up,1,0,0.0,2,5,impulsive,0.287,0.0,0.0,0.0,0.0
ignorant_avoider,9.8,0.161,6,0,0,0.8,speeding_up,0,0,0.0,4,3,impulsive,0.154,0.0,0.0,0.0,0.0
ignorant_avoider,10.3,0.137,3,0,0,1.5,speeding_up,0,0,0.0,2,5,impulsive,0.039,0.0,0.0,0.0,0.0
ignorant_avoider,9.7,0.236,7,0,0,1.1,speeding_up,0,0,0.0,4,3,impulsive,0.048,0.0,0.0,0.0,0.0
ignorant_avoider,9.9,0.134,4,0,0,1.4,speeding_up,1,0,0.0,3,4,impulsive,0.184,0.0,0.0,0.0,0.0
ignorant_avoider,9.8,0.144,3,0,0,1.0,speeding_up,0,0,0.0,2,5,impulsive,0.087,0.0,0.0,0.0,0.0
ignorant_avoider,8.6,0.239,4,0,0,0.8,speeding_up,0,0,0.0,2,5,impulsive,0.012,0.0,0.0,0.0,0.0
ignorant_avoider,14.2,0.254,3,0,0,1.0,speeding_up,0,0,0.0,4,3,impulsive,0.084,0.0,0.0,0.0,0.0
ignorant_avoider,6.3,0.15,2,0,0,1.0,speeding_up,0,0,0.0,3,4,impulsive,0.003,0.0,0.0,0.0,0.0
ignorant_avoider,9.0,0.147,5,0,0,0.6,speeding_up,1,0,0.0,2,5,impulsive,0.029,0.0,0.0,0.0,0.0
ignorant_avoider,9.5,0.19,4,0,0,0.6,speeding_up,0,0,0.0,3,4,impulsive,0.0,0.0,0.0,0.0,0.0
ignorant_avoider,9.3,0.136,5,0,0,1.0,speeding_up,1,0,0.0,2,5,impulsive,0.031,0.0,0.0,0.0,0.0
ignorant_avoider,14.7,0.183,7,0,0,1.4,speeding_up,0,0,0.0,4,3,impulsive,0.236,0.0,0.0,0.0,0.0
ignorant_avoider,14.0,0.18,4,0,0,0.8,speeding_up,1,0,0.0,4,3,impulsive,0.061,0.0,0.0,0.0,0.0
ignorant_avoider,9.0,0.026,3,0,0,1.6,speeding_up,0,0,0.0,2,5,impulsive,0.225,0.0,0.0,0.0,0.0
ignorant_avoider,16.8,0.207,1,0,0,0.9,speeding_up,0,0,0.0,4,3,impulsive,0.112,0.0,0.0,0.0,0.0
ignorant_avoider,9.8,0.187,6,0,0,1.0,speeding_up,0,0,0.0,2,5,impulsive,0.218,0.0,0.0,0.0,0.0
ignorant_avoider,14.1,0.131,2,0,0,1.2,speeding_up,0,0,0.0,4,3,impulsive,0.154,0.0,0.0,0.0,0.0
ignorant_avoider,13.8,0.268,3,0,0,1.2,speeding_up,0,0,0.0,4,3,impulsive,0.343,0.0,0.0,0.0,0.0
ignorant_avoider,13.6,0.144,7,0,0,0.9,speeding_up,0,0,0.0,2,5,impulsive,0.202,0.0,0.0,0.0,0.0
ignorant_avoider,13.1,0.074,4,0,0,0.7,speeding_up,0,0,0.0,3,4,impulsive,0.598,0.0,0.0,0.0,0.0
ignorant_avoider,9.2,0.227,7,0,0,1.0,speeding_up,1,0,0.0,3,4,impulsive,0.049,0.0,0.0,0.0,0.0
ignorant_avoider,7.1,0.133,6,0,0,0.9,speeding_up,0,0,0.0,4,3,impulsive,0.021,0.0,0.0,0.0,0.0
ignorant_avoider,14.5,0.102,7,0,0,0.9,speeding_up,0,0,0.0,4,3,impulsive,0.038,0.0,0.0,0.0,0.0
ignorant_avoider,9.8,0.141,4,0,0,1.5,speeding_up,0,0,0.0,4,3,impulsive,0.177,0.0,0.0,0.0,0.0
ignorant_avoider,6.0,0.218,4,0,0,1.4,speeding_up,0,0,0.0,3,4,impulsive,0.185,0.0,0.0,0.0,0.0
ignorant_avoider,7.1,0.079,3,0,0,1.0,speeding_up,0,0,0.0,4,3,impulsive,0.212,0.0,0.0,0.0,0.0
ignorant_avoider,18.0,0.118,7,0,0,0.8,speeding_up,0,0,0.0,3,4,impulsive,0.01,0.0,0.0,0.0,0.0
ignorant_avoider,10.4,0.289,6,0,0,1.3,speeding_up,0,0,0.0,3,4,impulsive,0.012,0.0,0.0,0.0,0.0
ignorant_avoider,11.9,0.207,6,0,0,0.9,speeding_up,0,0,0.0,4,3,impulsive,0.081,0.0,0.0,0.0,0.0
ignorant_avoider,12.5,0.062,7,0,0,0.7,speeding_up,0,0,0.0,3,4,impulsive,0.01,0.0,0.0,0.0,0.0
ignorant_avoider,12.8,0.14,5,0,0,0.9,speeding_up,0,0,0.0,3,4,impulsive,0.154,0.0,0.0,0.0,0.0
ignorant_avoider,10.9,0.134,6,0,0,1.3,speeding_up,0,0,0.0,2,5,impulsive,0.033,0.0,0.0,0.0,0.0
ignorant_avoider,15.9,0.059,7,0,0,1.1,speeding_up,0,0,0.0,3,4,impulsive,0.392,0.0,0.0,0.0,0.0
ignorant_avoider,16.3,0.164,4,0,0,1.5,speeding_up,0,0,0.0,2,5,impulsive,0.08,0.0,0.0,0.0,0.0
ignorant_avoider,15.6,0.061,5,0,0,1.0,speeding_up,0,0,0.0,2,5,impulsive,0.333,0.0,0.0,0.0,0.0
ignorant_avoider,14.6,0.053,2,0,0,1.4,speeding_up,0,0,0.0,2,5,impulsive,0.014,0.0,0.0,0.0,0.0
ignorant_avoider,9.6,0.106,5,0,0,1.2,speeding_up,0,0,0.0,3,4,impulsive,0.108,0.0,0.0,0.0,0.0
ignorant_avoider,11.8,0.135,4,0,0,0.9,speeding_up,0,0,0.0,2,5,impulsive,0.265,0.0,0.0,0.0,0.0
ignorant_avoider,7.6,0.218,6,0,0,0.6,speeding_up,0,0,0.0,3,4,impulsive,0.123,0.0,0.0,0.0,0.0
ignorant_avoider,8.9,0.188,7,0,0,1.8,speeding_up,0,0,0.0,4,3,impulsive,0.16,0.0,0.0,0.0,0.0
ignorant_avoider,8.4,0.115,2,0,0,1.1,speeding_up,0,0,0.0,2,5,impulsive,0.12,0.0,0.0,0.0,0.0
ignorant_avoider,16.1,0.151,4,0,0,1.3,speeding_up,0,0,0.0,2,5,impulsive,0.037,0.0,0.0,0.0,0.0
ignorant_avoider,11.6,0.134,7,0,0,0.7,speeding_up,0,0,0.0,2,5,impulsive,0.071,0.0,0.0,0.0,0.0
ignorant_avoider,13.0,0.212,4,0,0,0.8,speeding_up,0,0,0.0,3,4,impulsive,0.051,0.0,0.0,0.0,0.0
ignorant_avoider,9.1,0.186,6,0,0,0.6,speeding_up,0,0,0.0,2,5,impulsive,0.039,0.0,0.0,0.0,0.0
ignorant_avoider,8.8,0.199,4,0,0,1.0,speeding_up,0,0,0.0,4,3,impulsive,0.074,0.0,0.0,0.0,0.0
ignorant_avoider,10.9,0.084,7,0,0,1.1,speeding_up,0,0,0.0,4,3,impulsive,0.093,0.0,0.0,0.0,0.0
ignorant_avoider,15.0,0.133,7,0,0,1.0,speeding_up,0,0,0.0,2,5,impulsive,0.105,0.0,0.0,0.0,0.0
ignorant_avoider,13.8,0.204,6,0,0,1.4,speeding_up,0,0,0.0,4,3,impulsive,0.153,0.0,0.0,0.0,0.0
ignorant_avoider,10.8,0.154,6,0,0,1.3,speeding_up,1,0,0.0,4,3,impulsive,0.019,0.0,0.0,0.0,0.0
ignorant_avoider,12.0,0.164,3,0,0,1.1,speeding_up,0,0,0.0,4,3,impulsive,0.191,0.0,0.0,0.0,0.0
ignorant_avoider,12.3,0.11,4,0,0,0.9,speeding_up,0,0,0.0,3,4,impulsive,0.054,0.0,0.0,0.0,0.0
ignorant_avoider,9.4,0.095,6,0,0,0.8,speeding_up,0,0,0.0,3,4,impulsive,0.017,0.0,0.0,0.0,0.0
ignorant_avoider,14.7,0.123,5,0,0,1.7,speeding_up,0,0,0.0,3,4,impulsive,0.282,0.0,0.0,0.0,0.0
ignorant_avoider,17.6,0.172,5,0,0,0.8,speeding_up,0,0,0.0,4,3,impulsive,0.035,0.0,0.0,0.0,0.0
ignorant_avoider,14.1,0.104,2,0,0,1.2,speeding_up,0,0,0.0,4,3,impulsive,0.06,0.0,0.0,0.0,0.0
ignorant_avoider,19.0,0.172,4,0,0,1.1,speeding_up,0,0,0.0,2,5,impulsive,0.111,0.0,0.0,0.0,0.0
